class_name,kind,dataset_id,item_key,review_verdict,answer,class_box_count,label_count,source_image_path,annotation_path,updated_at,reviewed_at,negative_reason
fire,negative,loop:finetune_v2,images/test/event_feedback_000539_smoke_782753e067c63d47.jpg,negative,NO,0,0,/home/admin1/jgzj/.runtime/yolo_loop/datasets/finetune_v2/images/test/event_feedback_000539_smoke_782753e067c63d47.jpg,.runtime/yolo_label_review/manual_annotations_v1/c6/c6825395693ce915597e36a2fe44d587eec4bdf117f9ca7c1c8560aea36fc67c.json,2026-07-24T08:37:25.333Z,2026-07-24T08:37:25.333Z,manual_negative
fire,negative,loop:finetune_v2,images/test/event_feedback_000602_smoke_949958e072be12dd.jpg,negative,NO,0,0,/home/admin1/jgzj/.runtime/yolo_loop/datasets/finetune_v2/images/test/event_feedback_000602_smoke_949958e072be12dd.jpg,.runtime/yolo_label_review/manual_annotations_v1/a7/a7ad6b307f216a8ae77701b5e2043896d9468ff5c4e73bcf021da8eb986398bb.json,2026-07-24T08:38:27.821Z,2026-07-24T08:38:27.821Z,manual_negative
fire,negative,loop:finetune_v2,images/test/event_feedback_001411_smoke_a1692b1b0c7f9a92.jpg,pass,YES,0,1,/home/admin1/jgzj/.runtime/yolo_loop/datasets/finetune_v2/images/test/event_feedback_001411_smoke_a1692b1b0c7f9a92.jpg,.runtime/yolo_label_review/manual_annotations_v1/7e/7ea4e13565d45d737f79e80f2d60b970ed9e7af43c7ab78dd7450746a1049052.json,2026-07-24T08:40:26.587Z,2026-07-24T08:40:26.587Z,pass_other_class_or_empty
fire,negative,loop:finetune_v2,images/test/event_feedback_001413_smoke_a1692b1b0c7f9a92.jpg,pass,YES,0,1,/home/admin1/jgzj/.runtime/yolo_loop/datasets/finetune_v2/images/test/event_feedback_001413_smoke_a1692b1b0c7f9a92.jpg,.runtime/yolo_label_review/manual_annotations_v1/8a/8add6a28bc521d5bdcfdf4d5d980024b50478464b336b1885cce617cb2233814.json,2026-07-24T08:40:35.637Z,2026-07-24T08:40:35.637Z,pass_other_class_or_empty
fire,negative,loop:finetune_v2,images/test/event_feedback_005653_smoke_184e873fae1c4c65.jpg,negative,NO,0,0,/home/admin1/jgzj/.runtime/yolo_loop/datasets/finetune_v2/images/test/event_feedback_005653_smoke_184e873fae1c4c65.jpg,.runtime/yolo_label_review/manual_annotations_v1/db/dbc710756c8a2b61e704060c4cddb3b568d15a437cb1a29a33fa1f42aca0d643.json,2026-07-24T08:41:29.743Z,2026-07-24T08:41:29.743Z,manual_negative
fire,negative,loop:finetune_v2,images/test/event_feedback_011825_smoke_562637396cd4762a.jpg,pass,YES,0,1,/home/admin1/jgzj/.runtime/yolo_loop/datasets/finetune_v2/images/test/event_feedback_011825_smoke_562637396cd4762a.jpg,.runtime/yolo_label_review/manual_annotations_v1/08/088e77a1eb5bbe7668fcc79948e2bc3da26d773ef15c65651800606a866d812d.json,2026-07-24T08:50:45.299Z,2026-07-24T08:50:45.299Z,pass_other_class_or_empty
fire,negative,loop:finetune_v2,images/test/event_feedback_013929_smoke_8df6336bff1a9225.jpg,pass,YES,0,1,/home/admin1/jgzj/.runtime/yolo_loop/datasets/finetune_v2/images/test/event_feedback_013929_smoke_8df6336bff1a9225.jpg,.runtime/yolo_label_review/manual_annotations_v1/4b/4b896c601d22a3630277b8282612c536916b02ed73295a4f8569be78de311f86.json,2026-07-24T09:00:50.205Z,2026-07-24T09:00:50.205Z,pass_other_class_or_empty
fire,negative,loop:finetune_v2,images/test/event_feedback_013933_smoke_255f229c09deff1f.jpg,pass,YES,0,1,/home/admin1/jgzj/.runtime/yolo_loop/datasets/finetune_v2/images/test/event_feedback_013933_smoke_255f229c09deff1f.jpg,.runtime/yolo_label_review/manual_annotations_v1/be/be59b8b433edee70ea40e3545d3ebfacc3b9957bb2bcd217313f58d8dc1393f3.json,2026-07-24T09:01:13.978Z,2026-07-24T09:01:13.978Z,pass_other_class_or_empty
fire,negative,loop:finetune_v2,images/test/event_feedback_016158_smoke_ca04bf94be38688e.jpg,negative,NO,0,0,/home/admin1/jgzj/.runtime/yolo_loop/datasets/finetune_v2/images/test/event_feedback_016158_smoke_ca04bf94be38688e.jpg,.runtime/yolo_label_review/manual_annotations_v1/97/97dfc044f85ba5cf3f94eb87847b6e7675bfbdf179947f3487ee530903bb1b6d.json,2026-07-24T09:03:40.051Z,2026-07-24T09:03:40.051Z,manual_negative
fire,negative,loop:finetune_v2,images/test/event_feedback_016688_smoke_da52c43c57220e8d.jpg,negative,NO,0,0,/home/admin1/jgzj/.runtime/yolo_loop/datasets/finetune_v2/images/test/event_feedback_016688_smoke_da52c43c57220e8d.jpg,.runtime/yolo_label_review/manual_annotations_v1/3d/3d912af7a779d27882eea6726161098046bea9869026782dac479c53986259f7.json,2026-07-24T09:04:17.065Z,2026-07-24T09:04:17.065Z,manual_negative
fire,negative,loop:finetune_v2,images/test/event_feedback_016932_smoke_70acacf05c747304.jpg,negative,NO,0,0,/home/admin1/jgzj/.runtime/yolo_loop/datasets/finetune_v2/images/test/event_feedback_016932_smoke_70acacf05c747304.jpg,.runtime/yolo_label_review/manual_annotations_v1/aa/aacff2d3e5ef3928ce13e082bb7f5d3420542e09eefcca437d2f4b82ab80a9e4.json,2026-07-24T09:05:08.473Z,2026-07-24T09:05:08.473Z,manual_negative
fire,negative,loop:finetune_v2,images/test/event_feedback_022785_smoke_77b4047006eabdfb.jpg,pass,YES,0,1,/home/admin1/jgzj/.runtime/yolo_loop/datasets/finetune_v2/images/test/event_feedback_022785_smoke_77b4047006eabdfb.jpg,.runtime/yolo_label_review/manual_annotations_v1/0e/0e5fd2a4eea5238678c5e30e3ecdd8340cadde5fe496c8b92631d215e9f4c40a.json,2026-07-24T09:06:34.558Z,2026-07-24T09:06:34.558Z,pass_other_class_or_empty
fire,negative,loop:finetune_v2,images/test/event_feedback_022993_smoke_760a768d445b43f8.jpg,pass,YES,0,1,/home/admin1/jgzj/.runtime/yolo_loop/datasets/finetune_v2/images/test/event_feedback_022993_smoke_760a768d445b43f8.jpg,.runtime/yolo_label_review/manual_annotations_v1/a4/a4026e87e9ec8350ac8dee144a3939a9cb4a9bd9b6a4b9ee4340f7c89c23cab6.json,2026-07-24T09:08:38.085Z,2026-07-24T09:08:38.085Z,pass_other_class_or_empty
fire,negative,loop:finetune_v2,images/test/event_feedback_023087_smoke_89ff055544d70232.jpg,pass,YES,0,1,/home/admin1/jgzj/.runtime/yolo_loop/datasets/finetune_v2/images/test/event_feedback_023087_smoke_89ff055544d70232.jpg,.runtime/yolo_label_review/manual_annotations_v1/2b/2bd8b4b908e0553954331bc06d768fdef590e723c4175903e9f1f7a00cbfa88a.json,2026-07-24T09:09:39.068Z,2026-07-24T09:09:39.068Z,pass_other_class_or_empty
fire,negative,loop:finetune_v2,images/test/event_feedback_023297_smoke_25785e26c66b514c.jpg,pass,YES,0,1,/home/admin1/jgzj/.runtime/yolo_loop/datasets/finetune_v2/images/test/event_feedback_023297_smoke_25785e26c66b514c.jpg,.runtime/yolo_label_review/manual_annotations_v1/8e/8e261bfe72d10c3f0863a5319df874b6f90edbc85a062b97bd47ae765cbf0f56.json,2026-07-24T09:13:23.417Z,2026-07-24T09:13:23.417Z,pass_other_class_or_empty
fire,negative,loop:finetune_v2,images/test/event_feedback_023298_smoke_e893e4bc73f782db.jpg,pass,YES,0,1,/home/admin1/jgzj/.runtime/yolo_loop/datasets/finetune_v2/images/test/event_feedback_023298_smoke_e893e4bc73f782db.jpg,.runtime/yolo_label_review/manual_annotations_v1/7c/7cefe092d6424fffca8e21dff53b9072400501501bdbd300ae3fc4e345ba61c5.json,2026-07-24T09:13:32.154Z,2026-07-24T09:13:32.154Z,pass_other_class_or_empty
fire,negative,loop:finetune_v2,images/train/event_feedback_000454_smoke_cbd713e7aa232346.jpg,negative,NO,0,0,/home/admin1/jgzj/.runtime/yolo_loop/datasets/finetune_v2/images/train/event_feedback_000454_smoke_cbd713e7aa232346.jpg,.runtime/yolo_label_review/manual_annotations_v1/6d/6db81c20d81f356df83833f1635ef1afd53cb49bdac88bab9696e2ad1c423038.json,2026-07-24T08:37:17.247Z,2026-07-24T08:37:17.247Z,manual_negative
fire,negative,loop:finetune_v2,images/train/event_feedback_000592_smoke_42c13dbff045f809.jpg,negative,NO,0,0,/home/admin1/jgzj/.runtime/yolo_loop/datasets/finetune_v2/images/train/event_feedback_000592_smoke_42c13dbff045f809.jpg,.runtime/yolo_label_review/manual_annotations_v1/52/52d9d04c0e1dde7f24a8f57a34accd6ab2b73e56b122119316b086e5d3c00d0d.json,2026-07-24T08:37:38.104Z,2026-07-24T08:37:38.104Z,manual_negative
fire,negative,loop:finetune_v2,images/train/event_feedback_000593_smoke_fb7d7177701785eb.jpg,negative,NO,0,0,/home/admin1/jgzj/.runtime/yolo_loop/datasets/finetune_v2/images/train/event_feedback_000593_smoke_fb7d7177701785eb.jpg,.runtime/yolo_label_review/manual_annotations_v1/29/2984ab6116838f5e3fb012f51e5037d2f7cbd7ea538dac69c636b3a21c32d9b6.json,2026-07-24T08:37:46.505Z,2026-07-24T08:37:46.505Z,manual_negative
fire,negative,loop:finetune_v2,images/train/event_feedback_000594_smoke_2d81289874520bb1.jpg,negative,NO,0,0,/home/admin1/jgzj/.runtime/yolo_loop/datasets/finetune_v2/images/train/event_feedback_000594_smoke_2d81289874520bb1.jpg,.runtime/yolo_label_review/manual_annotations_v1/f1/f1e743818ad9a2ae9118e32736fbe079e87e31616e7115ff6a397490a872e5d5.json,2026-07-24T08:37:55.389Z,2026-07-24T08:37:55.389Z,manual_negative
fire,negative,loop:finetune_v2,images/train/event_feedback_000596_smoke_1bf14e47820e713b.jpg,negative,NO,0,0,/home/admin1/jgzj/.runtime/yolo_loop/datasets/finetune_v2/images/train/event_feedback_000596_smoke_1bf14e47820e713b.jpg,.runtime/yolo_label_review/manual_annotations_v1/01/01b693ba99101f5617547ddd1068d0b1e0b95eb2ff362a205381d873154b347a.json,2026-07-24T08:38:05.270Z,2026-07-24T08:38:05.270Z,manual_negative
fire,negative,loop:finetune_v2,images/train/event_feedback_000601_smoke_0dbdb717a1bc5b9b.jpg,negative,NO,0,0,/home/admin1/jgzj/.runtime/yolo_loop/datasets/finetune_v2/images/train/event_feedback_000601_smoke_0dbdb717a1bc5b9b.jpg,.runtime/yolo_label_review/manual_annotations_v1/60/604033b376d846c46652e7a9f7d311d8b02a08062588c2e1bd92f81cdeb7cce7.json,2026-07-24T08:38:14.430Z,2026-07-24T08:38:14.430Z,manual_negative
fire,negative,loop:finetune_v2,images/train/event_feedback_000603_smoke_a28ece375d95fecd.jpg,negative,NO,0,0,/home/admin1/jgzj/.runtime/yolo_loop/datasets/finetune_v2/images/train/event_feedback_000603_smoke_a28ece375d95fecd.jpg,.runtime/yolo_label_review/manual_annotations_v1/12/1266f1a7f2345bcefde3f9b270fe8ac7c88da631df43e720b75e41ea7099fa75.json,2026-07-24T08:38:37.331Z,2026-07-24T08:38:37.331Z,manual_negative
fire,negative,loop:finetune_v2,images/train/event_feedback_000604_smoke_7a91a379e5f9f8e7.jpg,negative,NO,0,0,/home/admin1/jgzj/.runtime/yolo_loop/datasets/finetune_v2/images/train/event_feedback_000604_smoke_7a91a379e5f9f8e7.jpg,.runtime/yolo_label_review/manual_annotations_v1/c8/c865703d99c429519f2e518b8d00a8be1d4d27439d68ecf2f5f811f11c7e0030.json,2026-07-24T08:38:46.659Z,2026-07-24T08:38:46.659Z,manual_negative
fire,negative,loop:finetune_v2,images/train/event_feedback_000605_smoke_a483c9765a2c1741.jpg,negative,NO,0,0,/home/admin1/jgzj/.runtime/yolo_loop/datasets/finetune_v2/images/train/event_feedback_000605_smoke_a483c9765a2c1741.jpg,.runtime/yolo_label_review/manual_annotations_v1/c4/c426afa6b053475b05ff4fdaac9295a5d5cc6e6b5d4d9eab3811a854bfe5fc64.json,2026-07-24T08:38:57.960Z,2026-07-24T08:38:57.960Z,manual_negative
fire,negative,loop:finetune_v2,images/train/event_feedback_000606_smoke_7a3306e841b9c8cc.jpg,negative,NO,0,0,/home/admin1/jgzj/.runtime/yolo_loop/datasets/finetune_v2/images/train/event_feedback_000606_smoke_7a3306e841b9c8cc.jpg,.runtime/yolo_label_review/manual_annotations_v1/61/61ff6730ef3038ca474afea009e20562b1fbd2afbee05487a272c87e67ea325d.json,2026-07-24T08:39:06.756Z,2026-07-24T08:39:06.756Z,manual_negative
fire,negative,loop:finetune_v2,images/train/event_feedback_000610_smoke_bd35c6643cf58d8d.jpg,negative,NO,0,0,/home/admin1/jgzj/.runtime/yolo_loop/datasets/finetune_v2/images/train/event_feedback_000610_smoke_bd35c6643cf58d8d.jpg,.runtime/yolo_label_review/manual_annotations_v1/23/23fa81d05df7d1d33cbb96488d33cc5050f120c05be6b5ee6e046248770ce647.json,2026-07-24T08:39:16.736Z,2026-07-24T08:39:16.736Z,manual_negative
fire,negative,loop:finetune_v2,images/train/event_feedback_000612_smoke_629cdf964f515257.jpg,negative,NO,0,0,/home/admin1/jgzj/.runtime/yolo_loop/datasets/finetune_v2/images/train/event_feedback_000612_smoke_629cdf964f515257.jpg,.runtime/yolo_label_review/manual_annotations_v1/ca/ca2a15d0827b53084c53c68d58a2349347f860409f37169e6e4b8b483e53aa28.json,2026-07-24T08:39:26.398Z,2026-07-24T08:39:26.398Z,manual_negative
fire,negative,loop:finetune_v2,images/train/event_feedback_000613_smoke_28a57236c3c864b7.jpg,negative,NO,0,0,/home/admin1/jgzj/.runtime/yolo_loop/datasets/finetune_v2/images/train/event_feedback_000613_smoke_28a57236c3c864b7.jpg,.runtime/yolo_label_review/manual_annotations_v1/4b/4bf97a8868088fed3280d0158e55e1551e9c2f3f93d602cca3969fe68bea28e3.json,2026-07-24T08:39:36.294Z,2026-07-24T08:39:36.294Z,manual_negative
fire,negative,loop:finetune_v2,images/train/event_feedback_000614_smoke_88a3684b6824fca0.jpg,negative,NO,0,0,/home/admin1/jgzj/.runtime/yolo_loop/datasets/finetune_v2/images/train/event_feedback_000614_smoke_88a3684b6824fca0.jpg,.runtime/yolo_label_review/manual_annotations_v1/7c/7c723789d9b14aea69b2f8a100896fe96e1e46402b610361084bec514a794dca.json,2026-07-24T08:39:47.634Z,2026-07-24T08:39:47.634Z,manual_negative
fire,negative,loop:finetune_v2,images/train/event_feedback_000616_smoke_061989cf414af1a9.jpg,negative,NO,0,0,/home/admin1/jgzj/.runtime/yolo_loop/datasets/finetune_v2/images/train/event_feedback_000616_smoke_061989cf414af1a9.jpg,.runtime/yolo_label_review/manual_annotations_v1/a7/a7c4f3ebea7e74e7c25e355e888cff32763b45082b4686e0b9cbecf78ca8802b.json,2026-07-24T08:39:57.416Z,2026-07-24T08:39:57.416Z,manual_negative
fire,negative,loop:finetune_v2,images/train/event_feedback_001369_smoke_ca54b284edd3767f.jpg,pass,YES,0,1,/home/admin1/jgzj/.runtime/yolo_loop/datasets/finetune_v2/images/train/event_feedback_001369_smoke_ca54b284edd3767f.jpg,.runtime/yolo_label_review/manual_annotations_v1/27/277d9efb5d9a6fa7509e474d56fc43db4e5477bb36900291b6748468407af26b.json,2026-07-24T08:40:08.328Z,2026-07-24T08:40:08.328Z,pass_other_class_or_empty
fire,negative,loop:finetune_v2,images/train/event_feedback_001371_smoke_9d2f4b3c726c9f3d.jpg,pass,YES,0,1,/home/admin1/jgzj/.runtime/yolo_loop/datasets/finetune_v2/images/train/event_feedback_001371_smoke_9d2f4b3c726c9f3d.jpg,.runtime/yolo_label_review/manual_annotations_v1/c7/c7e3454c50aee9299207e34c7ba2c9304849854be5f95a2e86916ecf4d26f850.json,2026-07-24T08:40:17.807Z,2026-07-24T08:40:17.807Z,pass_other_class_or_empty
fire,negative,loop:finetune_v2,images/train/event_feedback_001417_smoke_011754795b580e2f.jpg,pass,YES,0,1,/home/admin1/jgzj/.runtime/yolo_loop/datasets/finetune_v2/images/train/event_feedback_001417_smoke_011754795b580e2f.jpg,.runtime/yolo_label_review/manual_annotations_v1/9c/9cf01bebb9091f66232ecfc502e198ecf6237eea578cbcedeeab309a73d0decd.json,2026-07-24T08:40:44.998Z,2026-07-24T08:40:44.998Z,pass_other_class_or_empty
fire,negative,loop:finetune_v2,images/train/event_feedback_001418_smoke_011754795b580e2f.jpg,pass,YES,0,1,/home/admin1/jgzj/.runtime/yolo_loop/datasets/finetune_v2/images/train/event_feedback_001418_smoke_011754795b580e2f.jpg,.runtime/yolo_label_review/manual_annotations_v1/cb/cb75b590901d5e1be86d38677ae4472cfa0e2ad9b708d9ce99ab6f1ef90b8123.json,2026-07-24T08:40:55.973Z,2026-07-24T08:40:55.973Z,pass_other_class_or_empty
fire,negative,loop:finetune_v2,images/train/event_feedback_002545_smoke_8cce6e930e9f7e56.jpg,pass,YES,0,2,/home/admin1/jgzj/.runtime/yolo_loop/datasets/finetune_v2/images/train/event_feedback_002545_smoke_8cce6e930e9f7e56.jpg,.runtime/yolo_label_review/manual_annotations_v1/e2/e23960cf4f3628c9f3f4e4d7c0248f214f65f1c077855cc0a2884a933d2462a2.json,2026-07-24T08:41:06.207Z,2026-07-24T08:41:06.207Z,pass_other_class_or_empty
fire,negative,loop:finetune_v2,images/train/event_feedback_002904_smoke_abf5bb46dac93b9c.jpg,pass,YES,0,1,/home/admin1/jgzj/.runtime/yolo_loop/datasets/finetune_v2/images/train/event_feedback_002904_smoke_abf5bb46dac93b9c.jpg,.runtime/yolo_label_review/manual_annotations_v1/53/53325b2cfd8c7525619faecfa226443f6dac4b2231e4d7c65c3bb39235662d45.json,2026-07-24T08:41:22.920Z,2026-07-24T08:41:22.920Z,pass_other_class_or_empty
fire,negative,loop:finetune_v2,images/train/event_feedback_005656_smoke_d33df700013f97a5.jpg,negative,NO,0,0,/home/admin1/jgzj/.runtime/yolo_loop/datasets/finetune_v2/images/train/event_feedback_005656_smoke_d33df700013f97a5.jpg,.runtime/yolo_label_review/manual_annotations_v1/3d/3d4364ff263a16787a3f3972aa053390e6dd8f3eac34b41b5b8861d72ca9a87a.json,2026-07-24T08:41:35.819Z,2026-07-24T08:41:35.819Z,manual_negative
fire,negative,loop:finetune_v2,images/train/event_feedback_005753_smoke_0795307953ad5e44.jpg,negative,NO,0,0,/home/admin1/jgzj/.runtime/yolo_loop/datasets/finetune_v2/images/train/event_feedback_005753_smoke_0795307953ad5e44.jpg,.runtime/yolo_label_review/manual_annotations_v1/c2/c2eeed18a0ec27e5cb713c47348dc3221a90f2046d72658c3c47941b53f67365.json,2026-07-24T08:41:44.007Z,2026-07-24T08:41:44.007Z,manual_negative
fire,negative,loop:finetune_v2,images/train/event_feedback_010428_smoke_90980e21fe480bc4.jpg,negative,NO,0,0,/home/admin1/jgzj/.runtime/yolo_loop/datasets/finetune_v2/images/train/event_feedback_010428_smoke_90980e21fe480bc4.jpg,.runtime/yolo_label_review/manual_annotations_v1/ac/ac31c653b123f252f7fe0460734665f21e7858e93555d8fcbb59bd7c7a0846e5.json,2026-07-24T08:41:55.953Z,2026-07-24T08:41:55.953Z,manual_negative
fire,negative,loop:finetune_v2,images/train/event_feedback_010444_fire_0a0b907f19434b37.jpg,negative,NO,0,0,/home/admin1/jgzj/.runtime/yolo_loop/datasets/finetune_v2/images/train/event_feedback_010444_fire_0a0b907f19434b37.jpg,.runtime/yolo_label_review/manual_annotations_v1/34/349fabade30c2cc7188987ec714fbf6fcf03d7adf4988fdfc0f1b0ae9cea13eb.json,2026-07-24T08:42:09.696Z,2026-07-24T08:42:09.696Z,manual_negative
fire,negative,loop:finetune_v2,images/train/event_feedback_011404_smoke_abd4f33686d105ed.jpg,negative,NO,0,0,/home/admin1/jgzj/.runtime/yolo_loop/datasets/finetune_v2/images/train/event_feedback_011404_smoke_abd4f33686d105ed.jpg,.runtime/yolo_label_review/manual_annotations_v1/c8/c8ecc9c9d0bc80ce0574ed7bae7de2521581fc94bf21bf4c81fd3cc2ec9ad7c5.json,2026-07-24T08:42:20.010Z,2026-07-24T08:42:20.010Z,manual_negative
fire,negative,loop:finetune_v2,images/train/event_feedback_011665_smoke_54d333d93c395b9c.jpg,negative,NO,0,0,/home/admin1/jgzj/.runtime/yolo_loop/datasets/finetune_v2/images/train/event_feedback_011665_smoke_54d333d93c395b9c.jpg,.runtime/yolo_label_review/manual_annotations_v1/07/0706866814f994893e2fec8f7c8eaafd92aa09ce5e02ec64201ff4fe9961c610.json,2026-07-24T08:42:30.901Z,2026-07-24T08:42:30.901Z,manual_negative
fire,negative,loop:finetune_v2,images/train/event_feedback_011733_smoke_957d0989fc9bf987.jpg,pass,YES,0,1,/home/admin1/jgzj/.runtime/yolo_loop/datasets/finetune_v2/images/train/event_feedback_011733_smoke_957d0989fc9bf987.jpg,.runtime/yolo_label_review/manual_annotations_v1/2d/2d2c4ccb41c14c8cfe3ec6fa32d77083e1d429b35a0f266bfa0858d676792d88.json,2026-07-24T08:42:40.705Z,2026-07-24T08:42:40.705Z,pass_other_class_or_empty
fire,negative,loop:finetune_v2,images/train/event_feedback_011776_smoke_9e0f68d550926632.jpg,pass,YES,0,2,/home/admin1/jgzj/.runtime/yolo_loop/datasets/finetune_v2/images/train/event_feedback_011776_smoke_9e0f68d550926632.jpg,.runtime/yolo_label_review/manual_annotations_v1/e8/e8d39cb6d7501b6600c5f15bddc66ea1af017c18ba10cb4184bebf64748a8c0c.json,2026-07-24T08:45:45.010Z,2026-07-24T08:45:45.010Z,pass_other_class_or_empty
fire,negative,loop:finetune_v2,images/train/event_feedback_011827_smoke_6c13c7d321f51071.jpg,pass,YES,0,1,/home/admin1/jgzj/.runtime/yolo_loop/datasets/finetune_v2/images/train/event_feedback_011827_smoke_6c13c7d321f51071.jpg,.runtime/yolo_label_review/manual_annotations_v1/92/9297746ef7c75b59f7771f440302b337d83274324b098402a6c13a2e9d4bb97e.json,2026-07-24T08:51:01.758Z,2026-07-24T08:51:01.758Z,pass_other_class_or_empty
fire,negative,loop:finetune_v2,images/train/event_feedback_011830_smoke_5123a1dd844867c8.jpg,pass,YES,0,1,/home/admin1/jgzj/.runtime/yolo_loop/datasets/finetune_v2/images/train/event_feedback_011830_smoke_5123a1dd844867c8.jpg,.runtime/yolo_label_review/manual_annotations_v1/06/063595d922b448c3d35b940de63a9b31655674f4f4f1845194df829e89b51172.json,2026-07-24T08:51:43.591Z,2026-07-24T08:51:43.591Z,pass_other_class_or_empty
fire,negative,loop:finetune_v2,images/train/event_feedback_011832_smoke_4768fce8efa7b93d.jpg,pass,YES,0,1,/home/admin1/jgzj/.runtime/yolo_loop/datasets/finetune_v2/images/train/event_feedback_011832_smoke_4768fce8efa7b93d.jpg,.runtime/yolo_label_review/manual_annotations_v1/ae/ae5b023a1b802f6365daca83d09fd744f7b05e24e96bd60d75314294a76bc9b9.json,2026-07-24T08:51:55.397Z,2026-07-24T08:51:55.397Z,pass_other_class_or_empty
fire,negative,loop:finetune_v2,images/train/event_feedback_011835_smoke_c571e0b11b558ae3.jpg,pass,YES,0,1,/home/admin1/jgzj/.runtime/yolo_loop/datasets/finetune_v2/images/train/event_feedback_011835_smoke_c571e0b11b558ae3.jpg,.runtime/yolo_label_review/manual_annotations_v1/f1/f1af502d0883c633520edc838216281507fdf623c520b0a66c9c16290b78aaf2.json,2026-07-24T08:52:18.711Z,2026-07-24T08:52:18.711Z,pass_other_class_or_empty
fire,negative,loop:finetune_v2,images/train/event_feedback_011913_smoke_383c8ea26bd67aad.jpg,pass,YES,0,1,/home/admin1/jgzj/.runtime/yolo_loop/datasets/finetune_v2/images/train/event_feedback_011913_smoke_383c8ea26bd67aad.jpg,.runtime/yolo_label_review/manual_annotations_v1/79/7963793bc7f0812f2bb5f86bd6829095282582f4f33d71db4c23cfe7f66b2826.json,2026-07-24T08:59:11.623Z,2026-07-24T08:59:11.623Z,pass_other_class_or_empty
fire,negative,loop:finetune_v2,images/train/event_feedback_011914_fire_fcef3ae44b12b716.jpg,pass,YES,0,1,/home/admin1/jgzj/.runtime/yolo_loop/datasets/finetune_v2/images/train/event_feedback_011914_fire_fcef3ae44b12b716.jpg,.runtime/yolo_label_review/manual_annotations_v1/d5/d576372d1efee49bf4d78fc9f24c7683c2cdda8c1120c5d84cc9944db475e923.json,2026-07-24T08:59:23.219Z,2026-07-24T08:59:23.219Z,pass_other_class_or_empty
fire,negative,loop:finetune_v2,images/train/event_feedback_011920_smoke_4efcb19a3c185cee.jpg,pass,YES,0,1,/home/admin1/jgzj/.runtime/yolo_loop/datasets/finetune_v2/images/train/event_feedback_011920_smoke_4efcb19a3c185cee.jpg,.runtime/yolo_label_review/manual_annotations_v1/65/65082ec0fc93fb4f2ba74b24f4bfac682276c3fcaa55d7084f663b785dbdf57f.json,2026-07-24T09:00:16.883Z,2026-07-24T09:00:16.883Z,pass_other_class_or_empty
fire,negative,loop:finetune_v2,images/train/event_feedback_013009_smoke_2a78cd97cb0ae27d.jpg,negative,NO,0,0,/home/admin1/jgzj/.runtime/yolo_loop/datasets/finetune_v2/images/train/event_feedback_013009_smoke_2a78cd97cb0ae27d.jpg,.runtime/yolo_label_review/manual_annotations_v1/0b/0b95607f6ee7dcb2d217d7a5a58e79e35cbb2d7987af17884fbcebea336cf40a.json,2026-07-24T09:00:28.025Z,2026-07-24T09:00:28.025Z,manual_negative
fire,negative,loop:finetune_v2,images/train/event_feedback_013026_smoke_b27fd31105fa2506.jpg,negative,NO,0,0,/home/admin1/jgzj/.runtime/yolo_loop/datasets/finetune_v2/images/train/event_feedback_013026_smoke_b27fd31105fa2506.jpg,.runtime/yolo_label_review/manual_annotations_v1/a5/a525950cc1648cd44217e8b9faa86d1b0ad25543199ff314bdc5207f54efe80c.json,2026-07-24T09:00:39.886Z,2026-07-24T09:00:39.886Z,manual_negative
fire,negative,loop:finetune_v2,images/train/event_feedback_013930_smoke_5ae71f92614967d8.jpg,pass,YES,0,1,/home/admin1/jgzj/.runtime/yolo_loop/datasets/finetune_v2/images/train/event_feedback_013930_smoke_5ae71f92614967d8.jpg,.runtime/yolo_label_review/manual_annotations_v1/db/dbee10d49266957093a9ea7613da07094b2e710977485d885dc4c6d79b1c8c19.json,2026-07-24T09:00:59.476Z,2026-07-24T09:00:59.476Z,pass_other_class_or_empty
fire,negative,loop:finetune_v2,images/train/event_feedback_014793_smoke_46beca76124e807e.jpg,negative,NO,0,0,/home/admin1/jgzj/.runtime/yolo_loop/datasets/finetune_v2/images/train/event_feedback_014793_smoke_46beca76124e807e.jpg,.runtime/yolo_label_review/manual_annotations_v1/47/47c95b7d29071aa8bf4bc00c8161ae80c2f106035693af65933ad4dab1bde071.json,2026-07-24T09:01:21.054Z,2026-07-24T09:01:21.054Z,manual_negative
fire,negative,loop:finetune_v2,images/train/event_feedback_014794_smoke_12e82a568aa4a64c.jpg,negative,NO,0,0,/home/admin1/jgzj/.runtime/yolo_loop/datasets/finetune_v2/images/train/event_feedback_014794_smoke_12e82a568aa4a64c.jpg,.runtime/yolo_label_review/manual_annotations_v1/76/7641ea74039682b552ab99eaf6e0fbeb90b2dd8b97f1fbd03afc3d8388558228.json,2026-07-24T09:02:48.600Z,2026-07-24T09:02:48.600Z,manual_negative
fire,negative,loop:finetune_v2,images/train/event_feedback_014795_smoke_06eaeb0e108fa013.jpg,negative,NO,0,0,/home/admin1/jgzj/.runtime/yolo_loop/datasets/finetune_v2/images/train/event_feedback_014795_smoke_06eaeb0e108fa013.jpg,.runtime/yolo_label_review/manual_annotations_v1/9d/9dab4f96ae6b05b94a2b78ef7ff315b2f8930a49e6ac4fb37f18c147080cd753.json,2026-07-24T09:02:56.762Z,2026-07-24T09:02:56.762Z,manual_negative
fire,negative,loop:finetune_v2,images/train/event_feedback_015669_smoke_d28d5f611d9b5975.jpg,negative,NO,0,0,/home/admin1/jgzj/.runtime/yolo_loop/datasets/finetune_v2/images/train/event_feedback_015669_smoke_d28d5f611d9b5975.jpg,.runtime/yolo_label_review/manual_annotations_v1/4c/4cfd4c4c0507b3a5a118b08537e066a607df0e741df09fec830859dfb2c43338.json,2026-07-24T09:03:02.955Z,2026-07-24T09:03:02.955Z,manual_negative
fire,negative,loop:finetune_v2,images/train/event_feedback_015670_smoke_34ca6df67275e431.jpg,negative,NO,0,0,/home/admin1/jgzj/.runtime/yolo_loop/datasets/finetune_v2/images/train/event_feedback_015670_smoke_34ca6df67275e431.jpg,.runtime/yolo_label_review/manual_annotations_v1/2f/2f0ae5f5fa2111b5ec7a970e43ce5007486b2ecc1253add945114dac9717f360.json,2026-07-24T09:03:11.587Z,2026-07-24T09:03:11.587Z,manual_negative
fire,negative,loop:finetune_v2,images/train/event_feedback_015675_smoke_fe14a79b341bcdf9.jpg,negative,NO,0,0,/home/admin1/jgzj/.runtime/yolo_loop/datasets/finetune_v2/images/train/event_feedback_015675_smoke_fe14a79b341bcdf9.jpg,.runtime/yolo_label_review/manual_annotations_v1/3e/3e12dbd1a4655982f2661cca1dc092d3b55c2fe0bdc171985bcaffb39fef0fc0.json,2026-07-24T09:03:20.517Z,2026-07-24T09:03:20.517Z,manual_negative
fire,negative,loop:finetune_v2,images/train/event_feedback_015684_smoke_1c76cca97dbe641d.jpg,negative,NO,0,0,/home/admin1/jgzj/.runtime/yolo_loop/datasets/finetune_v2/images/train/event_feedback_015684_smoke_1c76cca97dbe641d.jpg,.runtime/yolo_label_review/manual_annotations_v1/76/76848583df737b9ff1ae1817d2c6e71d910659ce64aee09bd97fd5a66483ac1e.json,2026-07-24T09:03:28.885Z,2026-07-24T09:03:28.885Z,manual_negative
fire,negative,loop:finetune_v2,images/train/event_feedback_016571_smoke_a0e7670b1f6bf7c3.jpg,negative,NO,0,0,/home/admin1/jgzj/.runtime/yolo_loop/datasets/finetune_v2/images/train/event_feedback_016571_smoke_a0e7670b1f6bf7c3.jpg,.runtime/yolo_label_review/manual_annotations_v1/af/afc77ad988e48408362cd5672de8433532f4e2153907a21583267051d918edc4.json,2026-07-24T09:03:47.286Z,2026-07-24T09:03:47.286Z,manual_negative
fire,negative,loop:finetune_v2,images/train/event_feedback_016689_smoke_047d4335563b9a77.jpg,negative,NO,0,0,/home/admin1/jgzj/.runtime/yolo_loop/datasets/finetune_v2/images/train/event_feedback_016689_smoke_047d4335563b9a77.jpg,.runtime/yolo_label_review/manual_annotations_v1/3e/3ea5cf611d020e71dfdebce9a3cb1b914b2dd7ea20d09d471af23d55ad5f4642.json,2026-07-24T09:04:25.931Z,2026-07-24T09:04:25.931Z,manual_negative
fire,negative,loop:finetune_v2,images/train/event_feedback_016691_smoke_7e6a9d381a9de32d.jpg,negative,NO,0,0,/home/admin1/jgzj/.runtime/yolo_loop/datasets/finetune_v2/images/train/event_feedback_016691_smoke_7e6a9d381a9de32d.jpg,.runtime/yolo_label_review/manual_annotations_v1/81/81b8e38e42dbfa1b4b3440a2ff89edf28510faf9a8a5dd9dea81e43f2875f5d9.json,2026-07-24T09:04:35.950Z,2026-07-24T09:04:35.950Z,manual_negative
fire,negative,loop:finetune_v2,images/train/event_feedback_016780_smoke_bb64129ce8d3ee06.jpg,negative,NO,0,0,/home/admin1/jgzj/.runtime/yolo_loop/datasets/finetune_v2/images/train/event_feedback_016780_smoke_bb64129ce8d3ee06.jpg,.runtime/yolo_label_review/manual_annotations_v1/83/831e49742a9927f88fc946ca1d47494f0c03a6d9689a57d5da52c2b876ee405d.json,2026-07-24T09:04:45.282Z,2026-07-24T09:04:45.282Z,manual_negative
fire,negative,loop:finetune_v2,images/train/event_feedback_016930_smoke_4978279a17ffbdb7.jpg,negative,NO,0,0,/home/admin1/jgzj/.runtime/yolo_loop/datasets/finetune_v2/images/train/event_feedback_016930_smoke_4978279a17ffbdb7.jpg,.runtime/yolo_label_review/manual_annotations_v1/26/264890ccd84c059a1f18f486f1c7b9d5a9b1b0136cb97f3ad135ac9d741c0afb.json,2026-07-24T09:04:59.204Z,2026-07-24T09:04:59.204Z,manual_negative
fire,negative,loop:finetune_v2,images/train/event_feedback_016933_smoke_12503e808a2ae611.jpg,negative,NO,0,0,/home/admin1/jgzj/.runtime/yolo_loop/datasets/finetune_v2/images/train/event_feedback_016933_smoke_12503e808a2ae611.jpg,.runtime/yolo_label_review/manual_annotations_v1/8f/8ff9b31a21437966385211a742054758ab437bc8648911509ef708207f438d4c.json,2026-07-24T09:05:18.940Z,2026-07-24T09:05:18.940Z,manual_negative
fire,negative,loop:finetune_v2,images/train/event_feedback_016934_smoke_fb8f89aa5c33b4fa.jpg,negative,NO,0,0,/home/admin1/jgzj/.runtime/yolo_loop/datasets/finetune_v2/images/train/event_feedback_016934_smoke_fb8f89aa5c33b4fa.jpg,.runtime/yolo_label_review/manual_annotations_v1/f2/f2374505a30c04f588a71c214b873a7755ffe9467435e29a8537692c293ecee7.json,2026-07-24T09:05:29.204Z,2026-07-24T09:05:29.204Z,manual_negative
fire,negative,loop:finetune_v2,images/train/event_feedback_016935_smoke_c294ceea8407d739.jpg,negative,NO,0,0,/home/admin1/jgzj/.runtime/yolo_loop/datasets/finetune_v2/images/train/event_feedback_016935_smoke_c294ceea8407d739.jpg,.runtime/yolo_label_review/manual_annotations_v1/3b/3bac1a954a1722efc784b2fef213b8163e4b3059330c0b46f9eeaa3dd821410f.json,2026-07-24T09:05:38.970Z,2026-07-24T09:05:38.970Z,manual_negative
fire,negative,loop:finetune_v2,images/train/event_feedback_017402_smoke_c6f23db7b638751f.jpg,negative,NO,0,0,/home/admin1/jgzj/.runtime/yolo_loop/datasets/finetune_v2/images/train/event_feedback_017402_smoke_c6f23db7b638751f.jpg,.runtime/yolo_label_review/manual_annotations_v1/b4/b456ed4e02e39ae1b08ac6a7ef737281714cd93ad2f371c6f59619a2f7dd7468.json,2026-07-24T09:05:49.155Z,2026-07-24T09:05:49.155Z,manual_negative
fire,negative,loop:finetune_v2,images/train/event_feedback_017460_smoke_2c10a03569c5ac44.jpg,negative,NO,0,0,/home/admin1/jgzj/.runtime/yolo_loop/datasets/finetune_v2/images/train/event_feedback_017460_smoke_2c10a03569c5ac44.jpg,.runtime/yolo_label_review/manual_annotations_v1/21/21a872d8073d7516e3d428c946061cf16be204a369eddbf612daed6c6e9942a5.json,2026-07-24T09:05:59.913Z,2026-07-24T09:05:59.913Z,manual_negative
fire,negative,loop:finetune_v2,images/train/event_feedback_021716_smoke_549cb46b0fb2dd76.jpg,pass,YES,0,1,/home/admin1/jgzj/.runtime/yolo_loop/datasets/finetune_v2/images/train/event_feedback_021716_smoke_549cb46b0fb2dd76.jpg,.runtime/yolo_label_review/manual_annotations_v1/24/24ba8cb641fa690538c65493a43fa85ad20e97ee0a5434e15a722369390d4b2a.json,2026-07-24T09:06:11.845Z,2026-07-24T09:06:11.845Z,pass_other_class_or_empty
fire,negative,loop:finetune_v2,images/train/event_feedback_022704_smoke_0ade17f6182ac8a0.jpg,pass,YES,0,1,/home/admin1/jgzj/.runtime/yolo_loop/datasets/finetune_v2/images/train/event_feedback_022704_smoke_0ade17f6182ac8a0.jpg,.runtime/yolo_label_review/manual_annotations_v1/5f/5fa3bcdd01d35ffa15afd7ad727673d1613da16da0b6e06a44f05440843363e0.json,2026-07-24T09:06:30.058Z,2026-07-24T09:06:30.058Z,pass_other_class_or_empty
fire,negative,loop:finetune_v2,images/train/event_feedback_022787_smoke_4c20d94284057411.jpg,pass,YES,0,1,/home/admin1/jgzj/.runtime/yolo_loop/datasets/finetune_v2/images/train/event_feedback_022787_smoke_4c20d94284057411.jpg,.runtime/yolo_label_review/manual_annotations_v1/fe/fe71b5769ddcb780f8f4c3bb84e932ba8b7d05fbe85d74d3febff7d4e05e02c4.json,2026-07-24T09:06:39.030Z,2026-07-24T09:06:39.030Z,pass_other_class_or_empty
fire,negative,loop:finetune_v2,images/train/event_feedback_022846_smoke_99cc967c53f1c1dd.jpg,pass,YES,0,1,/home/admin1/jgzj/.runtime/yolo_loop/datasets/finetune_v2/images/train/event_feedback_022846_smoke_99cc967c53f1c1dd.jpg,.runtime/yolo_label_review/manual_annotations_v1/89/8965c722df6fe0d712a905f6443e1358dd777f422486c429b780c179da71e20d.json,2026-07-24T09:06:43.891Z,2026-07-24T09:06:43.891Z,pass_other_class_or_empty
fire,negative,loop:finetune_v2,images/train/event_feedback_022896_smoke_ac825d6ba839555c.jpg,negative,NO,0,0,/home/admin1/jgzj/.runtime/yolo_loop/datasets/finetune_v2/images/train/event_feedback_022896_smoke_ac825d6ba839555c.jpg,.runtime/yolo_label_review/manual_annotations_v1/47/47d839101d5944d1b424c7fc8fc3399627c6c68dab5d1a7753a8c6493a63bf56.json,2026-07-24T09:06:49.534Z,2026-07-24T09:06:49.534Z,manual_negative
fire,negative,loop:finetune_v2,images/train/event_feedback_022914_smoke_136cdf2e44a4f71b.jpg,pass,YES,0,1,/home/admin1/jgzj/.runtime/yolo_loop/datasets/finetune_v2/images/train/event_feedback_022914_smoke_136cdf2e44a4f71b.jpg,.runtime/yolo_label_review/manual_annotations_v1/8d/8df8e0ae2a5204ec739e1219e37b352c1c8e9f0018f6871fe9c0d3bf25bf0eb8.json,2026-07-24T09:06:55.554Z,2026-07-24T09:06:55.554Z,pass_other_class_or_empty
fire,negative,loop:finetune_v2,images/train/event_feedback_022918_smoke_691624e13f7c3fb9.jpg,pass,YES,0,1,/home/admin1/jgzj/.runtime/yolo_loop/datasets/finetune_v2/images/train/event_feedback_022918_smoke_691624e13f7c3fb9.jpg,.runtime/yolo_label_review/manual_annotations_v1/b4/b4199a735a1f4c2c7d06fa72c5de90b1740c005633b69f4e4c66f5bff7dd7dfc.json,2026-07-24T09:07:02.577Z,2026-07-24T09:07:02.577Z,pass_other_class_or_empty
fire,negative,loop:finetune_v2,images/train/event_feedback_022920_smoke_d52fa95f29ab00dc.jpg,pass,YES,0,3,/home/admin1/jgzj/.runtime/yolo_loop/datasets/finetune_v2/images/train/event_feedback_022920_smoke_d52fa95f29ab00dc.jpg,.runtime/yolo_label_review/manual_annotations_v1/f0/f0d2c1f2dedaf5a90fdbf4757f382f7fb4d9a1b930a8d8075e200fd98e13d054.json,2026-07-24T09:07:11.355Z,2026-07-24T09:07:11.355Z,pass_other_class_or_empty
fire,negative,loop:finetune_v2,images/train/event_feedback_022934_smoke_a15be1d1e0b17646.jpg,pass,YES,0,1,/home/admin1/jgzj/.runtime/yolo_loop/datasets/finetune_v2/images/train/event_feedback_022934_smoke_a15be1d1e0b17646.jpg,.runtime/yolo_label_review/manual_annotations_v1/ab/ab0fc2379b980b41b407dbb5e12008249e1d5cdc8fbcaf6a560efff553795d92.json,2026-07-24T09:07:19.484Z,2026-07-24T09:07:19.484Z,pass_other_class_or_empty
fire,negative,loop:finetune_v2,images/train/event_feedback_022955_smoke_a695459852c33763.jpg,negative,NO,0,0,/home/admin1/jgzj/.runtime/yolo_loop/datasets/finetune_v2/images/train/event_feedback_022955_smoke_a695459852c33763.jpg,.runtime/yolo_label_review/manual_annotations_v1/43/430735e5a9af47430fec8808203ef0374fe2f3e5b844946141a8cd75cd1ab023.json,2026-07-24T09:07:29.107Z,2026-07-24T09:07:29.107Z,manual_negative
fire,negative,loop:finetune_v2,images/train/event_feedback_022964_smoke_5022e6147499d1b5.jpg,pass,YES,0,1,/home/admin1/jgzj/.runtime/yolo_loop/datasets/finetune_v2/images/train/event_feedback_022964_smoke_5022e6147499d1b5.jpg,.runtime/yolo_label_review/manual_annotations_v1/30/303ff29c4408159d28523a2914895752c4bd72037c1fae8df3a14217b851c5f9.json,2026-07-24T09:07:46.236Z,2026-07-24T09:07:46.236Z,pass_other_class_or_empty
fire,negative,loop:finetune_v2,images/train/event_feedback_022965_smoke_02ae6c19a96cf032.jpg,pass,YES,0,1,/home/admin1/jgzj/.runtime/yolo_loop/datasets/finetune_v2/images/train/event_feedback_022965_smoke_02ae6c19a96cf032.jpg,.runtime/yolo_label_review/manual_annotations_v1/9d/9d9176354cbbd69a09e3a1c8204b847800ede569ed070b8e3350b266a9555fb2.json,2026-07-24T09:07:56.024Z,2026-07-24T09:07:56.024Z,pass_other_class_or_empty
fire,negative,loop:finetune_v2,images/train/event_feedback_022984_smoke_cb72cf475107981f.jpg,pass,YES,0,1,/home/admin1/jgzj/.runtime/yolo_loop/datasets/finetune_v2/images/train/event_feedback_022984_smoke_cb72cf475107981f.jpg,.runtime/yolo_label_review/manual_annotations_v1/35/351c249fb49ff04b3a27b0cd10f49a2eb212f888da4320a31831ace2e61d55d1.json,2026-07-24T09:08:10.954Z,2026-07-24T09:08:10.954Z,pass_other_class_or_empty
fire,negative,loop:finetune_v2,images/train/event_feedback_022987_smoke_b11cfe4b57e9310e.jpg,pass,YES,0,1,/home/admin1/jgzj/.runtime/yolo_loop/datasets/finetune_v2/images/train/event_feedback_022987_smoke_b11cfe4b57e9310e.jpg,.runtime/yolo_label_review/manual_annotations_v1/41/4165d3f3a41b37d139130aa5c4e78599c79eea842442578b4c0796794a957984.json,2026-07-24T09:08:19.411Z,2026-07-24T09:08:19.411Z,pass_other_class_or_empty
fire,negative,loop:finetune_v2,images/train/event_feedback_023036_smoke_345137921446df3c.jpg,pass,YES,0,1,/home/admin1/jgzj/.runtime/yolo_loop/datasets/finetune_v2/images/train/event_feedback_023036_smoke_345137921446df3c.jpg,.runtime/yolo_label_review/manual_annotations_v1/47/479f104596c6d235733cf9d9caa6e09f95f8e36a5d22be045e293eafc4fa1638.json,2026-07-24T09:08:47.942Z,2026-07-24T09:08:47.942Z,pass_other_class_or_empty
fire,negative,loop:finetune_v2,images/train/event_feedback_023037_smoke_c8f14f1d7ec04e13.jpg,pass,YES,0,1,/home/admin1/jgzj/.runtime/yolo_loop/datasets/finetune_v2/images/train/event_feedback_023037_smoke_c8f14f1d7ec04e13.jpg,.runtime/yolo_label_review/manual_annotations_v1/4e/4e5385aa0947d449b04d8b63017c498fa30b2bd21aef4813b2275c4189ee689d.json,2026-07-24T09:08:56.731Z,2026-07-24T09:08:56.731Z,pass_other_class_or_empty
fire,negative,loop:finetune_v2,images/train/event_feedback_023079_smoke_47991523af9366be.jpg,pass,YES,0,1,/home/admin1/jgzj/.runtime/yolo_loop/datasets/finetune_v2/images/train/event_feedback_023079_smoke_47991523af9366be.jpg,.runtime/yolo_label_review/manual_annotations_v1/af/af18dcf670e7dab4d3bf5ee939d3a07b0b78de19b9157f405263fa8c34e3e370.json,2026-07-24T09:09:18.217Z,2026-07-24T09:09:18.217Z,pass_other_class_or_empty
fire,negative,loop:finetune_v2,images/train/event_feedback_023090_smoke_4f9209b76c2cd8d2.jpg,pass,YES,0,3,/home/admin1/jgzj/.runtime/yolo_loop/datasets/finetune_v2/images/train/event_feedback_023090_smoke_4f9209b76c2cd8d2.jpg,.runtime/yolo_label_review/manual_annotations_v1/6c/6c7cdfff7c246c3ad2fbf45315f8239b0f054ab99223c4d52587566d0032d3c1.json,2026-07-24T09:09:48.543Z,2026-07-24T09:09:48.543Z,pass_other_class_or_empty
fire,negative,loop:finetune_v2,images/train/event_feedback_023091_smoke_8b4540f007cd6345.jpg,pass,YES,0,3,/home/admin1/jgzj/.runtime/yolo_loop/datasets/finetune_v2/images/train/event_feedback_023091_smoke_8b4540f007cd6345.jpg,.runtime/yolo_label_review/manual_annotations_v1/68/68d5935e5fb724ffc063695540574ace806164235217e049755890fb95652cc0.json,2026-07-24T09:09:57.192Z,2026-07-24T09:09:57.192Z,pass_other_class_or_empty
fire,negative,loop:finetune_v2,images/train/event_feedback_023127_smoke_55b6915158221da1.jpg,pass,YES,0,1,/home/admin1/jgzj/.runtime/yolo_loop/datasets/finetune_v2/images/train/event_feedback_023127_smoke_55b6915158221da1.jpg,.runtime/yolo_label_review/manual_annotations_v1/b5/b528b72672c873e6ddb80b7bc0854efd55a02985482c705710d55652ea0537a5.json,2026-07-24T09:11:11.970Z,2026-07-24T09:11:11.970Z,pass_other_class_or_empty
fire,negative,loop:finetune_v2,images/train/event_feedback_023128_smoke_55b6915158221da1.jpg,pass,YES,0,1,/home/admin1/jgzj/.runtime/yolo_loop/datasets/finetune_v2/images/train/event_feedback_023128_smoke_55b6915158221da1.jpg,.runtime/yolo_label_review/manual_annotations_v1/48/48e93647b9959df83c9e26d4748d1c8f31322f01fac1af8d5c30f9ee90e5b7e1.json,2026-07-24T09:11:20.391Z,2026-07-24T09:11:20.391Z,pass_other_class_or_empty
fire,negative,loop:finetune_v2,images/train/event_feedback_023129_smoke_976da831aa0808f2.jpg,pass,YES,0,1,/home/admin1/jgzj/.runtime/yolo_loop/datasets/finetune_v2/images/train/event_feedback_023129_smoke_976da831aa0808f2.jpg,.runtime/yolo_label_review/manual_annotations_v1/f8/f8f01096546ee62813dcbd77c6e547f6ac0cf66a39a7db218c92e95855740801.json,2026-07-24T09:11:29.178Z,2026-07-24T09:11:29.178Z,pass_other_class_or_empty
fire,negative,loop:finetune_v2,images/train/event_feedback_023131_smoke_168ad761d0342930.jpg,pass,YES,0,1,/home/admin1/jgzj/.runtime/yolo_loop/datasets/finetune_v2/images/train/event_feedback_023131_smoke_168ad761d0342930.jpg,.runtime/yolo_label_review/manual_annotations_v1/74/741d719c2a0a473ad19512035a354475a55e4acaa4e9ff5b259cdd6568c573da.json,2026-07-24T09:11:35.855Z,2026-07-24T09:11:35.855Z,pass_other_class_or_empty
fire,negative,loop:finetune_v2,images/train/event_feedback_023132_smoke_51ad490d195e7236.jpg,pass,YES,0,1,/home/admin1/jgzj/.runtime/yolo_loop/datasets/finetune_v2/images/train/event_feedback_023132_smoke_51ad490d195e7236.jpg,.runtime/yolo_label_review/manual_annotations_v1/cc/cc9f7eb20b13a1e18c2d58514e17ff4bbb2519788591e20022423100d2f28122.json,2026-07-24T09:11:39.996Z,2026-07-24T09:11:39.996Z,pass_other_class_or_empty
fire,negative,loop:finetune_v2,images/train/event_feedback_023238_smoke_159180fd8ba82843.jpg,negative,NO,0,0,/home/admin1/jgzj/.runtime/yolo_loop/datasets/finetune_v2/images/train/event_feedback_023238_smoke_159180fd8ba82843.jpg,.runtime/yolo_label_review/manual_annotations_v1/bd/bd46c18b478eca14ccbb14c2cd57cc0c626cea60e1d85dc4732f7bb8613cf5c7.json,2026-07-24T09:11:47.199Z,2026-07-24T09:11:47.199Z,manual_negative
fire,negative,loop:finetune_v2,images/train/event_feedback_023253_smoke_28c8f545f3fe4bf5.jpg,negative,NO,0,0,/home/admin1/jgzj/.runtime/yolo_loop/datasets/finetune_v2/images/train/event_feedback_023253_smoke_28c8f545f3fe4bf5.jpg,.runtime/yolo_label_review/manual_annotations_v1/e2/e292115054875c28652a34b41b4c160f33d0daaff352c7cb51773d0a47a5cb34.json,2026-07-24T09:11:56.169Z,2026-07-24T09:11:56.169Z,manual_negative
fire,negative,loop:finetune_v2,images/train/event_feedback_023279_smoke_c5f984d287aa6791.jpg,negative,NO,0,0,/home/admin1/jgzj/.runtime/yolo_loop/datasets/finetune_v2/images/train/event_feedback_023279_smoke_c5f984d287aa6791.jpg,.runtime/yolo_label_review/manual_annotations_v1/12/12d0916021f14318e16fb7ee09a881f3948bb643de626f1843b8549028dff519.json,2026-07-24T09:12:14.659Z,2026-07-24T09:12:14.659Z,manual_negative
fire,negative,loop:finetune_v2,images/train/event_feedback_023283_smoke_79a51f92def31fc0.jpg,negative,NO,0,0,/home/admin1/jgzj/.runtime/yolo_loop/datasets/finetune_v2/images/train/event_feedback_023283_smoke_79a51f92def31fc0.jpg,.runtime/yolo_label_review/manual_annotations_v1/62/622c27a2b5cc05a97f4cbce04cd6dfb05ae7b2f0434ed8aacd855f9f93ff5faf.json,2026-07-24T09:12:24.115Z,2026-07-24T09:12:24.115Z,manual_negative
fire,negative,loop:finetune_v2,images/train/event_feedback_023286_smoke_2569811c3e89a5a0.jpg,pass,YES,0,1,/home/admin1/jgzj/.runtime/yolo_loop/datasets/finetune_v2/images/train/event_feedback_023286_smoke_2569811c3e89a5a0.jpg,.runtime/yolo_label_review/manual_annotations_v1/87/87a16621fbf6ce83f75c94786e217dd40c34e1582b1eab4926303409c0694370.json,2026-07-24T09:12:33.260Z,2026-07-24T09:12:33.260Z,pass_other_class_or_empty
fire,negative,loop:finetune_v2,images/train/event_feedback_023289_smoke_fe3fd2bbc4c84d10.jpg,pass,YES,0,1,/home/admin1/jgzj/.runtime/yolo_loop/datasets/finetune_v2/images/train/event_feedback_023289_smoke_fe3fd2bbc4c84d10.jpg,.runtime/yolo_label_review/manual_annotations_v1/b7/b7ff7c5053707377d9718b481126d462819d34328ca413673d0fcc60f61895f8.json,2026-07-24T09:12:42.365Z,2026-07-24T09:12:42.365Z,pass_other_class_or_empty
fire,negative,loop:finetune_v2,images/train/event_feedback_023290_smoke_8ee3b47d9eef3a43.jpg,pass,YES,0,1,/home/admin1/jgzj/.runtime/yolo_loop/datasets/finetune_v2/images/train/event_feedback_023290_smoke_8ee3b47d9eef3a43.jpg,.runtime/yolo_label_review/manual_annotations_v1/b7/b778250ee06b41371b425aab2a8804d3b491f12d6b48aae094d07332d1ed1c23.json,2026-07-24T09:12:50.825Z,2026-07-24T09:12:50.825Z,pass_other_class_or_empty
fire,negative,loop:finetune_v2,images/train/event_feedback_023292_smoke_f581293d35a35794.jpg,pass,YES,0,1,/home/admin1/jgzj/.runtime/yolo_loop/datasets/finetune_v2/images/train/event_feedback_023292_smoke_f581293d35a35794.jpg,.runtime/yolo_label_review/manual_annotations_v1/8b/8b2031394dd99d01e063a487b44b0aadf2dfccf51acc3e3c0b3687582ae0b698.json,2026-07-24T09:12:58.793Z,2026-07-24T09:12:58.793Z,pass_other_class_or_empty
fire,negative,loop:finetune_v2,images/train/event_feedback_023294_smoke_b2138c5ff2be4d01.jpg,pass,YES,0,1,/home/admin1/jgzj/.runtime/yolo_loop/datasets/finetune_v2/images/train/event_feedback_023294_smoke_b2138c5ff2be4d01.jpg,.runtime/yolo_label_review/manual_annotations_v1/84/849b0a38beff68c4d17117148b4e28f725250384cba89d11d7a816fa2c2eba35.json,2026-07-24T09:13:06.670Z,2026-07-24T09:13:06.670Z,pass_other_class_or_empty
fire,negative,loop:finetune_v2,images/train/event_feedback_023296_smoke_cf86ae0897976163.jpg,pass,YES,0,1,/home/admin1/jgzj/.runtime/yolo_loop/datasets/finetune_v2/images/train/event_feedback_023296_smoke_cf86ae0897976163.jpg,.runtime/yolo_label_review/manual_annotations_v1/5e/5e262dc97704509c55fa84f296cbd9688d9248b2b6f9b271914d04de32497f1e.json,2026-07-24T09:13:14.567Z,2026-07-24T09:13:14.567Z,pass_other_class_or_empty
fire,negative,loop:finetune_v2,images/train/event_feedback_023313_smoke_6d1cab4afe6aa942.jpg,negative,NO,0,0,/home/admin1/jgzj/.runtime/yolo_loop/datasets/finetune_v2/images/train/event_feedback_023313_smoke_6d1cab4afe6aa942.jpg,.runtime/yolo_label_review/manual_annotations_v1/30/300970f1c032b62d97556c2427648f0e60209a8c60ef73a138a0153f332b1de5.json,2026-07-24T09:13:44.666Z,2026-07-24T09:13:44.666Z,manual_negative
fire,negative,loop:finetune_v2,images/train/event_feedback_023322_smoke_e820925f69f7f0bf.jpg,negative,NO,0,0,/home/admin1/jgzj/.runtime/yolo_loop/datasets/finetune_v2/images/train/event_feedback_023322_smoke_e820925f69f7f0bf.jpg,.runtime/yolo_label_review/manual_annotations_v1/4e/4e3c1dfefb75739e96791ea0d85b8b57018bb1cdfa83e8525d405257387a3f38.json,2026-07-24T09:14:04.687Z,2026-07-24T09:14:04.687Z,manual_negative
fire,negative,loop:finetune_v2,images/train/event_feedback_023332_smoke_815de13423e5c48c.jpg,pass,YES,0,1,/home/admin1/jgzj/.runtime/yolo_loop/datasets/finetune_v2/images/train/event_feedback_023332_smoke_815de13423e5c48c.jpg,.runtime/yolo_label_review/manual_annotations_v1/92/928236a1656b0cb237ede0fd83e63218ac6ba061401c3faae20a44dd87b47bbd.json,2026-07-24T09:14:13.295Z,2026-07-24T09:14:13.295Z,pass_other_class_or_empty
fire,negative,loop:finetune_v2,images/train/event_feedback_023341_smoke_9406b9dfaa75fd63.jpg,pass,YES,0,1,/home/admin1/jgzj/.runtime/yolo_loop/datasets/finetune_v2/images/train/event_feedback_023341_smoke_9406b9dfaa75fd63.jpg,.runtime/yolo_label_review/manual_annotations_v1/eb/eba11b26cc39e0750ce013a3efe0d22704f5143ce290bf32c3facd4863df1a82.json,2026-07-24T09:14:23.033Z,2026-07-24T09:14:23.033Z,pass_other_class_or_empty
fire,negative,loop:finetune_v2,images/train/event_feedback_023352_smoke_8f7fad817e232193.jpg,negative,NO,0,0,/home/admin1/jgzj/.runtime/yolo_loop/datasets/finetune_v2/images/train/event_feedback_023352_smoke_8f7fad817e232193.jpg,.runtime/yolo_label_review/manual_annotations_v1/fa/fa23f16d333d62756d5554a2082afc97642ad37ba74e0a432002bc689e6362d0.json,2026-07-24T09:15:03.465Z,2026-07-24T09:15:03.465Z,manual_negative
fire,negative,loop:finetune_v2,images/train/event_feedback_023360_smoke_c062c19e673623bf.jpg,negative,NO,0,0,/home/admin1/jgzj/.runtime/yolo_loop/datasets/finetune_v2/images/train/event_feedback_023360_smoke_c062c19e673623bf.jpg,.runtime/yolo_label_review/manual_annotations_v1/17/178555e3401ba1d69e996e4113637f4a57f155440ee88d6063045e3bcd064823.json,2026-07-24T09:14:57.872Z,2026-07-24T09:14:57.872Z,manual_negative
fire,negative,loop:finetune_v2,images/val/event_feedback_011829_smoke_3c2ee6f62c6a3497.jpg,pass,YES,0,1,/home/admin1/jgzj/.runtime/yolo_loop/datasets/finetune_v2/images/val/event_feedback_011829_smoke_3c2ee6f62c6a3497.jpg,.runtime/yolo_label_review/manual_annotations_v1/ff/ffcd9f52f111578060f391c931afd72f6d3f1257617e9f29488a56f84554dbde.json,2026-07-24T08:51:30.727Z,2026-07-24T08:51:30.727Z,pass_other_class_or_empty
fire,negative,loop:finetune_v2,images/val/event_feedback_011917_smoke_827ca43d9112bcb9.jpg,pass,YES,0,1,/home/admin1/jgzj/.runtime/yolo_loop/datasets/finetune_v2/images/val/event_feedback_011917_smoke_827ca43d9112bcb9.jpg,.runtime/yolo_label_review/manual_annotations_v1/c1/c1fb126fd2f09f3ce82523f6d306506be5b261550f46ed65c97716001f6a26d5.json,2026-07-24T09:00:07.017Z,2026-07-24T09:00:07.017Z,pass_other_class_or_empty
fire,negative,loop:finetune_v2,images/val/event_feedback_016622_smoke_597c54e9d30061fe.jpg,negative,NO,0,0,/home/admin1/jgzj/.runtime/yolo_loop/datasets/finetune_v2/images/val/event_feedback_016622_smoke_597c54e9d30061fe.jpg,.runtime/yolo_label_review/manual_annotations_v1/e9/e9b8c5dcd8a561124ef0cc71d5028c9b281d176b9c062154c1c1feb28635d9af.json,2026-07-24T09:03:57.947Z,2026-07-24T09:03:57.947Z,manual_negative
fire,negative,loop:finetune_v2,images/val/event_feedback_016685_smoke_3df5112b8203319d.jpg,negative,NO,0,0,/home/admin1/jgzj/.runtime/yolo_loop/datasets/finetune_v2/images/val/event_feedback_016685_smoke_3df5112b8203319d.jpg,.runtime/yolo_label_review/manual_annotations_v1/9c/9cc313f7384f9bc23e234adc455dbb7b1fa9462c13d9f83bdf23eb2c15985e19.json,2026-07-24T09:04:07.263Z,2026-07-24T09:04:07.263Z,manual_negative
fire,negative,loop:finetune_v2,images/val/event_feedback_022956_smoke_1e48838276295e1b.jpg,negative,NO,0,0,/home/admin1/jgzj/.runtime/yolo_loop/datasets/finetune_v2/images/val/event_feedback_022956_smoke_1e48838276295e1b.jpg,.runtime/yolo_label_review/manual_annotations_v1/f0/f0d669bb1f8f9d0ec72fe67466916ffaffea162491057736e65279916f02126a.json,2026-07-24T09:07:37.885Z,2026-07-24T09:07:37.885Z,manual_negative
fire,negative,loop:finetune_v2,images/val/event_feedback_022980_smoke_9992b172c1a6c3b1.jpg,pass,YES,0,1,/home/admin1/jgzj/.runtime/yolo_loop/datasets/finetune_v2/images/val/event_feedback_022980_smoke_9992b172c1a6c3b1.jpg,.runtime/yolo_label_review/manual_annotations_v1/93/935c5e31621a5c40a9116c4f8c273f01986b353dc78f750614156dc50dc86d69.json,2026-07-24T09:08:03.057Z,2026-07-24T09:08:03.057Z,pass_other_class_or_empty
fire,negative,loop:finetune_v2,images/val/event_feedback_022991_smoke_4adec26c871c7a73.jpg,pass,YES,0,1,/home/admin1/jgzj/.runtime/yolo_loop/datasets/finetune_v2/images/val/event_feedback_022991_smoke_4adec26c871c7a73.jpg,.runtime/yolo_label_review/manual_annotations_v1/dc/dcbf55525a0f9999ad4cdb2ab676c8d3e54f8199baa578d9479bad866283a430.json,2026-07-24T09:08:28.203Z,2026-07-24T09:08:28.203Z,pass_other_class_or_empty
fire,negative,loop:finetune_v2,images/val/event_feedback_023273_smoke_80b54ed7ad8e6ca1.jpg,negative,NO,0,0,/home/admin1/jgzj/.runtime/yolo_loop/datasets/finetune_v2/images/val/event_feedback_023273_smoke_80b54ed7ad8e6ca1.jpg,.runtime/yolo_label_review/manual_annotations_v1/87/87abb8b07386dc0f5b09b1c344fc983158aaa9b6b79706c47f10a90f7a926b3b.json,2026-07-24T09:12:05.684Z,2026-07-24T09:12:05.684Z,manual_negative
fire,negative,loop:finetune_v2,images/val/event_feedback_023317_smoke_abbdb9171fa49c99.jpg,negative,NO,0,0,/home/admin1/jgzj/.runtime/yolo_loop/datasets/finetune_v2/images/val/event_feedback_023317_smoke_abbdb9171fa49c99.jpg,.runtime/yolo_label_review/manual_annotations_v1/b3/b3a14ac2b019f72c338a34de78b9c42d1e086606aebb619b5a77cc57e933ec8a.json,2026-07-24T09:13:55.200Z,2026-07-24T09:13:55.200Z,manual_negative
fire,negative,loop:fire_smoke_web_candidates_v3,images/review/010f3d11820d6677348ec84d.jpg,negative,NO,0,0,/home/admin1/jgzj/.runtime/yolo_loop/datasets/fire_smoke_web_candidates_v3/images/review/010f3d11820d6677348ec84d.jpg,.runtime/yolo_label_review/manual_annotations_v1/23/23fc9bc5b5481889bd0507cbc2b58c4d6539acd1552064bb056333aa4155b4b4.json,2026-07-21T02:42:45.224Z,2026-07-21T02:42:45.224Z,manual_negative
fire,negative,loop:fire_smoke_web_candidates_v3,images/review/0210b8a4cecf6634335d4096.jpg,negative,NO,0,0,/home/admin1/jgzj/.runtime/yolo_loop/datasets/fire_smoke_web_candidates_v3/images/review/0210b8a4cecf6634335d4096.jpg,.runtime/yolo_label_review/manual_annotations_v1/73/73aabdf8751c603defd7a76cd4261d2e00fbe0dd1480d6254a0f62aa86c80c16.json,2026-07-21T02:34:52.838Z,2026-07-21T02:34:52.838Z,manual_negative
fire,negative,loop:fire_smoke_web_candidates_v3,images/review/037026afe2b5ca36b0727ea1.jpg,negative,NO,0,0,/home/admin1/jgzj/.runtime/yolo_loop/datasets/fire_smoke_web_candidates_v3/images/review/037026afe2b5ca36b0727ea1.jpg,.runtime/yolo_label_review/manual_annotations_v1/cb/cbd8b04b6e07debbb8206df990878d45a6c15c1f2659ba5c9951df6ddbe1856e.json,2026-07-21T02:34:21.134Z,2026-07-21T02:34:21.134Z,manual_negative
fire,negative,loop:fire_smoke_web_candidates_v3,images/review/03cd5914eb968e22697c4ae0.jpg,pass,YES,0,1,/home/admin1/jgzj/.runtime/yolo_loop/datasets/fire_smoke_web_candidates_v3/images/review/03cd5914eb968e22697c4ae0.jpg,.runtime/yolo_label_review/manual_annotations_v1/9c/9cfc2131a85b5b91d852dc4b619734a1b595d9f523cf903e00230c163a87c2e0.json,2026-07-27T03:17:13.802Z,2026-07-27T03:17:13.802Z,pass_other_class_or_empty
fire,negative,loop:fire_smoke_web_candidates_v3,images/review/03f1383872a703fb7b23a527.jpg,negative,NO,0,0,/home/admin1/jgzj/.runtime/yolo_loop/datasets/fire_smoke_web_candidates_v3/images/review/03f1383872a703fb7b23a527.jpg,.runtime/yolo_label_review/manual_annotations_v1/c9/c9e49760901a906d1fdc3e0f3d5b655df340813ffe853cdb8df3de650f1ff7c9.json,2026-07-27T02:47:42.871Z,2026-07-27T02:47:42.871Z,manual_negative
fire,negative,loop:fire_smoke_web_candidates_v3,images/review/041831ee86148cb95568a04b.jpg,negative,NO,0,0,/home/admin1/jgzj/.runtime/yolo_loop/datasets/fire_smoke_web_candidates_v3/images/review/041831ee86148cb95568a04b.jpg,.runtime/yolo_label_review/manual_annotations_v1/6a/6a77b14b0481b978566cdfa103fba5c6217ca334d0c14a9ce33f320c3f2a0611.json,2026-07-21T02:51:03.952Z,2026-07-21T02:51:03.952Z,manual_negative
fire,negative,loop:fire_smoke_web_candidates_v3,images/review/04a07609782c894368f85473.jpg,negative,NO,0,0,/home/admin1/jgzj/.runtime/yolo_loop/datasets/fire_smoke_web_candidates_v3/images/review/04a07609782c894368f85473.jpg,.runtime/yolo_label_review/manual_annotations_v1/c7/c765c4c8fc1b93a3b81497ee6d68012071604044256eba5259891a37f35c74c3.json,2026-07-21T02:22:00.099Z,2026-07-21T02:22:00.099Z,manual_negative
fire,negative,loop:fire_smoke_web_candidates_v3,images/review/064d60528e33e93283012788.jpg,negative,NO,0,0,/home/admin1/jgzj/.runtime/yolo_loop/datasets/fire_smoke_web_candidates_v3/images/review/064d60528e33e93283012788.jpg,.runtime/yolo_label_review/manual_annotations_v1/f7/f7f85f75767bef22a142e93d516572315185fe386cdb244fa30b1eb493375738.json,2026-07-21T02:51:08.959Z,2026-07-21T02:51:08.959Z,manual_negative
fire,negative,loop:fire_smoke_web_candidates_v3,images/review/0671b86fbd4cca603d2ac9f8.jpg,pass,YES,0,1,/home/admin1/jgzj/.runtime/yolo_loop/datasets/fire_smoke_web_candidates_v3/images/review/0671b86fbd4cca603d2ac9f8.jpg,.runtime/yolo_label_review/manual_annotations_v1/0f/0fda2af55b42f10f0bf3226a8330f5d5e5f933a0ffcaa5ca7e30b19069a54fc4.json,2026-07-21T03:19:12.667Z,2026-07-21T03:19:12.667Z,pass_other_class_or_empty
fire,negative,loop:fire_smoke_web_candidates_v3,images/review/079cca8a471cb57608cd72b1.jpg,negative,NO,0,0,/home/admin1/jgzj/.runtime/yolo_loop/datasets/fire_smoke_web_candidates_v3/images/review/079cca8a471cb57608cd72b1.jpg,.runtime/yolo_label_review/manual_annotations_v1/00/0071fc435caaf54fcf6716b539892da6a075e64f0e2ad40d9f16be837dc2affd.json,2026-07-27T02:46:42.803Z,2026-07-27T02:46:42.803Z,manual_negative
fire,negative,loop:fire_smoke_web_candidates_v3,images/review/07eef8662fdc1567fcba6f2d.jpg,negative,NO,0,0,/home/admin1/jgzj/.runtime/yolo_loop/datasets/fire_smoke_web_candidates_v3/images/review/07eef8662fdc1567fcba6f2d.jpg,.runtime/yolo_label_review/manual_annotations_v1/09/0913dbf15c1d71829f09c9473387e57a8d39e1df458b44feff7e6952a2a5c28c.json,2026-07-21T02:32:54.876Z,2026-07-21T02:32:54.876Z,manual_negative
fire,negative,loop:fire_smoke_web_candidates_v3,images/review/09cdad440156bc6dc81b66cf.jpg,pass,YES,0,2,/home/admin1/jgzj/.runtime/yolo_loop/datasets/fire_smoke_web_candidates_v3/images/review/09cdad440156bc6dc81b66cf.jpg,.runtime/yolo_label_review/manual_annotations_v1/3b/3b1bd2f1f1d8f91944267a40131582e832d0e7b8f26e437168d0dc40304a0bdc.json,2026-07-21T03:08:39.615Z,2026-07-21T03:08:39.615Z,pass_other_class_or_empty
fire,negative,loop:fire_smoke_web_candidates_v3,images/review/0a2e8cb090f5a07158f92553.jpg,negative,NO,0,0,/home/admin1/jgzj/.runtime/yolo_loop/datasets/fire_smoke_web_candidates_v3/images/review/0a2e8cb090f5a07158f92553.jpg,.runtime/yolo_label_review/manual_annotations_v1/c6/c66f286cda61512d1a01de6aad847a93564df00995d0c32f9bdd6fb52123d690.json,2026-07-21T02:21:48.987Z,2026-07-21T02:21:48.987Z,manual_negative
fire,negative,loop:fire_smoke_web_candidates_v3,images/review/0a36e78aaf39efb453dc2381.jpg,negative,NO,0,0,/home/admin1/jgzj/.runtime/yolo_loop/datasets/fire_smoke_web_candidates_v3/images/review/0a36e78aaf39efb453dc2381.jpg,.runtime/yolo_label_review/manual_annotations_v1/85/857e6b69169f16bfbaa2ffd3ff604e269d01886b77359a1a308fc60ac2ca0434.json,2026-07-21T03:16:58.531Z,2026-07-21T03:16:58.531Z,manual_negative
fire,negative,loop:fire_smoke_web_candidates_v3,images/review/0a5f3d12eb42e869c1c40b39.jpg,pass,YES,0,1,/home/admin1/jgzj/.runtime/yolo_loop/datasets/fire_smoke_web_candidates_v3/images/review/0a5f3d12eb42e869c1c40b39.jpg,.runtime/yolo_label_review/manual_annotations_v1/f5/f5f8e7de7ccc2551ba2cfb6a9f9e516b8e44d93551e7e003b53d700c4e7e8bee.json,2026-07-21T02:12:30.101Z,2026-07-21T02:12:30.101Z,pass_other_class_or_empty
fire,negative,loop:fire_smoke_web_candidates_v3,images/review/0a618661f5c808e4a47eac3e.jpg,negative,NO,0,0,/home/admin1/jgzj/.runtime/yolo_loop/datasets/fire_smoke_web_candidates_v3/images/review/0a618661f5c808e4a47eac3e.jpg,.runtime/yolo_label_review/manual_annotations_v1/33/333de71168f3cb486cfa68c1aa17db1ab7b96be122260cb3b9ffd31f5ca091f3.json,2026-07-21T02:23:25.851Z,2026-07-21T02:23:25.851Z,manual_negative
fire,negative,loop:fire_smoke_web_candidates_v3,images/review/0be80cfe36cf8acf73333f11.jpg,pass,YES,0,1,/home/admin1/jgzj/.runtime/yolo_loop/datasets/fire_smoke_web_candidates_v3/images/review/0be80cfe36cf8acf73333f11.jpg,.runtime/yolo_label_review/manual_annotations_v1/21/21e72a9d5b04a8d58a977d4b721c268e075a3accf8a02035e0b5c69506d96745.json,2026-07-21T02:13:24.476Z,2026-07-21T02:13:24.476Z,pass_other_class_or_empty
fire,negative,loop:fire_smoke_web_candidates_v3,images/review/0bfa5b8e80c3c6f73540be03.jpg,negative,NO,0,0,/home/admin1/jgzj/.runtime/yolo_loop/datasets/fire_smoke_web_candidates_v3/images/review/0bfa5b8e80c3c6f73540be03.jpg,.runtime/yolo_label_review/manual_annotations_v1/27/278fd0211cab4c7369976ed90b98a3a8123133fac22e9ad27bef256db55c63a2.json,2026-07-21T02:20:56.109Z,2026-07-21T02:20:56.109Z,manual_negative
fire,negative,loop:fire_smoke_web_candidates_v3,images/review/0c1815f35eb579786430e16e.jpg,negative,NO,0,0,/home/admin1/jgzj/.runtime/yolo_loop/datasets/fire_smoke_web_candidates_v3/images/review/0c1815f35eb579786430e16e.jpg,.runtime/yolo_label_review/manual_annotations_v1/3b/3b4eb0c2f51905bc97bcbf824ec848397ff502269cde43cee3dcfd7fd2011e04.json,2026-07-21T01:55:20.234Z,2026-07-21T01:55:20.234Z,manual_negative
fire,negative,loop:fire_smoke_web_candidates_v3,images/review/0d50bbb822011672d989d90c.jpg,pass,YES,0,1,/home/admin1/jgzj/.runtime/yolo_loop/datasets/fire_smoke_web_candidates_v3/images/review/0d50bbb822011672d989d90c.jpg,.runtime/yolo_label_review/manual_annotations_v1/34/34b6955d2cf232610d63e6d82669bc27ea0a445841f5e1a28eaf1ff02b33b46a.json,2026-07-21T02:30:10.356Z,2026-07-21T02:30:10.356Z,pass_other_class_or_empty
fire,negative,loop:fire_smoke_web_candidates_v3,images/review/0db256b81e71257a420a606a.jpg,negative,NO,0,0,/home/admin1/jgzj/.runtime/yolo_loop/datasets/fire_smoke_web_candidates_v3/images/review/0db256b81e71257a420a606a.jpg,.runtime/yolo_label_review/manual_annotations_v1/7e/7ea140b87ed8ebe3857a7ad911b1e3d1ca698eb60ab209759feed3f518696196.json,2026-07-21T02:20:47.271Z,2026-07-21T02:20:47.271Z,manual_negative
fire,negative,loop:fire_smoke_web_candidates_v3,images/review/0e1307c40c53d7878fe9e6df.jpg,negative,NO,0,0,/home/admin1/jgzj/.runtime/yolo_loop/datasets/fire_smoke_web_candidates_v3/images/review/0e1307c40c53d7878fe9e6df.jpg,.runtime/yolo_label_review/manual_annotations_v1/24/248363e8af00b335cb64f8b12d06265dae5fa9773816f37a46e14aabae8ebeed.json,2026-07-21T01:52:56.257Z,2026-07-21T01:52:56.257Z,manual_negative
fire,negative,loop:fire_smoke_web_candidates_v3,images/review/0e1fd4bfd462ae8ee863d98b.jpg,pass,YES,0,1,/home/admin1/jgzj/.runtime/yolo_loop/datasets/fire_smoke_web_candidates_v3/images/review/0e1fd4bfd462ae8ee863d98b.jpg,.runtime/yolo_label_review/manual_annotations_v1/b0/b03705a62e422706f28c00a8a2498e94b3d6f50b24a1167b2db4a98880191aea.json,2026-07-27T04:15:14.747Z,2026-07-27T04:15:14.747Z,pass_other_class_or_empty
fire,negative,loop:fire_smoke_web_candidates_v3,images/review/0ebe6ef4ad9885abf90762a2.jpg,pass,YES,0,1,/home/admin1/jgzj/.runtime/yolo_loop/datasets/fire_smoke_web_candidates_v3/images/review/0ebe6ef4ad9885abf90762a2.jpg,.runtime/yolo_label_review/manual_annotations_v1/84/849bf8e2d17a8824060403bc75e7576b60a94bf5fc2713f652e176ac6b6125b3.json,2026-07-21T02:51:53.432Z,2026-07-21T02:51:53.432Z,pass_other_class_or_empty
fire,negative,loop:fire_smoke_web_candidates_v3,images/review/0f2a03942bb7d0f9a64762fe.jpg,negative,NO,0,0,/home/admin1/jgzj/.runtime/yolo_loop/datasets/fire_smoke_web_candidates_v3/images/review/0f2a03942bb7d0f9a64762fe.jpg,.runtime/yolo_label_review/manual_annotations_v1/59/59eddfd4d10481cb55b09d38e44f46e14596f9446ccb8b01fbaf6105865d25ac.json,2026-07-21T03:17:39.578Z,2026-07-21T03:17:39.578Z,manual_negative
fire,negative,loop:fire_smoke_web_candidates_v3,images/review/0f654bd1dabcbba351b7df04.jpg,negative,NO,0,0,/home/admin1/jgzj/.runtime/yolo_loop/datasets/fire_smoke_web_candidates_v3/images/review/0f654bd1dabcbba351b7df04.jpg,.runtime/yolo_label_review/manual_annotations_v1/79/79ef828e6d361c7cf99b2e4497572a748d24ef1c3e2003b8610a961f2f37ace1.json,2026-07-27T02:49:58.638Z,2026-07-27T02:49:58.638Z,manual_negative
fire,negative,loop:fire_smoke_web_candidates_v3,images/review/10ee11034897c202c18fa1bf.jpg,negative,NO,0,0,/home/admin1/jgzj/.runtime/yolo_loop/datasets/fire_smoke_web_candidates_v3/images/review/10ee11034897c202c18fa1bf.jpg,.runtime/yolo_label_review/manual_annotations_v1/a7/a74ede5f8b2670c393fb7c05c6d6c17942d2360ec2ca777e6515a81aee3bd6f8.json,2026-07-21T03:02:06.581Z,2026-07-21T03:02:06.581Z,manual_negative
fire,negative,loop:fire_smoke_web_candidates_v3,images/review/119c144c383eef9be3c7571d.jpg,pass,YES,0,1,/home/admin1/jgzj/.runtime/yolo_loop/datasets/fire_smoke_web_candidates_v3/images/review/119c144c383eef9be3c7571d.jpg,.runtime/yolo_label_review/manual_annotations_v1/7f/7f83ee947cc7c96c6b684d9287d1a984cda2ecd173457d5172856891fe77a4a6.json,2026-07-27T02:53:02.185Z,2026-07-27T02:53:02.185Z,pass_other_class_or_empty
fire,negative,loop:fire_smoke_web_candidates_v3,images/review/11f6164107000fe82b73c441.jpg,negative,NO,0,0,/home/admin1/jgzj/.runtime/yolo_loop/datasets/fire_smoke_web_candidates_v3/images/review/11f6164107000fe82b73c441.jpg,.runtime/yolo_label_review/manual_annotations_v1/97/9719fa9dd2b468ddde92555cf86f509833f51d7494b3310cca1be46175e92ee3.json,2026-07-27T02:42:36.658Z,2026-07-27T02:42:36.658Z,manual_negative
fire,negative,loop:fire_smoke_web_candidates_v3,images/review/13959e00830936d041cc1ada.jpg,pass,YES,0,1,/home/admin1/jgzj/.runtime/yolo_loop/datasets/fire_smoke_web_candidates_v3/images/review/13959e00830936d041cc1ada.jpg,.runtime/yolo_label_review/manual_annotations_v1/45/45be55c1b128313da82067dfb766c8e79b56af9533cd636f2b42b2a2c094f6f6.json,2026-07-27T03:21:13.299Z,2026-07-27T03:21:13.299Z,pass_other_class_or_empty
fire,negative,loop:fire_smoke_web_candidates_v3,images/review/13c485dc800c68117ec0b869.jpg,negative,NO,0,0,/home/admin1/jgzj/.runtime/yolo_loop/datasets/fire_smoke_web_candidates_v3/images/review/13c485dc800c68117ec0b869.jpg,.runtime/yolo_label_review/manual_annotations_v1/71/71b12bb4abd7c6c981a00c693d8ddeb8a01cddceee81509d2339fe844ef0e64f.json,2026-07-21T01:54:02.768Z,2026-07-21T01:54:02.768Z,manual_negative
fire,negative,loop:fire_smoke_web_candidates_v3,images/review/14a10db99bb6205947fb2c9b.jpg,negative,NO,0,0,/home/admin1/jgzj/.runtime/yolo_loop/datasets/fire_smoke_web_candidates_v3/images/review/14a10db99bb6205947fb2c9b.jpg,.runtime/yolo_label_review/manual_annotations_v1/1b/1b5599a3745290aa51d77687b2378d88f3dcf0b1ff222b096525ec729e1cebf6.json,2026-07-21T02:50:38.400Z,2026-07-21T02:50:38.400Z,manual_negative
fire,negative,loop:fire_smoke_web_candidates_v3,images/review/14c3c25455449ac4eabc92b0.jpg,negative,NO,0,0,/home/admin1/jgzj/.runtime/yolo_loop/datasets/fire_smoke_web_candidates_v3/images/review/14c3c25455449ac4eabc92b0.jpg,.runtime/yolo_label_review/manual_annotations_v1/9a/9a01093c0798a0286108ae8e8ff1a9635cf70d5e359c6a24732ff902b076b278.json,2026-07-21T01:53:36.223Z,2026-07-21T01:53:36.223Z,manual_negative
fire,negative,loop:fire_smoke_web_candidates_v3,images/review/1517952051f673a168901f92.jpg,negative,NO,0,0,/home/admin1/jgzj/.runtime/yolo_loop/datasets/fire_smoke_web_candidates_v3/images/review/1517952051f673a168901f92.jpg,.runtime/yolo_label_review/manual_annotations_v1/62/621ac42b1c05436e562a0ee02506127182873875ede8404c5218d61df057ea21.json,2026-07-21T03:14:09.709Z,2026-07-21T03:14:09.709Z,manual_negative
fire,negative,loop:fire_smoke_web_candidates_v3,images/review/1527e95bd9522a66b83324ec.jpg,pass,YES,0,1,/home/admin1/jgzj/.runtime/yolo_loop/datasets/fire_smoke_web_candidates_v3/images/review/1527e95bd9522a66b83324ec.jpg,.runtime/yolo_label_review/manual_annotations_v1/20/20a9c5996f50e947c5b7a831c74c965a17d4492617bdfe673b8b23f64ad66e09.json,2026-07-27T02:47:31.175Z,2026-07-27T02:47:31.175Z,pass_other_class_or_empty
fire,negative,loop:fire_smoke_web_candidates_v3,images/review/15bf42938cb4472e59be09ba.jpg,pass,YES,0,1,/home/admin1/jgzj/.runtime/yolo_loop/datasets/fire_smoke_web_candidates_v3/images/review/15bf42938cb4472e59be09ba.jpg,.runtime/yolo_label_review/manual_annotations_v1/df/dfbfe490704dfb69e2ca44378404c4bb4eca61d473199451f89f14a2c1b1ce48.json,2026-07-21T02:00:09.333Z,2026-07-21T02:00:09.333Z,pass_other_class_or_empty
fire,negative,loop:fire_smoke_web_candidates_v3,images/review/15e64c331e42e48d49c78df4.jpg,negative,NO,0,0,/home/admin1/jgzj/.runtime/yolo_loop/datasets/fire_smoke_web_candidates_v3/images/review/15e64c331e42e48d49c78df4.jpg,.runtime/yolo_label_review/manual_annotations_v1/9e/9e9a64ef30750d4cc6454568025c1ecbaeac785ab1e6a7439a53828a7b437200.json,2026-07-27T04:24:46.985Z,2026-07-27T04:24:46.985Z,manual_negative
fire,negative,loop:fire_smoke_web_candidates_v3,images/review/1658b042cc3f442bafa98bc4.jpg,pass,YES,0,1,/home/admin1/jgzj/.runtime/yolo_loop/datasets/fire_smoke_web_candidates_v3/images/review/1658b042cc3f442bafa98bc4.jpg,.runtime/yolo_label_review/manual_annotations_v1/30/30992cdadb7ab0ffaf6373df62ef9f9aca3bb959963abb212a3f05a54f34c69c.json,2026-07-21T02:36:20.168Z,2026-07-21T02:36:20.168Z,pass_other_class_or_empty
fire,negative,loop:fire_smoke_web_candidates_v3,images/review/166b0d32f2cb4976d4b954cc.jpg,pass,YES,0,1,/home/admin1/jgzj/.runtime/yolo_loop/datasets/fire_smoke_web_candidates_v3/images/review/166b0d32f2cb4976d4b954cc.jpg,.runtime/yolo_label_review/manual_annotations_v1/be/befa09850afb5f2ba42a2135550d8dfc98d627ba5ae182640245c09942976c8f.json,2026-07-27T03:23:46.923Z,2026-07-27T03:23:46.923Z,pass_other_class_or_empty
fire,negative,loop:fire_smoke_web_candidates_v3,images/review/181fe30e2ded5a0ede6f1ec7.jpg,negative,NO,0,0,/home/admin1/jgzj/.runtime/yolo_loop/datasets/fire_smoke_web_candidates_v3/images/review/181fe30e2ded5a0ede6f1ec7.jpg,.runtime/yolo_label_review/manual_annotations_v1/07/07af2fdb9b92a4de691f48eaf5911d0132d3b6a2de4220f117c513a9a9af9fd0.json,2026-07-27T03:22:50.212Z,2026-07-27T03:22:50.212Z,manual_negative
fire,negative,loop:fire_smoke_web_candidates_v3,images/review/19dc37b3ebf014e0feb200fc.jpg,negative,NO,0,0,/home/admin1/jgzj/.runtime/yolo_loop/datasets/fire_smoke_web_candidates_v3/images/review/19dc37b3ebf014e0feb200fc.jpg,.runtime/yolo_label_review/manual_annotations_v1/e8/e86df47257f012dff8f4dcf5c911698610bb05dbb7c627804edf3df592e47e83.json,2026-07-21T03:03:49.620Z,2026-07-21T03:03:49.620Z,manual_negative
fire,negative,loop:fire_smoke_web_candidates_v3,images/review/1ad116b12a0af0d9fc4650e0.jpg,pass,YES,0,1,/home/admin1/jgzj/.runtime/yolo_loop/datasets/fire_smoke_web_candidates_v3/images/review/1ad116b12a0af0d9fc4650e0.jpg,.runtime/yolo_label_review/manual_annotations_v1/76/76ab11801744f38647c9e35bbbc16a715ffd0bec1677313ff1df6b4d150b30e6.json,2026-07-27T02:44:06.672Z,2026-07-27T02:44:06.672Z,pass_other_class_or_empty
fire,negative,loop:fire_smoke_web_candidates_v3,images/review/1ad86dcf751d84d28287f78a.jpg,pass,YES,0,1,/home/admin1/jgzj/.runtime/yolo_loop/datasets/fire_smoke_web_candidates_v3/images/review/1ad86dcf751d84d28287f78a.jpg,.runtime/yolo_label_review/manual_annotations_v1/c7/c7304fbd63bc72fc3eea9168be6abd718e6a03d812e70341e3ea6690bf63543c.json,2026-07-27T04:34:52.811Z,2026-07-27T04:34:52.811Z,pass_other_class_or_empty
fire,negative,loop:fire_smoke_web_candidates_v3,images/review/1b912b6860794e4de5456e1e.jpg,negative,NO,0,0,/home/admin1/jgzj/.runtime/yolo_loop/datasets/fire_smoke_web_candidates_v3/images/review/1b912b6860794e4de5456e1e.jpg,.runtime/yolo_label_review/manual_annotations_v1/5e/5e49ece14eaf23bfa07ec3a9447b7552d0b5833405434b7cfa5634a43fe5e80f.json,2026-07-21T03:15:39.000Z,2026-07-21T03:15:39.000Z,manual_negative
fire,negative,loop:fire_smoke_web_candidates_v3,images/review/1bdb2597c8f766e18b2b2edd.jpg,negative,NO,0,0,/home/admin1/jgzj/.runtime/yolo_loop/datasets/fire_smoke_web_candidates_v3/images/review/1bdb2597c8f766e18b2b2edd.jpg,.runtime/yolo_label_review/manual_annotations_v1/34/3460412d4d86472aabe2b36ac931a35d54cd836e65a7fb17692dc7e5e33fae14.json,2026-07-21T01:54:42.713Z,2026-07-21T01:54:42.713Z,manual_negative
fire,negative,loop:fire_smoke_web_candidates_v3,images/review/1c6376fc861beaf211d4057b.jpg,pass,YES,0,1,/home/admin1/jgzj/.runtime/yolo_loop/datasets/fire_smoke_web_candidates_v3/images/review/1c6376fc861beaf211d4057b.jpg,.runtime/yolo_label_review/manual_annotations_v1/f6/f62d351464da0912326dd745b35f91241e5d897a1551b7ed0ed0df2ddb14a61f.json,2026-07-21T02:32:43.766Z,2026-07-21T02:32:43.766Z,pass_other_class_or_empty
fire,negative,loop:fire_smoke_web_candidates_v3,images/review/1d2aba7758cd5d7da9413624.jpg,negative,NO,0,0,/home/admin1/jgzj/.runtime/yolo_loop/datasets/fire_smoke_web_candidates_v3/images/review/1d2aba7758cd5d7da9413624.jpg,.runtime/yolo_label_review/manual_annotations_v1/c1/c1929e000a3784a7d19d50da929ab0ea522c9103c31dca0daa4c52d2bf26a97c.json,2026-07-21T02:15:29.856Z,2026-07-21T02:15:29.856Z,manual_negative
fire,negative,loop:fire_smoke_web_candidates_v3,images/review/2030c0247f48c4751858c0af.jpg,pass,YES,0,1,/home/admin1/jgzj/.runtime/yolo_loop/datasets/fire_smoke_web_candidates_v3/images/review/2030c0247f48c4751858c0af.jpg,.runtime/yolo_label_review/manual_annotations_v1/bf/bf6bdffffc8d0a2217777988612d58294a5d4bc6296fda01ba3b7da342081971.json,2026-07-21T02:27:21.767Z,2026-07-21T02:27:21.767Z,pass_other_class_or_empty
fire,negative,loop:fire_smoke_web_candidates_v3,images/review/21ca0280ac22eec8c74457d1.jpg,pass,YES,0,1,/home/admin1/jgzj/.runtime/yolo_loop/datasets/fire_smoke_web_candidates_v3/images/review/21ca0280ac22eec8c74457d1.jpg,.runtime/yolo_label_review/manual_annotations_v1/bc/bc359af19fd4719ddfc6fcbd4b8fce3a10ac44aa4fa009950c6388a23b428778.json,2026-07-21T02:01:24.512Z,2026-07-21T02:01:24.512Z,pass_other_class_or_empty
fire,negative,loop:fire_smoke_web_candidates_v3,images/review/22e69d5a4b50267789730efe.jpg,negative,NO,0,0,/home/admin1/jgzj/.runtime/yolo_loop/datasets/fire_smoke_web_candidates_v3/images/review/22e69d5a4b50267789730efe.jpg,.runtime/yolo_label_review/manual_annotations_v1/6d/6dfdc181a3135c832c973f6b5e98b83d3737e85660c4affff6592ff235d0af85.json,2026-07-21T03:11:10.573Z,2026-07-21T03:11:10.573Z,manual_negative
fire,negative,loop:fire_smoke_web_candidates_v3,images/review/243eea3f9aff497707f67224.jpg,pass,YES,0,2,/home/admin1/jgzj/.runtime/yolo_loop/datasets/fire_smoke_web_candidates_v3/images/review/243eea3f9aff497707f67224.jpg,.runtime/yolo_label_review/manual_annotations_v1/89/892afedcae99a7f1940879011a4985775313dee6c017198c0520fe6b826355d8.json,2026-07-21T02:06:47.113Z,2026-07-21T02:06:47.113Z,pass_other_class_or_empty
fire,negative,loop:fire_smoke_web_candidates_v3,images/review/246e0d284c8621554b422662.jpg,pass,YES,0,1,/home/admin1/jgzj/.runtime/yolo_loop/datasets/fire_smoke_web_candidates_v3/images/review/246e0d284c8621554b422662.jpg,.runtime/yolo_label_review/manual_annotations_v1/e5/e58a5e8da50b55644b2b4af221b0362f675a53d5c69f29b299423099cb0a3a1f.json,2026-07-21T02:31:25.298Z,2026-07-21T02:31:25.298Z,pass_other_class_or_empty
fire,negative,loop:fire_smoke_web_candidates_v3,images/review/24adaadc262e4598cf9a7b96.jpg,negative,NO,0,0,/home/admin1/jgzj/.runtime/yolo_loop/datasets/fire_smoke_web_candidates_v3/images/review/24adaadc262e4598cf9a7b96.jpg,.runtime/yolo_label_review/manual_annotations_v1/67/676075cc85464e70546dadbd243d64ef84f52f236f5d44f501da0a8999423293.json,2026-07-21T02:44:40.586Z,2026-07-21T02:44:40.586Z,manual_negative
fire,negative,loop:fire_smoke_web_candidates_v3,images/review/250f0fbb202ff65030cc09d6.jpg,negative,NO,0,0,/home/admin1/jgzj/.runtime/yolo_loop/datasets/fire_smoke_web_candidates_v3/images/review/250f0fbb202ff65030cc09d6.jpg,.runtime/yolo_label_review/manual_annotations_v1/7e/7ee0fdfcfdd44fa69c6fa4b300bcb16d4cf9cc9b297389e0da518d9a72ad9c60.json,2026-07-21T03:03:56.199Z,2026-07-21T03:03:56.199Z,manual_negative
fire,negative,loop:fire_smoke_web_candidates_v3,images/review/252fa08c9f3a6fb29ddac461.jpg,negative,NO,0,0,/home/admin1/jgzj/.runtime/yolo_loop/datasets/fire_smoke_web_candidates_v3/images/review/252fa08c9f3a6fb29ddac461.jpg,.runtime/yolo_label_review/manual_annotations_v1/c4/c4f6fd78b192172328c87b42503a487c672fe36296fd35c97daa5ca666ae7a78.json,2026-07-21T02:50:32.150Z,2026-07-21T02:50:32.150Z,manual_negative
fire,negative,loop:fire_smoke_web_candidates_v3,images/review/2544266f62cf826924275d69.jpg,negative,NO,0,0,/home/admin1/jgzj/.runtime/yolo_loop/datasets/fire_smoke_web_candidates_v3/images/review/2544266f62cf826924275d69.jpg,.runtime/yolo_label_review/manual_annotations_v1/a9/a928f82d79761f46d79b216fc4d2484817d76b367e9ec1113f5e7e44454eb3dd.json,2026-07-27T02:36:09.305Z,2026-07-27T02:36:09.305Z,manual_negative
fire,negative,loop:fire_smoke_web_candidates_v3,images/review/259795f97dfc457d24c3dba2.jpg,negative,NO,0,0,/home/admin1/jgzj/.runtime/yolo_loop/datasets/fire_smoke_web_candidates_v3/images/review/259795f97dfc457d24c3dba2.jpg,.runtime/yolo_label_review/manual_annotations_v1/78/78ee02afdffcb118677fbff32e8239c241bc905e2cdf3420971628ee7dc051ef.json,2026-07-21T02:20:41.844Z,2026-07-21T02:20:41.844Z,manual_negative
fire,negative,loop:fire_smoke_web_candidates_v3,images/review/263fbddaa8e5d5010224ed4c.jpg,negative,NO,0,0,/home/admin1/jgzj/.runtime/yolo_loop/datasets/fire_smoke_web_candidates_v3/images/review/263fbddaa8e5d5010224ed4c.jpg,.runtime/yolo_label_review/manual_annotations_v1/b7/b74b45ff2ed379496442909b6d2863008c6a03cb2445a3dbfde2c97c8efcf208.json,2026-07-21T02:23:32.883Z,2026-07-21T02:23:32.883Z,manual_negative
fire,negative,loop:fire_smoke_web_candidates_v3,images/review/26c36dd2538c84d7c52c23f6.jpg,negative,NO,0,0,/home/admin1/jgzj/.runtime/yolo_loop/datasets/fire_smoke_web_candidates_v3/images/review/26c36dd2538c84d7c52c23f6.jpg,.runtime/yolo_label_review/manual_annotations_v1/0e/0e2364e56d44cf2d529f3681922ea58f0f591b965112ada213a7b51b0fa103aa.json,2026-07-21T02:42:54.878Z,2026-07-21T02:42:54.878Z,manual_negative
fire,negative,loop:fire_smoke_web_candidates_v3,images/review/27d40b1e5057774e665b6e7d.jpg,negative,NO,0,0,/home/admin1/jgzj/.runtime/yolo_loop/datasets/fire_smoke_web_candidates_v3/images/review/27d40b1e5057774e665b6e7d.jpg,.runtime/yolo_label_review/manual_annotations_v1/c0/c0e1ffdfd18fc62390fcff8be9a027566b13f44823f3ff68ea8ae9f21d935f36.json,2026-07-21T03:16:25.170Z,2026-07-21T03:16:25.170Z,manual_negative
fire,negative,loop:fire_smoke_web_candidates_v3,images/review/290f91a85e6111fea994ecc5.jpg,negative,NO,0,0,/home/admin1/jgzj/.runtime/yolo_loop/datasets/fire_smoke_web_candidates_v3/images/review/290f91a85e6111fea994ecc5.jpg,.runtime/yolo_label_review/manual_annotations_v1/38/38af0068f8564a4ac01042b283694cd3b87fe372eb7eb0d35ea5e5133a9051d6.json,2026-07-21T01:47:26.035Z,2026-07-21T01:47:26.035Z,manual_negative
fire,negative,loop:fire_smoke_web_candidates_v3,images/review/29498586e311fb955e894e13.jpg,negative,NO,0,0,/home/admin1/jgzj/.runtime/yolo_loop/datasets/fire_smoke_web_candidates_v3/images/review/29498586e311fb955e894e13.jpg,.runtime/yolo_label_review/manual_annotations_v1/04/04c1b208358ba11ad9fa06a0138fd71f35988a541983bfa7c848576ebaba32df.json,2026-07-21T01:53:20.490Z,2026-07-21T01:53:20.490Z,manual_negative
fire,negative,loop:fire_smoke_web_candidates_v3,images/review/298e9e3527168266ee4a4216.jpg,pass,YES,0,1,/home/admin1/jgzj/.runtime/yolo_loop/datasets/fire_smoke_web_candidates_v3/images/review/298e9e3527168266ee4a4216.jpg,.runtime/yolo_label_review/manual_annotations_v1/5e/5e5666bd1ed727ffec349e363682a16cf50e992fbec838dfa2e8fd262588e4ea.json,2026-07-21T02:48:52.694Z,2026-07-21T02:48:52.694Z,pass_other_class_or_empty
fire,negative,loop:fire_smoke_web_candidates_v3,images/review/29978c2eb05091322662b520.jpg,negative,NO,0,0,/home/admin1/jgzj/.runtime/yolo_loop/datasets/fire_smoke_web_candidates_v3/images/review/29978c2eb05091322662b520.jpg,.runtime/yolo_label_review/manual_annotations_v1/a3/a345f29333730d9585111dd5c3ecd92d3a58b980087f70712de1daaa0658b4ea.json,2026-07-21T02:19:31.152Z,2026-07-21T02:19:31.152Z,manual_negative
fire,negative,loop:fire_smoke_web_candidates_v3,images/review/29a4d3a76e2f31390c9ff27a.jpg,negative,NO,0,0,/home/admin1/jgzj/.runtime/yolo_loop/datasets/fire_smoke_web_candidates_v3/images/review/29a4d3a76e2f31390c9ff27a.jpg,.runtime/yolo_label_review/manual_annotations_v1/93/93918159b54d512c2288453f399f43517bcea9cbf4a5f7cac8d33a6caa8fd0a1.json,2026-07-21T01:55:44.512Z,2026-07-21T01:55:44.512Z,manual_negative
fire,negative,loop:fire_smoke_web_candidates_v3,images/review/29bf35c96b52af55496a2433.jpg,pass,YES,0,1,/home/admin1/jgzj/.runtime/yolo_loop/datasets/fire_smoke_web_candidates_v3/images/review/29bf35c96b52af55496a2433.jpg,.runtime/yolo_label_review/manual_annotations_v1/7f/7f2b7806fae6b9d8e62f8be5935486f44e2d4510279e6fe29d83ccbadd04afdf.json,2026-07-21T02:52:14.143Z,2026-07-21T02:52:14.143Z,pass_other_class_or_empty
fire,negative,loop:fire_smoke_web_candidates_v3,images/review/2a43ca0509b389301b218557.jpg,pass,YES,0,1,/home/admin1/jgzj/.runtime/yolo_loop/datasets/fire_smoke_web_candidates_v3/images/review/2a43ca0509b389301b218557.jpg,.runtime/yolo_label_review/manual_annotations_v1/73/73bc1d5d9510629c21d4e8f7c6b93d7b57b00a6519ae6ef85ca71b5569621f9f.json,2026-07-21T03:15:19.341Z,2026-07-21T03:15:19.341Z,pass_other_class_or_empty
fire,negative,loop:fire_smoke_web_candidates_v3,images/review/2b6be3e1d449218e89185289.jpg,pass,YES,0,1,/home/admin1/jgzj/.runtime/yolo_loop/datasets/fire_smoke_web_candidates_v3/images/review/2b6be3e1d449218e89185289.jpg,.runtime/yolo_label_review/manual_annotations_v1/52/522fc13bf2ea850845867af37a67216de9068f94c67539e19392f1b6d0124829.json,2026-07-27T04:39:41.925Z,2026-07-27T04:39:41.925Z,pass_other_class_or_empty
fire,negative,loop:fire_smoke_web_candidates_v3,images/review/2b99ececbff59dc81ec30ed0.jpg,pass,YES,0,1,/home/admin1/jgzj/.runtime/yolo_loop/datasets/fire_smoke_web_candidates_v3/images/review/2b99ececbff59dc81ec30ed0.jpg,.runtime/yolo_label_review/manual_annotations_v1/ca/cac67431d70c7ecccee7bb0020d42973af1aae5b8e8e58fdaa3304d5820454f6.json,2026-07-27T04:42:21.022Z,2026-07-27T04:42:21.022Z,pass_other_class_or_empty
fire,negative,loop:fire_smoke_web_candidates_v3,images/review/2d50feca21b0c24eebade653.jpg,negative,NO,0,0,/home/admin1/jgzj/.runtime/yolo_loop/datasets/fire_smoke_web_candidates_v3/images/review/2d50feca21b0c24eebade653.jpg,.runtime/yolo_label_review/manual_annotations_v1/5c/5c2f2a8400924cd0441337d934229d322dc1b702844ca338694c80150d6ada06.json,2026-07-21T03:18:19.993Z,2026-07-21T03:18:19.993Z,manual_negative
fire,negative,loop:fire_smoke_web_candidates_v3,images/review/2d9720de5d60209adcfb4253.jpg,pass,YES,0,1,/home/admin1/jgzj/.runtime/yolo_loop/datasets/fire_smoke_web_candidates_v3/images/review/2d9720de5d60209adcfb4253.jpg,.runtime/yolo_label_review/manual_annotations_v1/85/854634d5dd8eb4aed2e16e5e297531b5d7fd97b95a4995f74d236cafbe9da65b.json,2026-07-21T02:35:55.199Z,2026-07-21T02:35:55.199Z,pass_other_class_or_empty
fire,negative,loop:fire_smoke_web_candidates_v3,images/review/30a3b19f41aee554508cd05b.jpg,negative,NO,0,0,/home/admin1/jgzj/.runtime/yolo_loop/datasets/fire_smoke_web_candidates_v3/images/review/30a3b19f41aee554508cd05b.jpg,.runtime/yolo_label_review/manual_annotations_v1/70/705d28718fce469a6e816e4d2b789cc2810b1a69b645c66c7c6ce2e1a743ba43.json,2026-07-21T02:18:26.476Z,2026-07-21T02:18:26.476Z,manual_negative
fire,negative,loop:fire_smoke_web_candidates_v3,images/review/30f5ae7ecd2c5fc93f9457df.jpg,negative,NO,0,0,/home/admin1/jgzj/.runtime/yolo_loop/datasets/fire_smoke_web_candidates_v3/images/review/30f5ae7ecd2c5fc93f9457df.jpg,.runtime/yolo_label_review/manual_annotations_v1/80/80bb366b73ddf57916b64ec5d777a3c55173e185f2b1cec97bc9aa585c96a770.json,2026-07-21T02:27:38.510Z,2026-07-21T02:27:38.510Z,manual_negative
fire,negative,loop:fire_smoke_web_candidates_v3,images/review/326656e3c052317ef7b5794b.jpg,negative,NO,0,0,/home/admin1/jgzj/.runtime/yolo_loop/datasets/fire_smoke_web_candidates_v3/images/review/326656e3c052317ef7b5794b.jpg,.runtime/yolo_label_review/manual_annotations_v1/be/be33aa3e27fab81c52669c87cbd2051e0705b1cf089cb553e5befb93cfc54907.json,2026-07-21T02:21:07.049Z,2026-07-21T02:21:07.049Z,manual_negative
fire,negative,loop:fire_smoke_web_candidates_v3,images/review/329c27618e197d8daa0919e6.jpg,negative,NO,0,0,/home/admin1/jgzj/.runtime/yolo_loop/datasets/fire_smoke_web_candidates_v3/images/review/329c27618e197d8daa0919e6.jpg,.runtime/yolo_label_review/manual_annotations_v1/a0/a04b9353d3151c5726e1c0e791552e5304efe5b1384be1aab1b69f701ec4bfc6.json,2026-07-21T02:14:34.733Z,2026-07-21T02:14:34.733Z,manual_negative
fire,negative,loop:fire_smoke_web_candidates_v3,images/review/32eeac906c90ca869bbc665a.jpg,negative,NO,0,0,/home/admin1/jgzj/.runtime/yolo_loop/datasets/fire_smoke_web_candidates_v3/images/review/32eeac906c90ca869bbc665a.jpg,.runtime/yolo_label_review/manual_annotations_v1/f2/f209588ef85e278221b86a9348b99898ed1a484fb76d4094f9eb43ba9c9bf0d4.json,2026-07-21T02:29:02.091Z,2026-07-21T02:29:02.091Z,manual_negative
fire,negative,loop:fire_smoke_web_candidates_v3,images/review/32f3c2dbef568a1557aa928a.jpg,negative,NO,0,0,/home/admin1/jgzj/.runtime/yolo_loop/datasets/fire_smoke_web_candidates_v3/images/review/32f3c2dbef568a1557aa928a.jpg,.runtime/yolo_label_review/manual_annotations_v1/8d/8d14e270d11ce01711f2c71104a19308e2458d9afeda8d006cf35e1d4c4311d8.json,2026-07-27T02:49:30.763Z,2026-07-27T02:49:30.763Z,manual_negative
fire,negative,loop:fire_smoke_web_candidates_v3,images/review/3359b3f9047cce682f06d1b8.jpg,pass,YES,0,1,/home/admin1/jgzj/.runtime/yolo_loop/datasets/fire_smoke_web_candidates_v3/images/review/3359b3f9047cce682f06d1b8.jpg,.runtime/yolo_label_review/manual_annotations_v1/9e/9e9f9c3945a60d8a1eb75f11042370de299b5992639e3e75819e23d73b1d9828.json,2026-07-27T04:20:51.038Z,2026-07-27T04:20:51.038Z,pass_other_class_or_empty
fire,negative,loop:fire_smoke_web_candidates_v3,images/review/34534bb698ccbc409b11f4c2.jpg,negative,NO,0,0,/home/admin1/jgzj/.runtime/yolo_loop/datasets/fire_smoke_web_candidates_v3/images/review/34534bb698ccbc409b11f4c2.jpg,.runtime/yolo_label_review/manual_annotations_v1/9f/9f0af4ec0da76cb0f10ee940c8f65463ba7c8c18750a9792ca5c8fb04b8a0575.json,2026-07-27T02:56:01.371Z,2026-07-27T02:56:01.371Z,manual_negative
fire,negative,loop:fire_smoke_web_candidates_v3,images/review/346041e46c6ec95776ffd088.jpg,negative,NO,0,0,/home/admin1/jgzj/.runtime/yolo_loop/datasets/fire_smoke_web_candidates_v3/images/review/346041e46c6ec95776ffd088.jpg,.runtime/yolo_label_review/manual_annotations_v1/af/af596d80a6737eccc58e0e42f9cd1fd6b3ccab873b2b6729d3668dbb82d6d45c.json,2026-07-27T02:42:47.395Z,2026-07-27T02:42:47.395Z,manual_negative
fire,negative,loop:fire_smoke_web_candidates_v3,images/review/3474cfce076f15d6e19c969a.jpg,negative,NO,0,0,/home/admin1/jgzj/.runtime/yolo_loop/datasets/fire_smoke_web_candidates_v3/images/review/3474cfce076f15d6e19c969a.jpg,.runtime/yolo_label_review/manual_annotations_v1/30/30299683289cf69d4e7133529b076eff440962ee79d3c45f59d334d2c3708e9d.json,2026-07-21T01:54:35.697Z,2026-07-21T01:54:35.697Z,manual_negative
fire,negative,loop:fire_smoke_web_candidates_v3,images/review/356e2bd312af94a692c5b3ac.jpg,pass,YES,0,1,/home/admin1/jgzj/.runtime/yolo_loop/datasets/fire_smoke_web_candidates_v3/images/review/356e2bd312af94a692c5b3ac.jpg,.runtime/yolo_label_review/manual_annotations_v1/54/54246e21144b7404c932848e46744a052b2d41ee8216c7730f87678c42aeddc2.json,2026-07-21T01:57:38.860Z,2026-07-21T01:57:38.860Z,pass_other_class_or_empty
fire,negative,loop:fire_smoke_web_candidates_v3,images/review/357893264e6fc8ffe53c757c.jpg,negative,NO,0,0,/home/admin1/jgzj/.runtime/yolo_loop/datasets/fire_smoke_web_candidates_v3/images/review/357893264e6fc8ffe53c757c.jpg,.runtime/yolo_label_review/manual_annotations_v1/5c/5c0d29cadd6d82d57a9f2269bb22bd6f0909a11923c20feadd9859b4abf6bcaa.json,2026-07-21T01:55:28.366Z,2026-07-21T01:55:28.366Z,manual_negative
fire,negative,loop:fire_smoke_web_candidates_v3,images/review/35ed5b03d44316aafcc9dbc7.jpg,negative,NO,0,0,/home/admin1/jgzj/.runtime/yolo_loop/datasets/fire_smoke_web_candidates_v3/images/review/35ed5b03d44316aafcc9dbc7.jpg,.runtime/yolo_label_review/manual_annotations_v1/ef/ef26c46aa79b5b111364b6947c40236426362e539311b59f7e86d7cdca51e84a.json,2026-07-21T03:05:29.786Z,2026-07-21T03:05:29.786Z,manual_negative
fire,negative,loop:fire_smoke_web_candidates_v3,images/review/36a8b1f704e39b97b29bffd9.jpg,pass,YES,0,1,/home/admin1/jgzj/.runtime/yolo_loop/datasets/fire_smoke_web_candidates_v3/images/review/36a8b1f704e39b97b29bffd9.jpg,.runtime/yolo_label_review/manual_annotations_v1/6a/6a4c233ed5277f6d5161f659cd50ebe1eab8f6061909b5cdad3cf120c8f4e176.json,2026-07-27T04:37:18.068Z,2026-07-27T04:37:18.068Z,pass_other_class_or_empty
fire,negative,loop:fire_smoke_web_candidates_v3,images/review/3767c1f9f9606d0abce07437.jpg,pass,YES,0,1,/home/admin1/jgzj/.runtime/yolo_loop/datasets/fire_smoke_web_candidates_v3/images/review/3767c1f9f9606d0abce07437.jpg,.runtime/yolo_label_review/manual_annotations_v1/cc/cc573b6aa5bd23c14944c9fb3fc9a664bc620277a72f90ee6b65eecaeb4207ef.json,2026-07-27T04:41:51.010Z,2026-07-27T04:41:51.010Z,pass_other_class_or_empty
fire,negative,loop:fire_smoke_web_candidates_v3,images/review/37ad288a3f28f99f22e95670.jpg,negative,NO,0,0,/home/admin1/jgzj/.runtime/yolo_loop/datasets/fire_smoke_web_candidates_v3/images/review/37ad288a3f28f99f22e95670.jpg,.runtime/yolo_label_review/manual_annotations_v1/fd/fd83a68e738424e678819c46b77dfd528d1d461e00c26bf1bf010b0637e635a5.json,2026-07-21T02:34:05.583Z,2026-07-21T02:34:05.583Z,manual_negative
fire,negative,loop:fire_smoke_web_candidates_v3,images/review/37eeca7e9481d9b3f5d86358.jpg,negative,NO,0,0,/home/admin1/jgzj/.runtime/yolo_loop/datasets/fire_smoke_web_candidates_v3/images/review/37eeca7e9481d9b3f5d86358.jpg,.runtime/yolo_label_review/manual_annotations_v1/75/759d7be9cd79e7bf0aa23c610fe79e4ad8f21d2294555394efacf149a2fca82f.json,2026-07-21T02:50:59.389Z,2026-07-21T02:50:59.389Z,manual_negative
fire,negative,loop:fire_smoke_web_candidates_v3,images/review/384d7174e65c53863e80a6f4.jpg,negative,NO,0,0,/home/admin1/jgzj/.runtime/yolo_loop/datasets/fire_smoke_web_candidates_v3/images/review/384d7174e65c53863e80a6f4.jpg,.runtime/yolo_label_review/manual_annotations_v1/25/25490b35a3136b0bf4510d6b34b13c860a5c61981e20f5d65d9ca97fadaf4674.json,2026-07-27T02:42:25.856Z,2026-07-27T02:42:25.856Z,manual_negative
fire,negative,loop:fire_smoke_web_candidates_v3,images/review/38fa435345862e7bb378a245.jpg,pass,YES,0,1,/home/admin1/jgzj/.runtime/yolo_loop/datasets/fire_smoke_web_candidates_v3/images/review/38fa435345862e7bb378a245.jpg,.runtime/yolo_label_review/manual_annotations_v1/55/55aa6c3f4c27a5c062cc9086bad3945a460ac5e354e4686d60c6a34356fc2e41.json,2026-07-27T04:35:09.365Z,2026-07-27T04:35:09.365Z,pass_other_class_or_empty
fire,negative,loop:fire_smoke_web_candidates_v3,images/review/39c5cbb4ed928d2804539749.jpg,negative,NO,0,0,/home/admin1/jgzj/.runtime/yolo_loop/datasets/fire_smoke_web_candidates_v3/images/review/39c5cbb4ed928d2804539749.jpg,.runtime/yolo_label_review/manual_annotations_v1/63/63ce5804ea1c6cf70dd124a9572c7bc7557f9befac66c5779ab12c2cefe80d08.json,2026-07-21T02:42:39.848Z,2026-07-21T02:42:39.848Z,manual_negative
fire,negative,loop:fire_smoke_web_candidates_v3,images/review/39cb8c10272e8149d9141ab4.jpg,negative,NO,0,0,/home/admin1/jgzj/.runtime/yolo_loop/datasets/fire_smoke_web_candidates_v3/images/review/39cb8c10272e8149d9141ab4.jpg,.runtime/yolo_label_review/manual_annotations_v1/e4/e44b374bc38e1881d781fee17a0c291226d837e765a3312a695769d0b1050ad4.json,2026-07-21T01:53:25.904Z,2026-07-21T01:53:25.904Z,manual_negative
fire,negative,loop:fire_smoke_web_candidates_v3,images/review/3bcfaef65fb8c90eb6b8bef5.jpg,negative,NO,0,0,/home/admin1/jgzj/.runtime/yolo_loop/datasets/fire_smoke_web_candidates_v3/images/review/3bcfaef65fb8c90eb6b8bef5.jpg,.runtime/yolo_label_review/manual_annotations_v1/cd/cd58e7bb332d4255ec2530c8663d7a0c206d369dcbf6c9d625cdff1325a9b5ac.json,2026-07-21T02:22:39.386Z,2026-07-21T02:22:39.386Z,manual_negative
fire,negative,loop:fire_smoke_web_candidates_v3,images/review/3bd8599bbf064fb8e031df03.jpg,pass,YES,0,1,/home/admin1/jgzj/.runtime/yolo_loop/datasets/fire_smoke_web_candidates_v3/images/review/3bd8599bbf064fb8e031df03.jpg,.runtime/yolo_label_review/manual_annotations_v1/c0/c0334ce4be28631dad3571ad9f2c837c3a2ccc05669d1263e29b221c2547e82e.json,2026-07-21T01:58:54.584Z,2026-07-21T01:58:54.584Z,pass_other_class_or_empty
fire,negative,loop:fire_smoke_web_candidates_v3,images/review/3c0025cb847a9a5a7cfd1d05.jpg,negative,NO,0,0,/home/admin1/jgzj/.runtime/yolo_loop/datasets/fire_smoke_web_candidates_v3/images/review/3c0025cb847a9a5a7cfd1d05.jpg,.runtime/yolo_label_review/manual_annotations_v1/09/09de88f9c3d8296643e5e89a19521576a1c08d122a3ce6dc15c2761dcedff2f4.json,2026-07-24T01:26:09.724Z,2026-07-24T01:26:09.724Z,manual_negative
fire,negative,loop:fire_smoke_web_candidates_v3,images/review/3c4e93f5ab97c84cfbe31033.jpg,negative,NO,0,0,/home/admin1/jgzj/.runtime/yolo_loop/datasets/fire_smoke_web_candidates_v3/images/review/3c4e93f5ab97c84cfbe31033.jpg,.runtime/yolo_label_review/manual_annotations_v1/af/af7ef7cd8e897d06d83083fe5bb4b314780de8c4c0a887a2841ae0964d5feada.json,2026-07-21T02:33:14.709Z,2026-07-21T02:33:14.709Z,manual_negative
fire,negative,loop:fire_smoke_web_candidates_v3,images/review/3cbf50a486184879f078eee3.jpg,negative,NO,0,0,/home/admin1/jgzj/.runtime/yolo_loop/datasets/fire_smoke_web_candidates_v3/images/review/3cbf50a486184879f078eee3.jpg,.runtime/yolo_label_review/manual_annotations_v1/83/83c24b408dfff6b620fb87934dda01de910e4aa3f930a3389d4df21877b94bf5.json,2026-07-21T03:20:58.011Z,2026-07-21T03:20:58.011Z,manual_negative
fire,negative,loop:fire_smoke_web_candidates_v3,images/review/3df55965ce693f526e840795.jpg,negative,NO,0,0,/home/admin1/jgzj/.runtime/yolo_loop/datasets/fire_smoke_web_candidates_v3/images/review/3df55965ce693f526e840795.jpg,.runtime/yolo_label_review/manual_annotations_v1/3d/3d26587f288a10155e3802ee14381ba90e39186e513ebbcae3ae0d3baf0b5920.json,2026-07-21T03:14:16.391Z,2026-07-21T03:14:16.391Z,manual_negative
fire,negative,loop:fire_smoke_web_candidates_v3,images/review/3fb17682265c3f06bf12005c.jpg,negative,NO,0,0,/home/admin1/jgzj/.runtime/yolo_loop/datasets/fire_smoke_web_candidates_v3/images/review/3fb17682265c3f06bf12005c.jpg,.runtime/yolo_label_review/manual_annotations_v1/92/92c5bdd1d214d528a5f7d3cdb90b4a43468081c88ffd3c62525dfdc3818e84bd.json,2026-07-27T02:55:18.984Z,2026-07-27T02:55:18.984Z,manual_negative
fire,negative,loop:fire_smoke_web_candidates_v3,images/review/41719466de0984e8573277d5.jpg,negative,NO,0,0,/home/admin1/jgzj/.runtime/yolo_loop/datasets/fire_smoke_web_candidates_v3/images/review/41719466de0984e8573277d5.jpg,.runtime/yolo_label_review/manual_annotations_v1/68/6853d24a1f52cf938ba5682d419792ee6ff48cf149062b614766d558fbf4c3d3.json,2026-07-27T04:47:13.207Z,2026-07-27T04:47:13.207Z,manual_negative
fire,negative,loop:fire_smoke_web_candidates_v3,images/review/422bdf9c61d0acbe4e555813.jpg,pass,YES,0,4,/home/admin1/jgzj/.runtime/yolo_loop/datasets/fire_smoke_web_candidates_v3/images/review/422bdf9c61d0acbe4e555813.jpg,.runtime/yolo_label_review/manual_annotations_v1/4d/4deee32f8bd4b6a6aa1ff3ec0426cc8485cf3195ceb87d5d1da6b56a55b19b47.json,2026-07-21T03:00:46.421Z,2026-07-21T03:00:46.421Z,pass_other_class_or_empty
fire,negative,loop:fire_smoke_web_candidates_v3,images/review/42f2b3b71f440dbd850b5802.jpg,negative,NO,0,0,/home/admin1/jgzj/.runtime/yolo_loop/datasets/fire_smoke_web_candidates_v3/images/review/42f2b3b71f440dbd850b5802.jpg,.runtime/yolo_label_review/manual_annotations_v1/f9/f90cead83629cfcff4318cfd77b8e6d51284d2db361877575a7859b3ff90a905.json,2026-07-21T03:18:12.980Z,2026-07-21T03:18:12.980Z,manual_negative
fire,negative,loop:fire_smoke_web_candidates_v3,images/review/432476b8655405997da2eb8a.jpg,negative,NO,0,0,/home/admin1/jgzj/.runtime/yolo_loop/datasets/fire_smoke_web_candidates_v3/images/review/432476b8655405997da2eb8a.jpg,.runtime/yolo_label_review/manual_annotations_v1/0e/0e6ddc7c99ee792f22cedf3d86bc35129ac30182e1c6645c2ea81b373fbc12b8.json,2026-07-21T02:28:56.784Z,2026-07-21T02:28:56.784Z,manual_negative
fire,negative,loop:fire_smoke_web_candidates_v3,images/review/438c853ad5bdb0adcffc036a.jpg,pass,YES,0,1,/home/admin1/jgzj/.runtime/yolo_loop/datasets/fire_smoke_web_candidates_v3/images/review/438c853ad5bdb0adcffc036a.jpg,.runtime/yolo_label_review/manual_annotations_v1/43/43528351422eed4d7a8a84bb8cb722b4d89f60388852521ba451d5ec473f384a.json,2026-07-21T02:00:24.860Z,2026-07-21T02:00:24.860Z,pass_other_class_or_empty
fire,negative,loop:fire_smoke_web_candidates_v3,images/review/439e71759421f88b1b7d7943.jpg,negative,NO,0,0,/home/admin1/jgzj/.runtime/yolo_loop/datasets/fire_smoke_web_candidates_v3/images/review/439e71759421f88b1b7d7943.jpg,.runtime/yolo_label_review/manual_annotations_v1/40/40e033b70149563b648aecaf82f66131e57511b8d6e363a53abe75f24e3315da.json,2026-07-27T03:16:48.213Z,2026-07-27T03:16:48.213Z,manual_negative
fire,negative,loop:fire_smoke_web_candidates_v3,images/review/4443788eed52587016f1e3e3.jpg,pass,YES,0,1,/home/admin1/jgzj/.runtime/yolo_loop/datasets/fire_smoke_web_candidates_v3/images/review/4443788eed52587016f1e3e3.jpg,.runtime/yolo_label_review/manual_annotations_v1/9b/9baa6303d4e983500d8b983dad88f1187ab4adf4fd41c27cdfafcf2ef014bae8.json,2026-07-27T03:02:07.738Z,2026-07-27T03:02:07.738Z,pass_other_class_or_empty
fire,negative,loop:fire_smoke_web_candidates_v3,images/review/44bbfd7892d10ceee172377e.jpg,pass,YES,0,1,/home/admin1/jgzj/.runtime/yolo_loop/datasets/fire_smoke_web_candidates_v3/images/review/44bbfd7892d10ceee172377e.jpg,.runtime/yolo_label_review/manual_annotations_v1/6d/6d9579e4ebd2496afd2fdfb0bacefd4f646443d9380ae17637d2191b836c86ec.json,2026-07-27T02:41:22.086Z,2026-07-27T02:41:22.086Z,pass_other_class_or_empty
fire,negative,loop:fire_smoke_web_candidates_v3,images/review/454fb1bc8115f51a511ec00e.jpg,negative,NO,0,0,/home/admin1/jgzj/.runtime/yolo_loop/datasets/fire_smoke_web_candidates_v3/images/review/454fb1bc8115f51a511ec00e.jpg,.runtime/yolo_label_review/manual_annotations_v1/13/13868d276fcc19a7e38187b86f804c2552280029288cc213aee0d6cce8abcd73.json,2026-07-27T02:40:19.129Z,2026-07-27T02:40:19.129Z,manual_negative
fire,negative,loop:fire_smoke_web_candidates_v3,images/review/46e0309cf3213510fc5089c0.jpg,pass,YES,0,1,/home/admin1/jgzj/.runtime/yolo_loop/datasets/fire_smoke_web_candidates_v3/images/review/46e0309cf3213510fc5089c0.jpg,.runtime/yolo_label_review/manual_annotations_v1/ed/ede4bdb97766e95f457a0b9bc250ccd8d4adc9aef39ff769cfc9ace2ebdb6e7a.json,2026-07-27T04:33:49.407Z,2026-07-27T04:33:49.407Z,pass_other_class_or_empty
fire,negative,loop:fire_smoke_web_candidates_v3,images/review/4866f82e09ec78fe59c1b7f6.jpg,negative,NO,0,0,/home/admin1/jgzj/.runtime/yolo_loop/datasets/fire_smoke_web_candidates_v3/images/review/4866f82e09ec78fe59c1b7f6.jpg,.runtime/yolo_label_review/manual_annotations_v1/38/38e7fdb3365b57f7543c7e18e7a5bcdf6445433315d8934e6d3c02944ce46ff5.json,2026-07-27T04:46:43.823Z,2026-07-27T04:46:43.823Z,manual_negative
fire,negative,loop:fire_smoke_web_candidates_v3,images/review/4a3c45b30cb8df58811d44c3.jpg,negative,NO,0,0,/home/admin1/jgzj/.runtime/yolo_loop/datasets/fire_smoke_web_candidates_v3/images/review/4a3c45b30cb8df58811d44c3.jpg,.runtime/yolo_label_review/manual_annotations_v1/68/6866fae76401b9555139f0fd25c10d78978239c6d3e7ec4d718723f5229fd88d.json,2026-07-21T01:47:06.003Z,2026-07-21T01:47:06.003Z,manual_negative
fire,negative,loop:fire_smoke_web_candidates_v3,images/review/4a5001653223d72bac900792.jpg,negative,NO,0,0,/home/admin1/jgzj/.runtime/yolo_loop/datasets/fire_smoke_web_candidates_v3/images/review/4a5001653223d72bac900792.jpg,.runtime/yolo_label_review/manual_annotations_v1/99/9926e370af9af1e0ef72677ff51e9787e5cf22852fee7f8507923d8044a3b835.json,2026-07-21T02:19:52.915Z,2026-07-21T02:19:52.915Z,manual_negative
fire,negative,loop:fire_smoke_web_candidates_v3,images/review/4ac98e8c0c29074d51c4720a.jpg,pass,YES,0,1,/home/admin1/jgzj/.runtime/yolo_loop/datasets/fire_smoke_web_candidates_v3/images/review/4ac98e8c0c29074d51c4720a.jpg,.runtime/yolo_label_review/manual_annotations_v1/61/61477afe65c9a672802dbda0c757aac28ff6310cc30f311c7b70ab92d3de9713.json,2026-07-27T03:23:24.443Z,2026-07-27T03:23:24.443Z,pass_other_class_or_empty
fire,negative,loop:fire_smoke_web_candidates_v3,images/review/4b52f4d5a4391cf786d5eb5d.jpg,negative,NO,0,0,/home/admin1/jgzj/.runtime/yolo_loop/datasets/fire_smoke_web_candidates_v3/images/review/4b52f4d5a4391cf786d5eb5d.jpg,.runtime/yolo_label_review/manual_annotations_v1/a8/a898c73220a43eb8cdd0451aba260cdad707e476c14c01993d6c2a788523b8bb.json,2026-07-27T02:55:06.671Z,2026-07-27T02:55:06.671Z,manual_negative
fire,negative,loop:fire_smoke_web_candidates_v3,images/review/4bc08867ce527b489122346c.jpg,negative,NO,0,0,/home/admin1/jgzj/.runtime/yolo_loop/datasets/fire_smoke_web_candidates_v3/images/review/4bc08867ce527b489122346c.jpg,.runtime/yolo_label_review/manual_annotations_v1/3a/3a41f23c862d561c54feec5c89932faf8fc3d3d06c79a4b85e2bfb42d4a6ea3f.json,2026-07-21T02:14:27.258Z,2026-07-21T02:14:27.258Z,manual_negative
fire,negative,loop:fire_smoke_web_candidates_v3,images/review/4dc9d93bb9baaad8768cd5cd.jpg,negative,NO,0,0,/home/admin1/jgzj/.runtime/yolo_loop/datasets/fire_smoke_web_candidates_v3/images/review/4dc9d93bb9baaad8768cd5cd.jpg,.runtime/yolo_label_review/manual_annotations_v1/d9/d976ff92c5ae95d5e94ad1bdbe6b19562cd9b161b38b08a098a1df93f2522920.json,2026-07-21T02:44:34.505Z,2026-07-21T02:44:34.505Z,manual_negative
fire,negative,loop:fire_smoke_web_candidates_v3,images/review/4e0a93599d5ccb2fccfd61aa.jpg,negative,NO,0,0,/home/admin1/jgzj/.runtime/yolo_loop/datasets/fire_smoke_web_candidates_v3/images/review/4e0a93599d5ccb2fccfd61aa.jpg,.runtime/yolo_label_review/manual_annotations_v1/95/95e270093c1240c02345286b039da9ea8397ea93dbe1cea78097f4f2a4d8baf4.json,2026-07-21T02:23:39.833Z,2026-07-21T02:23:39.833Z,manual_negative
fire,negative,loop:fire_smoke_web_candidates_v3,images/review/4e4aa2972dfb18203f7bf42b.jpg,pass,YES,0,1,/home/admin1/jgzj/.runtime/yolo_loop/datasets/fire_smoke_web_candidates_v3/images/review/4e4aa2972dfb18203f7bf42b.jpg,.runtime/yolo_label_review/manual_annotations_v1/99/99279940e5c2afa07c036f5e866386bf3f1569d767d7b349a55fe23cee6754a9.json,2026-07-21T02:26:41.604Z,2026-07-21T02:26:41.604Z,pass_other_class_or_empty
fire,negative,loop:fire_smoke_web_candidates_v3,images/review/4e557c6bf09ebf389126ec0a.jpg,negative,NO,0,0,/home/admin1/jgzj/.runtime/yolo_loop/datasets/fire_smoke_web_candidates_v3/images/review/4e557c6bf09ebf389126ec0a.jpg,.runtime/yolo_label_review/manual_annotations_v1/10/10bbd226a8bf343bcfb05225ef2f6313618ee01c40ead7f0273d4f5866fa338a.json,2026-07-21T02:38:59.201Z,2026-07-21T02:38:59.201Z,manual_negative
fire,negative,loop:fire_smoke_web_candidates_v3,images/review/4e99965edfcace333a181e3b.jpg,pass,YES,0,1,/home/admin1/jgzj/.runtime/yolo_loop/datasets/fire_smoke_web_candidates_v3/images/review/4e99965edfcace333a181e3b.jpg,.runtime/yolo_label_review/manual_annotations_v1/3d/3d238fcae64582eedac94d442ab7081be34922c4d9c248a31965830f43af8081.json,2026-07-21T02:25:53.408Z,2026-07-21T02:25:53.408Z,pass_other_class_or_empty
fire,negative,loop:fire_smoke_web_candidates_v3,images/review/50d2ded19f39c32621c59778.jpg,negative,NO,0,0,/home/admin1/jgzj/.runtime/yolo_loop/datasets/fire_smoke_web_candidates_v3/images/review/50d2ded19f39c32621c59778.jpg,.runtime/yolo_label_review/manual_annotations_v1/88/884e2ca0dae23f7846a4fca5d248cb2e4abb87bbe1f23153797de8e1a29c703b.json,2026-07-21T02:22:26.692Z,2026-07-21T02:22:26.692Z,manual_negative
fire,negative,loop:fire_smoke_web_candidates_v3,images/review/50ee8833d3d4d20c69846ee6.jpg,pass,YES,0,1,/home/admin1/jgzj/.runtime/yolo_loop/datasets/fire_smoke_web_candidates_v3/images/review/50ee8833d3d4d20c69846ee6.jpg,.runtime/yolo_label_review/manual_annotations_v1/49/49fcb38d00641d2756d3cbb11dbd5c578cb9dcb07a28eaa8058d8a323f2ed5e9.json,2026-07-27T03:21:49.417Z,2026-07-27T03:21:49.417Z,pass_other_class_or_empty
fire,negative,loop:fire_smoke_web_candidates_v3,images/review/52d3700b327fa5eaaa04b276.jpg,negative,NO,0,0,/home/admin1/jgzj/.runtime/yolo_loop/datasets/fire_smoke_web_candidates_v3/images/review/52d3700b327fa5eaaa04b276.jpg,.runtime/yolo_label_review/manual_annotations_v1/41/41ca823da901501e8f1089fe9ac4f14bb02a6c0bf3c2572cc6efdc21b006efdf.json,2026-07-27T02:59:47.671Z,2026-07-27T02:59:47.671Z,manual_negative
fire,negative,loop:fire_smoke_web_candidates_v3,images/review/539440edb0aaa4ad613a2ac5.jpg,negative,NO,0,0,/home/admin1/jgzj/.runtime/yolo_loop/datasets/fire_smoke_web_candidates_v3/images/review/539440edb0aaa4ad613a2ac5.jpg,.runtime/yolo_label_review/manual_annotations_v1/f1/f1b6947cd89e30980498ceb3ea69a83940dccbaa4e41870311cbbe448ab2c909.json,2026-07-21T03:18:07.199Z,2026-07-21T03:18:07.199Z,manual_negative
fire,negative,loop:fire_smoke_web_candidates_v3,images/review/53ba002922cda0fec1f4f1ee.jpg,negative,NO,0,0,/home/admin1/jgzj/.runtime/yolo_loop/datasets/fire_smoke_web_candidates_v3/images/review/53ba002922cda0fec1f4f1ee.jpg,.runtime/yolo_label_review/manual_annotations_v1/31/31e4dc8bc08b0ec1bedb0e06ff365fd7b63072095ca161d822902cd4757d1324.json,2026-07-21T03:17:52.091Z,2026-07-21T03:17:52.091Z,manual_negative
fire,negative,loop:fire_smoke_web_candidates_v3,images/review/5475796e52ba6ccb7ffee81b.jpg,negative,NO,0,0,/home/admin1/jgzj/.runtime/yolo_loop/datasets/fire_smoke_web_candidates_v3/images/review/5475796e52ba6ccb7ffee81b.jpg,.runtime/yolo_label_review/manual_annotations_v1/5b/5bdd9bb9ebd9abc5234868d7733cb554506d73dfacc6154684fd238e32fb1e86.json,2026-07-21T02:19:46.237Z,2026-07-21T02:19:46.237Z,manual_negative
fire,negative,loop:fire_smoke_web_candidates_v3,images/review/553175e2ae7cb102dfe6229b.jpg,pass,YES,0,1,/home/admin1/jgzj/.runtime/yolo_loop/datasets/fire_smoke_web_candidates_v3/images/review/553175e2ae7cb102dfe6229b.jpg,.runtime/yolo_label_review/manual_annotations_v1/18/187444162d6e9aa37a763c8d48db2fb6d35f8ef72c454cadd63f9015c908065b.json,2026-07-21T03:09:07.119Z,2026-07-21T03:09:07.119Z,pass_other_class_or_empty
fire,negative,loop:fire_smoke_web_candidates_v3,images/review/557f25bb17859ab3fc1118f1.jpg,negative,NO,0,0,/home/admin1/jgzj/.runtime/yolo_loop/datasets/fire_smoke_web_candidates_v3/images/review/557f25bb17859ab3fc1118f1.jpg,.runtime/yolo_label_review/manual_annotations_v1/40/40999e5479d7e878bbb5660b3c4e347547a53087248b7ccb7e2f553efabc94f6.json,2026-07-21T03:07:52.433Z,2026-07-21T03:07:52.433Z,manual_negative
fire,negative,loop:fire_smoke_web_candidates_v3,images/review/557f333b3372d2ede58990cc.jpg,negative,NO,0,0,/home/admin1/jgzj/.runtime/yolo_loop/datasets/fire_smoke_web_candidates_v3/images/review/557f333b3372d2ede58990cc.jpg,.runtime/yolo_label_review/manual_annotations_v1/91/91df1c12099435a93125092d7475baedc7d392dc15c792adc6185e02a7179c30.json,2026-07-21T02:21:02.262Z,2026-07-21T02:21:02.262Z,manual_negative
fire,negative,loop:fire_smoke_web_candidates_v3,images/review/55e105e046a56fcbfd42b32a.jpg,negative,NO,0,0,/home/admin1/jgzj/.runtime/yolo_loop/datasets/fire_smoke_web_candidates_v3/images/review/55e105e046a56fcbfd42b32a.jpg,.runtime/yolo_label_review/manual_annotations_v1/bb/bbe0499f1f593280a7ffa982a32f18e881efa220a7ffe34c444dd8579194836a.json,2026-07-21T02:48:59.537Z,2026-07-21T02:48:59.537Z,manual_negative
fire,negative,loop:fire_smoke_web_candidates_v3,images/review/57d106387866e7191d701ac3.jpg,negative,NO,0,0,/home/admin1/jgzj/.runtime/yolo_loop/datasets/fire_smoke_web_candidates_v3/images/review/57d106387866e7191d701ac3.jpg,.runtime/yolo_label_review/manual_annotations_v1/8f/8fdd3fa40a7e61a51eccf8ac6256b3aca925619f1bf834b948ec1fc7e3fb2470.json,2026-07-21T02:33:23.096Z,2026-07-21T02:33:23.096Z,manual_negative
fire,negative,loop:fire_smoke_web_candidates_v3,images/review/58c29c984acc0c611bcd1c22.jpg,pass,YES,0,2,/home/admin1/jgzj/.runtime/yolo_loop/datasets/fire_smoke_web_candidates_v3/images/review/58c29c984acc0c611bcd1c22.jpg,.runtime/yolo_label_review/manual_annotations_v1/b6/b672edf1f5e2915fa0f5cdb566736d1dc4c2b5ebb7a74d4abd56d4a78bd6458c.json,2026-07-21T02:23:20.229Z,2026-07-21T02:23:20.229Z,pass_other_class_or_empty
fire,negative,loop:fire_smoke_web_candidates_v3,images/review/591d3fac93c8d0ab670ced20.jpg,pass,YES,0,1,/home/admin1/jgzj/.runtime/yolo_loop/datasets/fire_smoke_web_candidates_v3/images/review/591d3fac93c8d0ab670ced20.jpg,.runtime/yolo_label_review/manual_annotations_v1/61/61174720570893d4f52fc67cce5e430f9168fa3c95792814bd6100614c4cb91b.json,2026-07-27T03:23:34.416Z,2026-07-27T03:23:34.416Z,pass_other_class_or_empty
fire,negative,loop:fire_smoke_web_candidates_v3,images/review/594c4a8210ad39c9acbe4fda.jpg,negative,NO,0,0,/home/admin1/jgzj/.runtime/yolo_loop/datasets/fire_smoke_web_candidates_v3/images/review/594c4a8210ad39c9acbe4fda.jpg,.runtime/yolo_label_review/manual_annotations_v1/55/55c808d31ef8114705d7f34afa7a62e15ae31a3b991c8f8ece46d313da520bfa.json,2026-07-21T02:21:37.975Z,2026-07-21T02:21:37.975Z,manual_negative
fire,negative,loop:fire_smoke_web_candidates_v3,images/review/59652eee6ad3b8a42a8220f3.jpg,pass,YES,0,1,/home/admin1/jgzj/.runtime/yolo_loop/datasets/fire_smoke_web_candidates_v3/images/review/59652eee6ad3b8a42a8220f3.jpg,.runtime/yolo_label_review/manual_annotations_v1/d0/d03e55b60a025e798cee19a06a4c6f47710d054a59adf7e07980ed672537683b.json,2026-07-27T04:45:45.901Z,2026-07-27T04:45:45.901Z,pass_other_class_or_empty
fire,negative,loop:fire_smoke_web_candidates_v3,images/review/59b8f062f1488a09133b149d.jpg,negative,NO,0,0,/home/admin1/jgzj/.runtime/yolo_loop/datasets/fire_smoke_web_candidates_v3/images/review/59b8f062f1488a09133b149d.jpg,.runtime/yolo_label_review/manual_annotations_v1/64/64bba3aaa4dc92e5388fa5fa41def9560c0183e20e1d043a62890f5333f018df.json,2026-07-21T03:05:36.711Z,2026-07-21T03:05:36.711Z,manual_negative
fire,negative,loop:fire_smoke_web_candidates_v3,images/review/5a0d03969ae492e4c925858f.jpg,negative,NO,0,0,/home/admin1/jgzj/.runtime/yolo_loop/datasets/fire_smoke_web_candidates_v3/images/review/5a0d03969ae492e4c925858f.jpg,.runtime/yolo_label_review/manual_annotations_v1/f6/f6153fa2d63ddbbbaa6677d1f99ef9c5ec4f4a96f01109d9c462c73c2a7d5fd5.json,2026-07-21T01:53:12.737Z,2026-07-21T01:53:12.737Z,manual_negative
fire,negative,loop:fire_smoke_web_candidates_v3,images/review/5ae6fd4041b2f936d098c2e9.jpg,negative,NO,0,0,/home/admin1/jgzj/.runtime/yolo_loop/datasets/fire_smoke_web_candidates_v3/images/review/5ae6fd4041b2f936d098c2e9.jpg,.runtime/yolo_label_review/manual_annotations_v1/be/be51a10ea0d8c0c4f3cdee98b2b9c7e31ef8b08b26b32f2e686d8e86e8e98713.json,2026-07-27T04:47:03.495Z,2026-07-27T04:47:03.495Z,manual_negative
fire,negative,loop:fire_smoke_web_candidates_v3,images/review/5aeceb346f5eb94e7c999738.jpg,pass,YES,0,1,/home/admin1/jgzj/.runtime/yolo_loop/datasets/fire_smoke_web_candidates_v3/images/review/5aeceb346f5eb94e7c999738.jpg,.runtime/yolo_label_review/manual_annotations_v1/75/7589bc8760db6cc2c751a1ed8cba3844207187f58e4fd2fad1cccce52fb8ca78.json,2026-07-21T03:05:04.331Z,2026-07-21T03:05:04.331Z,pass_other_class_or_empty
fire,negative,loop:fire_smoke_web_candidates_v3,images/review/5b0190639e1e218606400e6f.jpg,negative,NO,0,0,/home/admin1/jgzj/.runtime/yolo_loop/datasets/fire_smoke_web_candidates_v3/images/review/5b0190639e1e218606400e6f.jpg,.runtime/yolo_label_review/manual_annotations_v1/93/9354e3cc844cf3cfc9cd482a16698a1964620cf704194a74fe1834394b579b10.json,2026-07-27T02:49:37.526Z,2026-07-27T02:49:37.526Z,manual_negative
fire,negative,loop:fire_smoke_web_candidates_v3,images/review/5bf3a0a4ece36527aede0252.jpg,negative,NO,0,0,/home/admin1/jgzj/.runtime/yolo_loop/datasets/fire_smoke_web_candidates_v3/images/review/5bf3a0a4ece36527aede0252.jpg,.runtime/yolo_label_review/manual_annotations_v1/53/533e85871f377fc40e783f1f12f310391d1e9bc00e0f4a063e306da391af06eb.json,2026-07-21T02:22:32.772Z,2026-07-21T02:22:32.772Z,manual_negative
fire,negative,loop:fire_smoke_web_candidates_v3,images/review/5ce094333236570a4ab3bb3c.jpg,negative,NO,0,0,/home/admin1/jgzj/.runtime/yolo_loop/datasets/fire_smoke_web_candidates_v3/images/review/5ce094333236570a4ab3bb3c.jpg,.runtime/yolo_label_review/manual_annotations_v1/07/07286e936408cebad167c102b92797e9025361f7db8153daafe1866db0627711.json,2026-07-21T03:01:54.180Z,2026-07-21T03:01:54.180Z,manual_negative
fire,negative,loop:fire_smoke_web_candidates_v3,images/review/5dc7cada4808debf0fe7b2b2.jpg,negative,NO,0,0,/home/admin1/jgzj/.runtime/yolo_loop/datasets/fire_smoke_web_candidates_v3/images/review/5dc7cada4808debf0fe7b2b2.jpg,.runtime/yolo_label_review/manual_annotations_v1/dc/dc1bba5a3da96866314ae0b5ec763be35013a6b9c35add136fecf9560c073c66.json,2026-07-21T02:28:27.436Z,2026-07-21T02:28:27.436Z,manual_negative
fire,negative,loop:fire_smoke_web_candidates_v3,images/review/5efe80dc610086e1f8eea0a7.jpg,pass,YES,0,1,/home/admin1/jgzj/.runtime/yolo_loop/datasets/fire_smoke_web_candidates_v3/images/review/5efe80dc610086e1f8eea0a7.jpg,.runtime/yolo_label_review/manual_annotations_v1/be/be92210599c1cbc9382fc24e1b44c061e84c3441380667d0dfd4aeac98981473.json,2026-07-21T02:31:42.925Z,2026-07-21T02:31:42.925Z,pass_other_class_or_empty
fire,negative,loop:fire_smoke_web_candidates_v3,images/review/5f46b46d614b2ccc3d1d6db3.jpg,negative,NO,0,0,/home/admin1/jgzj/.runtime/yolo_loop/datasets/fire_smoke_web_candidates_v3/images/review/5f46b46d614b2ccc3d1d6db3.jpg,.runtime/yolo_label_review/manual_annotations_v1/be/be39f5331dd91b4d905cfc62787640df89fe6f0702bae7f45abdb92aa06a46a5.json,2026-07-27T02:59:24.963Z,2026-07-27T02:59:24.963Z,manual_negative
fire,negative,loop:fire_smoke_web_candidates_v3,images/review/601d928ec1b4953070a81935.jpg,negative,NO,0,0,/home/admin1/jgzj/.runtime/yolo_loop/datasets/fire_smoke_web_candidates_v3/images/review/601d928ec1b4953070a81935.jpg,.runtime/yolo_label_review/manual_annotations_v1/f0/f0c11066f8d30735809e1c35c37526efc353ca079e515e12d0ea5d71c2cab37e.json,2026-07-21T03:01:48.804Z,2026-07-21T03:01:48.804Z,manual_negative
fire,negative,loop:fire_smoke_web_candidates_v3,images/review/61cf322e7653f51fdf1d5469.jpg,pass,YES,0,1,/home/admin1/jgzj/.runtime/yolo_loop/datasets/fire_smoke_web_candidates_v3/images/review/61cf322e7653f51fdf1d5469.jpg,.runtime/yolo_label_review/manual_annotations_v1/2e/2e58250b430d1b6ebb067e69cc14d68d62483acf05edc5bce0161155f3e440a6.json,2026-07-27T02:34:21.809Z,2026-07-27T02:34:21.809Z,pass_other_class_or_empty
fire,negative,loop:fire_smoke_web_candidates_v3,images/review/62566ec8a389ade9f799d859.jpg,negative,NO,0,0,/home/admin1/jgzj/.runtime/yolo_loop/datasets/fire_smoke_web_candidates_v3/images/review/62566ec8a389ade9f799d859.jpg,.runtime/yolo_label_review/manual_annotations_v1/9b/9b63a85a792fbf91fc231d60c30139ecf4ccb426014c67228ae45efe353c9f8a.json,2026-07-21T02:28:14.220Z,2026-07-21T02:28:14.220Z,manual_negative
fire,negative,loop:fire_smoke_web_candidates_v3,images/review/62a77959e703b8deac859d73.jpg,negative,NO,0,0,/home/admin1/jgzj/.runtime/yolo_loop/datasets/fire_smoke_web_candidates_v3/images/review/62a77959e703b8deac859d73.jpg,.runtime/yolo_label_review/manual_annotations_v1/a4/a4d26c9cdba5204b1b2251a3ba3d00a6ff90006fce42925100cd8ef58d3f5cfe.json,2026-07-21T02:18:00.299Z,2026-07-21T02:18:00.299Z,manual_negative
fire,negative,loop:fire_smoke_web_candidates_v3,images/review/631cd71811d314e26c40f463.jpg,pass,YES,0,1,/home/admin1/jgzj/.runtime/yolo_loop/datasets/fire_smoke_web_candidates_v3/images/review/631cd71811d314e26c40f463.jpg,.runtime/yolo_label_review/manual_annotations_v1/bf/bfe7dc60f069fe17c1feae062225ab20f287923f096944364829f6a8af8bc201.json,2026-07-21T02:00:45.500Z,2026-07-21T02:00:45.500Z,pass_other_class_or_empty
fire,negative,loop:fire_smoke_web_candidates_v3,images/review/633b6a8f41852a1c0a7bef36.jpg,negative,NO,0,0,/home/admin1/jgzj/.runtime/yolo_loop/datasets/fire_smoke_web_candidates_v3/images/review/633b6a8f41852a1c0a7bef36.jpg,.runtime/yolo_label_review/manual_annotations_v1/8d/8dd367eb295dc191041000c0b4b6a8abc6d9a46e9923c37c58b7e148f8379450.json,2026-07-27T04:22:49.857Z,2026-07-27T04:22:49.857Z,manual_negative
fire,negative,loop:fire_smoke_web_candidates_v3,images/review/63995aa5b25d31e9edd5dfe3.jpg,negative,NO,0,0,/home/admin1/jgzj/.runtime/yolo_loop/datasets/fire_smoke_web_candidates_v3/images/review/63995aa5b25d31e9edd5dfe3.jpg,.runtime/yolo_label_review/manual_annotations_v1/fa/faafb611d9bc0fa1188c41738f42b2c787361f1b91b2b3bcbcca3b2df88322ab.json,2026-07-21T02:50:43.606Z,2026-07-21T02:50:43.606Z,manual_negative
fire,negative,loop:fire_smoke_web_candidates_v3,images/review/65480f584141531604db7ffb.jpg,pass,YES,0,1,/home/admin1/jgzj/.runtime/yolo_loop/datasets/fire_smoke_web_candidates_v3/images/review/65480f584141531604db7ffb.jpg,.runtime/yolo_label_review/manual_annotations_v1/64/642b6dbfa2e9d6bb66242b11784262eb962a21cd7e200c6542dec4014255408e.json,2026-07-27T02:41:33.386Z,2026-07-27T02:41:33.386Z,pass_other_class_or_empty
fire,negative,loop:fire_smoke_web_candidates_v3,images/review/6588683f0a9b17acd1c472d8.jpg,negative,NO,0,0,/home/admin1/jgzj/.runtime/yolo_loop/datasets/fire_smoke_web_candidates_v3/images/review/6588683f0a9b17acd1c472d8.jpg,.runtime/yolo_label_review/manual_annotations_v1/44/44c912756baa6e791ffbba83bbc5b0acf8dbdaf48f72ffdac4f57b8600e21fc3.json,2026-07-27T03:22:36.908Z,2026-07-27T03:22:36.908Z,manual_negative
fire,negative,loop:fire_smoke_web_candidates_v3,images/review/659cc504cf37f7e972a648a2.jpg,negative,NO,0,0,/home/admin1/jgzj/.runtime/yolo_loop/datasets/fire_smoke_web_candidates_v3/images/review/659cc504cf37f7e972a648a2.jpg,.runtime/yolo_label_review/manual_annotations_v1/68/68520c27b57a7ef6a9f1435695d3d84530c3e7ac0f511f526bfe29600058d3d1.json,2026-07-21T02:34:40.433Z,2026-07-21T02:34:40.433Z,manual_negative
fire,negative,loop:fire_smoke_web_candidates_v3,images/review/65cb993e3dc8b73189f5449a.jpg,pass,YES,0,1,/home/admin1/jgzj/.runtime/yolo_loop/datasets/fire_smoke_web_candidates_v3/images/review/65cb993e3dc8b73189f5449a.jpg,.runtime/yolo_label_review/manual_annotations_v1/1c/1c67dfb574b9e12d485c39a239764fe177c154b0b8e7481dcd57b0f2f5d59599.json,2026-07-21T02:29:26.290Z,2026-07-21T02:29:26.290Z,pass_other_class_or_empty
fire,negative,loop:fire_smoke_web_candidates_v3,images/review/662daddad601c3f84ccf071d.jpg,negative,NO,0,0,/home/admin1/jgzj/.runtime/yolo_loop/datasets/fire_smoke_web_candidates_v3/images/review/662daddad601c3f84ccf071d.jpg,.runtime/yolo_label_review/manual_annotations_v1/1a/1a33b211e43d49865eb3ffad7a8e88959dac3b9b0ad407ebfe8a8d09604b9c82.json,2026-07-21T01:47:35.292Z,2026-07-21T01:47:35.292Z,manual_negative
fire,negative,loop:fire_smoke_web_candidates_v3,images/review/6a12ddeaf1f18e188343120a.jpg,pass,YES,0,1,/home/admin1/jgzj/.runtime/yolo_loop/datasets/fire_smoke_web_candidates_v3/images/review/6a12ddeaf1f18e188343120a.jpg,.runtime/yolo_label_review/manual_annotations_v1/ef/ef6cb2746ebb058284e841f4fc45efd741177fa2c6cb4c4f2e345957a965366c.json,2026-07-21T01:56:38.176Z,2026-07-21T01:56:38.176Z,pass_other_class_or_empty
fire,negative,loop:fire_smoke_web_candidates_v3,images/review/6ad2adc95c7d843b9a3cda64.jpg,pass,YES,0,1,/home/admin1/jgzj/.runtime/yolo_loop/datasets/fire_smoke_web_candidates_v3/images/review/6ad2adc95c7d843b9a3cda64.jpg,.runtime/yolo_label_review/manual_annotations_v1/8c/8cc1863422a93f7646b7cf92ad8f04dd489f8f6012d2851b814af24b999b829f.json,2026-07-21T02:13:04.175Z,2026-07-21T02:13:04.175Z,pass_other_class_or_empty
fire,negative,loop:fire_smoke_web_candidates_v3,images/review/6b8f4d91399daa8a42fa3a1a.jpg,negative,NO,0,0,/home/admin1/jgzj/.runtime/yolo_loop/datasets/fire_smoke_web_candidates_v3/images/review/6b8f4d91399daa8a42fa3a1a.jpg,.runtime/yolo_label_review/manual_annotations_v1/ff/ff708251048a0e388a7086bca1a5b58ddcc5b2485860ffa5766ccdf1bc60f9df.json,2026-07-21T02:20:25.697Z,2026-07-21T02:20:25.697Z,manual_negative
fire,negative,loop:fire_smoke_web_candidates_v3,images/review/6c16cec31c6b6661794c3907.jpg,pass,YES,0,1,/home/admin1/jgzj/.runtime/yolo_loop/datasets/fire_smoke_web_candidates_v3/images/review/6c16cec31c6b6661794c3907.jpg,.runtime/yolo_label_review/manual_annotations_v1/75/75c8bb58eb17c49d06f258f1429cc593f80640f47bf4c3d67311c28990bd9ad5.json,2026-07-21T02:08:26.725Z,2026-07-21T02:08:26.725Z,pass_other_class_or_empty
fire,negative,loop:fire_smoke_web_candidates_v3,images/review/6d3b4d365ebe9cb95d7f32ce.jpg,pass,YES,0,1,/home/admin1/jgzj/.runtime/yolo_loop/datasets/fire_smoke_web_candidates_v3/images/review/6d3b4d365ebe9cb95d7f32ce.jpg,.runtime/yolo_label_review/manual_annotations_v1/58/58f3b602166a94475cb5babdc2899886f614475885a9b82579f9a52c359ee267.json,2026-07-27T04:42:16.084Z,2026-07-27T04:42:16.084Z,pass_other_class_or_empty
fire,negative,loop:fire_smoke_web_candidates_v3,images/review/6ef5332d37f3e7c50f27ec24.jpg,negative,NO,0,0,/home/admin1/jgzj/.runtime/yolo_loop/datasets/fire_smoke_web_candidates_v3/images/review/6ef5332d37f3e7c50f27ec24.jpg,.runtime/yolo_label_review/manual_annotations_v1/73/7337cde045d73e8851412d8be8e06e132bddfa9e7746cf8f27c545262f52bb0c.json,2026-07-21T02:20:20.899Z,2026-07-21T02:20:20.899Z,manual_negative
fire,negative,loop:fire_smoke_web_candidates_v3,images/review/707f5b02d6208a1c76aadf10.jpg,negative,NO,0,0,/home/admin1/jgzj/.runtime/yolo_loop/datasets/fire_smoke_web_candidates_v3/images/review/707f5b02d6208a1c76aadf10.jpg,.runtime/yolo_label_review/manual_annotations_v1/57/570197b1dd2cf2f0d992399fb081ca4274074406f03be5043d378d3462e1d641.json,2026-07-21T03:16:16.495Z,2026-07-21T03:16:16.495Z,manual_negative
fire,negative,loop:fire_smoke_web_candidates_v3,images/review/71e78f97f74ed674a8338f26.jpg,negative,NO,0,0,/home/admin1/jgzj/.runtime/yolo_loop/datasets/fire_smoke_web_candidates_v3/images/review/71e78f97f74ed674a8338f26.jpg,.runtime/yolo_label_review/manual_annotations_v1/5b/5bc5dabe3a3c67a0ca8a16f1ec5b5acbd7f24dfcda390bfeb8b253c4a3ff461d.json,2026-07-21T03:07:33.997Z,2026-07-21T03:07:33.997Z,manual_negative
fire,negative,loop:fire_smoke_web_candidates_v3,images/review/720036cd67e1dc7f503b6091.jpg,negative,NO,0,0,/home/admin1/jgzj/.runtime/yolo_loop/datasets/fire_smoke_web_candidates_v3/images/review/720036cd67e1dc7f503b6091.jpg,.runtime/yolo_label_review/manual_annotations_v1/e5/e544b6fb99696b7edd6b91d2d8f48161acd98eb2d0a89d7048266fd81ae181e9.json,2026-07-21T02:31:03.774Z,2026-07-21T02:31:03.774Z,manual_negative
fire,negative,loop:fire_smoke_web_candidates_v3,images/review/722a955f6c74c5d1f88c6f11.jpg,negative,NO,0,0,/home/admin1/jgzj/.runtime/yolo_loop/datasets/fire_smoke_web_candidates_v3/images/review/722a955f6c74c5d1f88c6f11.jpg,.runtime/yolo_label_review/manual_annotations_v1/c9/c96e3ed2159345ce2d64b9ca693c3ef6092f14cdcbf65afc1f3d703c09c47b34.json,2026-07-21T02:22:44.198Z,2026-07-21T02:22:44.198Z,manual_negative
fire,negative,loop:fire_smoke_web_candidates_v3,images/review/72fc3b1061d1eec7cf39365f.jpg,negative,NO,0,0,/home/admin1/jgzj/.runtime/yolo_loop/datasets/fire_smoke_web_candidates_v3/images/review/72fc3b1061d1eec7cf39365f.jpg,.runtime/yolo_label_review/manual_annotations_v1/81/819020dd1ba0e6982ec68c29881a78dedc80909e712d3648a619f33db8944d7e.json,2026-07-21T02:31:10.750Z,2026-07-21T02:31:10.750Z,manual_negative
fire,negative,loop:fire_smoke_web_candidates_v3,images/review/738de427b7ff338095611db3.jpg,negative,NO,0,0,/home/admin1/jgzj/.runtime/yolo_loop/datasets/fire_smoke_web_candidates_v3/images/review/738de427b7ff338095611db3.jpg,.runtime/yolo_label_review/manual_annotations_v1/83/8389ec7e2f4c6efc854a4a00f3364d00b5072bb8e6b29add3849de5811a34cff.json,2026-07-21T03:20:52.880Z,2026-07-21T03:20:52.880Z,manual_negative
fire,negative,loop:fire_smoke_web_candidates_v3,images/review/741228693712e267355e3520.jpg,negative,NO,0,0,/home/admin1/jgzj/.runtime/yolo_loop/datasets/fire_smoke_web_candidates_v3/images/review/741228693712e267355e3520.jpg,.runtime/yolo_label_review/manual_annotations_v1/51/5153e1b11af9319d11952041babb11ec290e1ef53734e0d5691e813647df58e5.json,2026-07-21T02:14:59.524Z,2026-07-21T02:14:59.524Z,manual_negative
fire,negative,loop:fire_smoke_web_candidates_v3,images/review/744583e07df1f14fa1700de7.jpg,pass,YES,0,1,/home/admin1/jgzj/.runtime/yolo_loop/datasets/fire_smoke_web_candidates_v3/images/review/744583e07df1f14fa1700de7.jpg,.runtime/yolo_label_review/manual_annotations_v1/aa/aa468336c09305101a593d1a4c4a020dba0d2106516248853e0519712a1b572a.json,2026-07-27T04:14:24.090Z,2026-07-27T04:14:24.090Z,pass_other_class_or_empty
fire,negative,loop:fire_smoke_web_candidates_v3,images/review/744928239399252bc67cc301.jpg,pass,YES,0,2,/home/admin1/jgzj/.runtime/yolo_loop/datasets/fire_smoke_web_candidates_v3/images/review/744928239399252bc67cc301.jpg,.runtime/yolo_label_review/manual_annotations_v1/3b/3b8976106b8c1395f9658921dcb3cc278f9a26723612b87b0df2f827cdcb2f52.json,2026-07-21T03:10:22.924Z,2026-07-21T03:10:22.924Z,pass_other_class_or_empty
fire,negative,loop:fire_smoke_web_candidates_v3,images/review/7537cdd7f2f2172f907e4aae.jpg,negative,NO,0,0,/home/admin1/jgzj/.runtime/yolo_loop/datasets/fire_smoke_web_candidates_v3/images/review/7537cdd7f2f2172f907e4aae.jpg,.runtime/yolo_label_review/manual_annotations_v1/f0/f0402c2a8b1991799c5330731ee73d027163ed74454ad0702b6463337e6952ca.json,2026-07-27T02:54:30.633Z,2026-07-27T02:54:30.633Z,manual_negative
fire,negative,loop:fire_smoke_web_candidates_v3,images/review/75e533cf1955cbee9c108bf0.jpg,negative,NO,0,0,/home/admin1/jgzj/.runtime/yolo_loop/datasets/fire_smoke_web_candidates_v3/images/review/75e533cf1955cbee9c108bf0.jpg,.runtime/yolo_label_review/manual_annotations_v1/17/177d827ac95e61ef0e08d9e1117303b5bc6f2be5993003ad1c39367b1b2007d9.json,2026-07-21T02:50:53.971Z,2026-07-21T02:50:53.971Z,manual_negative
fire,negative,loop:fire_smoke_web_candidates_v3,images/review/76e67865815b448be314a64a.jpg,pass,YES,0,1,/home/admin1/jgzj/.runtime/yolo_loop/datasets/fire_smoke_web_candidates_v3/images/review/76e67865815b448be314a64a.jpg,.runtime/yolo_label_review/manual_annotations_v1/04/04f96967886179b300c3e22b37d3cdb1a3c50624a223695c0b224b7ff51e08a7.json,2026-07-27T04:30:29.896Z,2026-07-27T04:30:29.896Z,pass_other_class_or_empty
fire,negative,loop:fire_smoke_web_candidates_v3,images/review/76f27077ce58bd03243126f8.jpg,negative,NO,0,0,/home/admin1/jgzj/.runtime/yolo_loop/datasets/fire_smoke_web_candidates_v3/images/review/76f27077ce58bd03243126f8.jpg,.runtime/yolo_label_review/manual_annotations_v1/db/db869940f4b5ceed4387efef730cd641a5c9b2a9f1e2979848d641ebec392c74.json,2026-07-21T02:22:05.179Z,2026-07-21T02:22:05.179Z,manual_negative
fire,negative,loop:fire_smoke_web_candidates_v3,images/review/76f787d6faba00517babee11.jpg,pass,YES,0,1,/home/admin1/jgzj/.runtime/yolo_loop/datasets/fire_smoke_web_candidates_v3/images/review/76f787d6faba00517babee11.jpg,.runtime/yolo_label_review/manual_annotations_v1/dd/dd7fbc99d0196dec052bd3f4366bf042edf29f3ff2c33434d337f06d5fe282c7.json,2026-07-27T04:31:56.831Z,2026-07-27T04:31:56.831Z,pass_other_class_or_empty
fire,negative,loop:fire_smoke_web_candidates_v3,images/review/7abeac9d9ba49cd57c6e3721.jpg,negative,NO,0,0,/home/admin1/jgzj/.runtime/yolo_loop/datasets/fire_smoke_web_candidates_v3/images/review/7abeac9d9ba49cd57c6e3721.jpg,.runtime/yolo_label_review/manual_annotations_v1/f9/f9a49c206f0d37b0862e20d181ad81b7ccd1bc89fd679ba180aeebbf039717e9.json,2026-07-21T02:23:46.801Z,2026-07-21T02:23:46.801Z,manual_negative
fire,negative,loop:fire_smoke_web_candidates_v3,images/review/7b141b551705d76e99d40cff.jpg,pass,YES,0,1,/home/admin1/jgzj/.runtime/yolo_loop/datasets/fire_smoke_web_candidates_v3/images/review/7b141b551705d76e99d40cff.jpg,.runtime/yolo_label_review/manual_annotations_v1/c1/c189d0f6642153a7b0f53af4006aa1b06758a13b0562ea0de7c7e5679019cab8.json,2026-07-21T02:48:35.897Z,2026-07-21T02:48:35.897Z,pass_other_class_or_empty
fire,negative,loop:fire_smoke_web_candidates_v3,images/review/7da621de0820302a97c273c9.jpg,negative,NO,0,0,/home/admin1/jgzj/.runtime/yolo_loop/datasets/fire_smoke_web_candidates_v3/images/review/7da621de0820302a97c273c9.jpg,.runtime/yolo_label_review/manual_annotations_v1/60/605e7e268ebef40d0804c495b4752ef3d869f1ab56f4268632e1dc25520d59d7.json,2026-07-27T04:32:35.769Z,2026-07-27T04:32:35.769Z,manual_negative
fire,negative,loop:fire_smoke_web_candidates_v3,images/review/7e60cf610c445f2e3a43d00f.jpg,negative,NO,0,0,/home/admin1/jgzj/.runtime/yolo_loop/datasets/fire_smoke_web_candidates_v3/images/review/7e60cf610c445f2e3a43d00f.jpg,.runtime/yolo_label_review/manual_annotations_v1/c7/c72edbf520d48481f9cc2d1e8fd94e88db378e63fda01e491fea098683d33506.json,2026-07-21T02:28:51.419Z,2026-07-21T02:28:51.419Z,manual_negative
fire,negative,loop:fire_smoke_web_candidates_v3,images/review/7f67e9a0a9da56e589cbebfb.jpg,negative,NO,0,0,/home/admin1/jgzj/.runtime/yolo_loop/datasets/fire_smoke_web_candidates_v3/images/review/7f67e9a0a9da56e589cbebfb.jpg,.runtime/yolo_label_review/manual_annotations_v1/2b/2b67ba66db4f9c7ceff345008feb38d757970c77e0bd6315cc7bc136b46df3f7.json,2026-07-21T03:11:16.390Z,2026-07-21T03:11:16.390Z,manual_negative
fire,negative,loop:fire_smoke_web_candidates_v3,images/review/81bef6c6481473d5acf91dc8.jpg,pass,YES,0,1,/home/admin1/jgzj/.runtime/yolo_loop/datasets/fire_smoke_web_candidates_v3/images/review/81bef6c6481473d5acf91dc8.jpg,.runtime/yolo_label_review/manual_annotations_v1/ae/aeb7b12dcc37f32fa27e4630ec898a21fe7a5954fa35ddbb9df915fdf9398247.json,2026-07-27T02:44:27.949Z,2026-07-27T02:44:27.949Z,pass_other_class_or_empty
fire,negative,loop:fire_smoke_web_candidates_v3,images/review/82085eff0ed11260917c4b98.jpg,negative,NO,0,0,/home/admin1/jgzj/.runtime/yolo_loop/datasets/fire_smoke_web_candidates_v3/images/review/82085eff0ed11260917c4b98.jpg,.runtime/yolo_label_review/manual_annotations_v1/d3/d386b017c67c359374ee59bb170f434a2c4497085217d8a646b689b7cfeb9533.json,2026-07-27T02:50:51.741Z,2026-07-27T02:50:51.741Z,manual_negative
fire,negative,loop:fire_smoke_web_candidates_v3,images/review/828ba8f5f16a500130ff5e2f.jpg,pass,YES,0,1,/home/admin1/jgzj/.runtime/yolo_loop/datasets/fire_smoke_web_candidates_v3/images/review/828ba8f5f16a500130ff5e2f.jpg,.runtime/yolo_label_review/manual_annotations_v1/3a/3a7fae2eca4e9e4c8f366e11fa91eac6366e1daf531e50725509caf9650c820d.json,2026-07-27T03:02:42.646Z,2026-07-27T03:02:42.646Z,pass_other_class_or_empty
fire,negative,loop:fire_smoke_web_candidates_v3,images/review/8380910fa69bc6789aaff201.jpg,pass,YES,0,1,/home/admin1/jgzj/.runtime/yolo_loop/datasets/fire_smoke_web_candidates_v3/images/review/8380910fa69bc6789aaff201.jpg,.runtime/yolo_label_review/manual_annotations_v1/81/81f2bc11ed92acd600e677ebe680899fbe2f9d5ad85ebbb6343df73ba1a66529.json,2026-07-21T02:06:10.022Z,2026-07-21T02:06:10.022Z,pass_other_class_or_empty
fire,negative,loop:fire_smoke_web_candidates_v3,images/review/838d9f525418def16d2b44d0.jpg,negative,NO,0,0,/home/admin1/jgzj/.runtime/yolo_loop/datasets/fire_smoke_web_candidates_v3/images/review/838d9f525418def16d2b44d0.jpg,.runtime/yolo_label_review/manual_annotations_v1/79/796a100ebe38510905505f1a941c3c4d46649ca0716d1f953072392152ad299e.json,2026-07-27T04:31:06.577Z,2026-07-27T04:31:06.577Z,manual_negative
fire,negative,loop:fire_smoke_web_candidates_v3,images/review/8398c7ef18ffd69c5af5c65d.jpg,pass,YES,0,1,/home/admin1/jgzj/.runtime/yolo_loop/datasets/fire_smoke_web_candidates_v3/images/review/8398c7ef18ffd69c5af5c65d.jpg,.runtime/yolo_label_review/manual_annotations_v1/74/74fe08c775a326e5657ee2f5fbcc85b0ebfc0209cd1359bfa9b3fc61afed4ad0.json,2026-07-21T03:08:15.663Z,2026-07-21T03:08:15.663Z,pass_other_class_or_empty
fire,negative,loop:fire_smoke_web_candidates_v3,images/review/85c8f6aba1edaf36c50cda3b.jpg,negative,NO,0,0,/home/admin1/jgzj/.runtime/yolo_loop/datasets/fire_smoke_web_candidates_v3/images/review/85c8f6aba1edaf36c50cda3b.jpg,.runtime/yolo_label_review/manual_annotations_v1/bb/bb3be65e10f36becfe55ce8d22f98fd5f1e3366a3dfb5cbe69f36d8206b283b7.json,2026-07-21T01:53:31.223Z,2026-07-21T01:53:31.223Z,manual_negative
fire,negative,loop:fire_smoke_web_candidates_v3,images/review/8729151c10a939e21681134d.jpg,pass,YES,0,1,/home/admin1/jgzj/.runtime/yolo_loop/datasets/fire_smoke_web_candidates_v3/images/review/8729151c10a939e21681134d.jpg,.runtime/yolo_label_review/manual_annotations_v1/00/00cec312ad67b398d547b333160db647e60fb677175c5383dc28016c4f927b81.json,2026-07-21T02:04:09.408Z,2026-07-21T02:04:09.408Z,pass_other_class_or_empty
fire,negative,loop:fire_smoke_web_candidates_v3,images/review/87c866e3fd6ddcbb286b2b69.jpg,negative,NO,0,0,/home/admin1/jgzj/.runtime/yolo_loop/datasets/fire_smoke_web_candidates_v3/images/review/87c866e3fd6ddcbb286b2b69.jpg,.runtime/yolo_label_review/manual_annotations_v1/e1/e11904241dc838f0fa6a56ba73739268c3d800fc33774a80c12dcdc36f2bf391.json,2026-07-21T02:19:35.988Z,2026-07-21T02:19:35.988Z,manual_negative
fire,negative,loop:fire_smoke_web_candidates_v3,images/review/87f236d7f55578bd99ad0586.jpg,negative,NO,0,0,/home/admin1/jgzj/.runtime/yolo_loop/datasets/fire_smoke_web_candidates_v3/images/review/87f236d7f55578bd99ad0586.jpg,.runtime/yolo_label_review/manual_annotations_v1/79/79c5fc2eeed0603138c15545cb9c9d59a9fed0dfb0615c34d5debc5f39dc5203.json,2026-07-21T02:50:27.242Z,2026-07-21T02:50:27.242Z,manual_negative
fire,negative,loop:fire_smoke_web_candidates_v3,images/review/89f2c59e6b45b6a8714a455c.jpg,negative,NO,0,0,/home/admin1/jgzj/.runtime/yolo_loop/datasets/fire_smoke_web_candidates_v3/images/review/89f2c59e6b45b6a8714a455c.jpg,.runtime/yolo_label_review/manual_annotations_v1/f0/f0a92e39820f15211cdfc744d933514697aadcb6146673fc2778bf1302df88ca.json,2026-07-21T03:07:47.736Z,2026-07-21T03:07:47.736Z,manual_negative
fire,negative,loop:fire_smoke_web_candidates_v3,images/review/8a120b3d7892d0571b59e9f0.jpg,pass,YES,0,1,/home/admin1/jgzj/.runtime/yolo_loop/datasets/fire_smoke_web_candidates_v3/images/review/8a120b3d7892d0571b59e9f0.jpg,.runtime/yolo_label_review/manual_annotations_v1/66/66820a5e175bee7eeff9f14c9905562eabe615d4a75f76314a27b0b89705ae4b.json,2026-07-27T04:42:40.779Z,2026-07-27T04:42:40.779Z,pass_other_class_or_empty
fire,negative,loop:fire_smoke_web_candidates_v3,images/review/8af99cf1e0d4a4b44db465bd.jpg,pass,YES,0,1,/home/admin1/jgzj/.runtime/yolo_loop/datasets/fire_smoke_web_candidates_v3/images/review/8af99cf1e0d4a4b44db465bd.jpg,.runtime/yolo_label_review/manual_annotations_v1/16/16e7c63c2e1585c6ba7cd62a7f977b34c2b30b515197075d6a769ecd7fa04954.json,2026-07-27T02:44:47.121Z,2026-07-27T02:44:47.121Z,pass_other_class_or_empty
fire,negative,loop:fire_smoke_web_candidates_v3,images/review/8b49bec8a7638fdb7fd0de0d.jpg,negative,NO,0,0,/home/admin1/jgzj/.runtime/yolo_loop/datasets/fire_smoke_web_candidates_v3/images/review/8b49bec8a7638fdb7fd0de0d.jpg,.runtime/yolo_label_review/manual_annotations_v1/13/1354841dc5c6fd1ffc73496eb5c8f9b0424b51a83252eb2914b4a88c98b3cfa9.json,2026-07-21T01:55:34.750Z,2026-07-21T01:55:34.750Z,manual_negative
fire,negative,loop:fire_smoke_web_candidates_v3,images/review/8b822433b745d1d27a26427d.jpg,pass,YES,0,1,/home/admin1/jgzj/.runtime/yolo_loop/datasets/fire_smoke_web_candidates_v3/images/review/8b822433b745d1d27a26427d.jpg,.runtime/yolo_label_review/manual_annotations_v1/40/40047a3b3285dbd75e4d84df5c85e44c69010ad4a5a8beb8cb23f026796c17fc.json,2026-07-21T03:14:43.023Z,2026-07-21T03:14:43.023Z,pass_other_class_or_empty
fire,negative,loop:fire_smoke_web_candidates_v3,images/review/8bf11c1ef043c1e81b6261cc.jpg,negative,NO,0,0,/home/admin1/jgzj/.runtime/yolo_loop/datasets/fire_smoke_web_candidates_v3/images/review/8bf11c1ef043c1e81b6261cc.jpg,.runtime/yolo_label_review/manual_annotations_v1/79/7904703a14c24e8ac0dd860350539505a3b46053063bee0894b65287be770389.json,2026-07-21T03:17:58.912Z,2026-07-21T03:17:58.912Z,manual_negative
fire,negative,loop:fire_smoke_web_candidates_v3,images/review/8c3e256b7113503e34a80e75.jpg,pass,YES,0,1,/home/admin1/jgzj/.runtime/yolo_loop/datasets/fire_smoke_web_candidates_v3/images/review/8c3e256b7113503e34a80e75.jpg,.runtime/yolo_label_review/manual_annotations_v1/1d/1d1cbd8f6c0c3ecf76bc53508f36559cee79142ee01936f51465c8bd0bc92e97.json,2026-07-27T02:40:58.774Z,2026-07-27T02:40:58.774Z,pass_other_class_or_empty
fire,negative,loop:fire_smoke_web_candidates_v3,images/review/8c49cb3b9ea7830bdfe764d9.jpg,negative,NO,0,0,/home/admin1/jgzj/.runtime/yolo_loop/datasets/fire_smoke_web_candidates_v3/images/review/8c49cb3b9ea7830bdfe764d9.jpg,.runtime/yolo_label_review/manual_annotations_v1/cd/cdc66bcf186d37e335e50b9b9fda0d4ec221523e168942ec55eda9bb9ee08cb2.json,2026-07-21T02:19:16.960Z,2026-07-21T02:19:16.960Z,manual_negative
fire,negative,loop:fire_smoke_web_candidates_v3,images/review/8c66e53bf66213c117c9f1ea.jpg,pass,YES,0,1,/home/admin1/jgzj/.runtime/yolo_loop/datasets/fire_smoke_web_candidates_v3/images/review/8c66e53bf66213c117c9f1ea.jpg,.runtime/yolo_label_review/manual_annotations_v1/c2/c2021e23e01a9dc5283e2265a6284de5467999393bdf19a32aabd2d5f2d66dd4.json,2026-07-21T03:05:24.004Z,2026-07-21T03:05:24.004Z,pass_other_class_or_empty
fire,negative,loop:fire_smoke_web_candidates_v3,images/review/8d19c798ea0a9e0ff5ff1cf3.jpg,pass,YES,0,1,/home/admin1/jgzj/.runtime/yolo_loop/datasets/fire_smoke_web_candidates_v3/images/review/8d19c798ea0a9e0ff5ff1cf3.jpg,.runtime/yolo_label_review/manual_annotations_v1/0d/0d2f4e04c98ea7b76a8f3e7d73dd2437bf44293dc7d871a9ca701c6a7e33f55e.json,2026-07-27T04:43:23.205Z,2026-07-27T04:43:23.205Z,pass_other_class_or_empty
fire,negative,loop:fire_smoke_web_candidates_v3,images/review/8e9f32c8dfd55564dbee1569.jpg,negative,NO,0,0,/home/admin1/jgzj/.runtime/yolo_loop/datasets/fire_smoke_web_candidates_v3/images/review/8e9f32c8dfd55564dbee1569.jpg,.runtime/yolo_label_review/manual_annotations_v1/97/971e38097c51836f446def724b05c946aebf48670a4dffe613c536a508b2842d.json,2026-07-21T01:54:21.429Z,2026-07-21T01:54:21.429Z,manual_negative
fire,negative,loop:fire_smoke_web_candidates_v3,images/review/8ecf0dffdff603790d3e639e.jpg,negative,NO,0,0,/home/admin1/jgzj/.runtime/yolo_loop/datasets/fire_smoke_web_candidates_v3/images/review/8ecf0dffdff603790d3e639e.jpg,.runtime/yolo_label_review/manual_annotations_v1/61/6152dabf14f2bc0e7a7633c7a4547c27e265066ae4fba8421955f4c301e8c008.json,2026-07-21T02:52:26.032Z,2026-07-21T02:52:26.032Z,manual_negative
fire,negative,loop:fire_smoke_web_candidates_v3,images/review/8f0c262b8d94534a655983bc.jpg,pass,YES,0,1,/home/admin1/jgzj/.runtime/yolo_loop/datasets/fire_smoke_web_candidates_v3/images/review/8f0c262b8d94534a655983bc.jpg,.runtime/yolo_label_review/manual_annotations_v1/89/89c8802f629e866812297cb1b1cd11b96f2a96fdd7e0ce43ab8fbbf4bf44a2c0.json,2026-07-21T03:10:59.055Z,2026-07-21T03:10:59.055Z,pass_other_class_or_empty
fire,negative,loop:fire_smoke_web_candidates_v3,images/review/8fa6f9e2fb6eb054fe86b46f.jpg,pass,YES,0,1,/home/admin1/jgzj/.runtime/yolo_loop/datasets/fire_smoke_web_candidates_v3/images/review/8fa6f9e2fb6eb054fe86b46f.jpg,.runtime/yolo_label_review/manual_annotations_v1/c7/c735c8a82a53a534a916770e31c4f47cd2c33476f9b0b6c2961f9f56e29627d3.json,2026-07-21T02:47:54.785Z,2026-07-21T02:47:54.785Z,pass_other_class_or_empty
fire,negative,loop:fire_smoke_web_candidates_v3,images/review/90ce43f3e931957fdbba91c8.jpg,pass,YES,0,1,/home/admin1/jgzj/.runtime/yolo_loop/datasets/fire_smoke_web_candidates_v3/images/review/90ce43f3e931957fdbba91c8.jpg,.runtime/yolo_label_review/manual_annotations_v1/46/463bd4a29d64c3e91752f415087147ab20b9fb8a326caf3e26cabae6c97f314e.json,2026-07-21T02:09:00.759Z,2026-07-21T02:09:00.759Z,pass_other_class_or_empty
fire,negative,loop:fire_smoke_web_candidates_v3,images/review/914c699e3dfae171ed21afc2.jpg,negative,NO,0,0,/home/admin1/jgzj/.runtime/yolo_loop/datasets/fire_smoke_web_candidates_v3/images/review/914c699e3dfae171ed21afc2.jpg,.runtime/yolo_label_review/manual_annotations_v1/88/88adf57a2b30a9edc31c07fffdc51f964cc06aebb4d3475b2f3082d0ccf67980.json,2026-07-21T01:53:54.739Z,2026-07-21T01:53:54.739Z,manual_negative
fire,negative,loop:fire_smoke_web_candidates_v3,images/review/91a5ed2e3f96e5249e23e86d.jpg,negative,NO,0,0,/home/admin1/jgzj/.runtime/yolo_loop/datasets/fire_smoke_web_candidates_v3/images/review/91a5ed2e3f96e5249e23e86d.jpg,.runtime/yolo_label_review/manual_annotations_v1/b5/b593e6531c9325355bc75af4683a32a549bdd2644a05d0d00a08fcb60831b646.json,2026-07-21T01:54:29.917Z,2026-07-21T01:54:29.917Z,manual_negative
fire,negative,loop:fire_smoke_web_candidates_v3,images/review/9243d13cd106fd63756d19a9.jpg,negative,NO,0,0,/home/admin1/jgzj/.runtime/yolo_loop/datasets/fire_smoke_web_candidates_v3/images/review/9243d13cd106fd63756d19a9.jpg,.runtime/yolo_label_review/manual_annotations_v1/16/16fdf6d3bd1238bc6f2054e36882c6912a72a32d674c94193fb5b43472aa038c.json,2026-07-27T03:22:22.508Z,2026-07-27T03:22:22.508Z,manual_negative
fire,negative,loop:fire_smoke_web_candidates_v3,images/review/932540774c1ce435fe4068e1.jpg,negative,NO,0,0,/home/admin1/jgzj/.runtime/yolo_loop/datasets/fire_smoke_web_candidates_v3/images/review/932540774c1ce435fe4068e1.jpg,.runtime/yolo_label_review/manual_annotations_v1/76/76a8134059a94be2b3b93d50de9c860c4b849f10baca91057f44f0539fb64f20.json,2026-07-21T03:03:42.736Z,2026-07-21T03:03:42.736Z,manual_negative
fire,negative,loop:fire_smoke_web_candidates_v3,images/review/935177e717b8a9b5d5e02f64.jpg,pass,YES,0,1,/home/admin1/jgzj/.runtime/yolo_loop/datasets/fire_smoke_web_candidates_v3/images/review/935177e717b8a9b5d5e02f64.jpg,.runtime/yolo_label_review/manual_annotations_v1/71/7104625fc530a332b4ca5256f5e0aa3e70938e327246ff417e22b256f543389e.json,2026-07-27T02:58:44.744Z,2026-07-27T02:58:44.744Z,pass_other_class_or_empty
fire,negative,loop:fire_smoke_web_candidates_v3,images/review/94cd0a8791f3bb24d2a90989.jpg,negative,NO,0,0,/home/admin1/jgzj/.runtime/yolo_loop/datasets/fire_smoke_web_candidates_v3/images/review/94cd0a8791f3bb24d2a90989.jpg,.runtime/yolo_label_review/manual_annotations_v1/e2/e202fc688bf5b552ef2f374832a1e04502d15ab29d2755dfc72fac738e58d8e3.json,2026-07-27T02:49:44.057Z,2026-07-27T02:49:44.057Z,manual_negative
fire,negative,loop:fire_smoke_web_candidates_v3,images/review/96059cf86709bb9ef11dd5bb.jpg,negative,NO,0,0,/home/admin1/jgzj/.runtime/yolo_loop/datasets/fire_smoke_web_candidates_v3/images/review/96059cf86709bb9ef11dd5bb.jpg,.runtime/yolo_label_review/manual_annotations_v1/80/8019f354f70f8e2715f3d05bf6df7d7d4a5ae57380c4b66f384f7fc96f7bca1a.json,2026-07-27T03:16:32.270Z,2026-07-27T03:16:32.270Z,manual_negative
fire,negative,loop:fire_smoke_web_candidates_v3,images/review/97784b3722fd601fbf0f008c.jpg,negative,NO,0,0,/home/admin1/jgzj/.runtime/yolo_loop/datasets/fire_smoke_web_candidates_v3/images/review/97784b3722fd601fbf0f008c.jpg,.runtime/yolo_label_review/manual_annotations_v1/bc/bc6293fe1fea648804670c275dba4a3df9ad2b96c5b010b6f5aac530ec04397f.json,2026-07-27T03:04:11.489Z,2026-07-27T03:04:11.489Z,manual_negative
fire,negative,loop:fire_smoke_web_candidates_v3,images/review/98deabe5cc79435e5ddb3fc5.jpg,negative,NO,0,0,/home/admin1/jgzj/.runtime/yolo_loop/datasets/fire_smoke_web_candidates_v3/images/review/98deabe5cc79435e5ddb3fc5.jpg,.runtime/yolo_label_review/manual_annotations_v1/48/487a5dd2dd8e247a0717fbc910fce4390c724fd8ef52d3bb7f04a553eaa59b9f.json,2026-07-21T02:38:51.661Z,2026-07-21T02:38:51.661Z,manual_negative
fire,negative,loop:fire_smoke_web_candidates_v3,images/review/992c942150993d707fcd179f.jpg,negative,NO,0,0,/home/admin1/jgzj/.runtime/yolo_loop/datasets/fire_smoke_web_candidates_v3/images/review/992c942150993d707fcd179f.jpg,.runtime/yolo_label_review/manual_annotations_v1/b4/b4962e3823e5ad7e4a16976f236c04c44f705c509ac3247e9e3e560e7c69ca35.json,2026-07-21T02:14:40.367Z,2026-07-21T02:14:40.367Z,manual_negative
fire,negative,loop:fire_smoke_web_candidates_v3,images/review/9a41a6312f3d1165306352e1.jpg,negative,NO,0,0,/home/admin1/jgzj/.runtime/yolo_loop/datasets/fire_smoke_web_candidates_v3/images/review/9a41a6312f3d1165306352e1.jpg,.runtime/yolo_label_review/manual_annotations_v1/ab/ab31c0cdb4e17e3e31ea99e01d07fcfd92cf24db15885b87a0ca1fb6c046355a.json,2026-07-21T02:22:09.725Z,2026-07-21T02:22:09.725Z,manual_negative
fire,negative,loop:fire_smoke_web_candidates_v3,images/review/9a89c7ff42b7f631d0cd8276.jpg,pass,YES,0,1,/home/admin1/jgzj/.runtime/yolo_loop/datasets/fire_smoke_web_candidates_v3/images/review/9a89c7ff42b7f631d0cd8276.jpg,.runtime/yolo_label_review/manual_annotations_v1/8b/8b2c4869d2c40cfde142b3ae5479a33ab422cc608dff5f3f8258d192d110dd39.json,2026-07-27T04:32:41.338Z,2026-07-27T04:32:41.338Z,pass_other_class_or_empty
fire,negative,loop:fire_smoke_web_candidates_v3,images/review/9ad453c94261ee9514b06c1e.jpg,negative,NO,0,0,/home/admin1/jgzj/.runtime/yolo_loop/datasets/fire_smoke_web_candidates_v3/images/review/9ad453c94261ee9514b06c1e.jpg,.runtime/yolo_label_review/manual_annotations_v1/ef/ef50f317617d433bf1eced39ff65dac9072b5ab76f407b637cd37c7bd546e4e0.json,2026-07-21T01:46:11.111Z,2026-07-21T01:46:11.111Z,manual_negative
fire,negative,loop:fire_smoke_web_candidates_v3,images/review/9b704e9b0ff29699ff63db1d.jpg,pass,YES,0,1,/home/admin1/jgzj/.runtime/yolo_loop/datasets/fire_smoke_web_candidates_v3/images/review/9b704e9b0ff29699ff63db1d.jpg,.runtime/yolo_label_review/manual_annotations_v1/9c/9c1cc7959ad67b8004be0218237167c5e66f6abd85bc8fb71fadcd4ef758e043.json,2026-07-27T04:31:18.754Z,2026-07-27T04:31:18.754Z,pass_other_class_or_empty
fire,negative,loop:fire_smoke_web_candidates_v3,images/review/9c82b0cdf972175674076ea6.jpg,pass,YES,0,1,/home/admin1/jgzj/.runtime/yolo_loop/datasets/fire_smoke_web_candidates_v3/images/review/9c82b0cdf972175674076ea6.jpg,.runtime/yolo_label_review/manual_annotations_v1/84/84476a933508beca4fb13ffd4d0ee64cd643760e4b7e98cd0bcdea7e1e780814.json,2026-07-21T02:47:15.905Z,2026-07-21T02:47:15.905Z,pass_other_class_or_empty
fire,negative,loop:fire_smoke_web_candidates_v3,images/review/9ce14df09f2f9e5b3a5c6269.jpg,pass,YES,0,1,/home/admin1/jgzj/.runtime/yolo_loop/datasets/fire_smoke_web_candidates_v3/images/review/9ce14df09f2f9e5b3a5c6269.jpg,.runtime/yolo_label_review/manual_annotations_v1/c3/c3b2a2d71d9c21f164c9d986893eb3466a62b6d3ca5c835e5762b7db069776d4.json,2026-07-27T02:39:54.920Z,2026-07-27T02:39:54.920Z,pass_other_class_or_empty
fire,negative,loop:fire_smoke_web_candidates_v3,images/review/9eadb94da5a23495a4691989.jpg,pass,YES,0,1,/home/admin1/jgzj/.runtime/yolo_loop/datasets/fire_smoke_web_candidates_v3/images/review/9eadb94da5a23495a4691989.jpg,.runtime/yolo_label_review/manual_annotations_v1/df/dfc334da33413ff8e8d696207942120be03b7ae89d68b35ae2eca6681be91c59.json,2026-07-27T03:21:44.362Z,2026-07-27T03:21:44.362Z,pass_other_class_or_empty
fire,negative,loop:fire_smoke_web_candidates_v3,images/review/9f24f05695486456aab49d3c.jpg,pass,YES,0,1,/home/admin1/jgzj/.runtime/yolo_loop/datasets/fire_smoke_web_candidates_v3/images/review/9f24f05695486456aab49d3c.jpg,.runtime/yolo_label_review/manual_annotations_v1/3b/3bbbabb5391a28d905b6b571c0ebf7e33a585c5ada3068995f462f726ea684e1.json,2026-07-21T02:14:10.951Z,2026-07-21T02:14:10.951Z,pass_other_class_or_empty
fire,negative,loop:fire_smoke_web_candidates_v3,images/review/9f8c58058ab5b7abfac4e4fc.jpg,pass,YES,0,1,/home/admin1/jgzj/.runtime/yolo_loop/datasets/fire_smoke_web_candidates_v3/images/review/9f8c58058ab5b7abfac4e4fc.jpg,.runtime/yolo_label_review/manual_annotations_v1/6b/6be751f13e0bb64c278a3c1d9435686682af6bfb5ba67b483e3e2f4ed73b05ef.json,2026-07-21T02:53:02.652Z,2026-07-21T02:53:02.652Z,pass_other_class_or_empty
fire,negative,loop:fire_smoke_web_candidates_v3,images/review/9fb6c45a2c8d95c7a0251f6c.jpg,pass,YES,0,1,/home/admin1/jgzj/.runtime/yolo_loop/datasets/fire_smoke_web_candidates_v3/images/review/9fb6c45a2c8d95c7a0251f6c.jpg,.runtime/yolo_label_review/manual_annotations_v1/d5/d530f9658b5b591964228b62be897f3ecc024b78fe88e6226e96d5e328795a6f.json,2026-07-21T02:30:43.439Z,2026-07-21T02:30:43.439Z,pass_other_class_or_empty
fire,negative,loop:fire_smoke_web_candidates_v3,images/review/9fd99ea998ef395a69a4669a.jpg,negative,NO,0,0,/home/admin1/jgzj/.runtime/yolo_loop/datasets/fire_smoke_web_candidates_v3/images/review/9fd99ea998ef395a69a4669a.jpg,.runtime/yolo_label_review/manual_annotations_v1/52/52b4fd81bddbbf3dac566c5a9ad1bede865e1274f4c604406561267543be7c62.json,2026-07-27T03:02:30.971Z,2026-07-27T03:02:30.971Z,manual_negative
fire,negative,loop:fire_smoke_web_candidates_v3,images/review/a01376baa3f7ed08eefdc1d0.jpg,pass,YES,0,1,/home/admin1/jgzj/.runtime/yolo_loop/datasets/fire_smoke_web_candidates_v3/images/review/a01376baa3f7ed08eefdc1d0.jpg,.runtime/yolo_label_review/manual_annotations_v1/c5/c518d0015eaa8fd9190cba3420606c4775eb6436e2283deaf6cfa3f91e2716e6.json,2026-07-21T02:52:48.741Z,2026-07-21T02:52:48.741Z,pass_other_class_or_empty
fire,negative,loop:fire_smoke_web_candidates_v3,images/review/a1ffdf846d0feb1bf3e3237d.jpg,negative,NO,0,0,/home/admin1/jgzj/.runtime/yolo_loop/datasets/fire_smoke_web_candidates_v3/images/review/a1ffdf846d0feb1bf3e3237d.jpg,.runtime/yolo_label_review/manual_annotations_v1/7b/7bdaa52de9d0aae156a03a5c177de0b2fd3bdcf6e229f2126f9265f8e137685f.json,2026-07-21T01:48:05.852Z,2026-07-21T01:48:05.852Z,manual_negative
fire,negative,loop:fire_smoke_web_candidates_v3,images/review/a273bef399eda76f50557b38.jpg,negative,NO,0,0,/home/admin1/jgzj/.runtime/yolo_loop/datasets/fire_smoke_web_candidates_v3/images/review/a273bef399eda76f50557b38.jpg,.runtime/yolo_label_review/manual_annotations_v1/88/88793506b1b9cd71fb4440dde1d45efc51826e44b077747d04de6dfcfbed1be9.json,2026-07-21T02:34:46.472Z,2026-07-21T02:34:46.472Z,manual_negative
fire,negative,loop:fire_smoke_web_candidates_v3,images/review/a289ae5e91a26da774b68b75.jpg,pass,YES,0,1,/home/admin1/jgzj/.runtime/yolo_loop/datasets/fire_smoke_web_candidates_v3/images/review/a289ae5e91a26da774b68b75.jpg,.runtime/yolo_label_review/manual_annotations_v1/a0/a0a4edcb4abd6d1f758464ad31cc4042758188a0bd6bb7a2710395bbd9ce76c9.json,2026-07-27T03:20:30.213Z,2026-07-27T03:20:30.213Z,pass_other_class_or_empty
fire,negative,loop:fire_smoke_web_candidates_v3,images/review/a2fda183eb6b33eff65fd5c0.jpg,pass,YES,0,1,/home/admin1/jgzj/.runtime/yolo_loop/datasets/fire_smoke_web_candidates_v3/images/review/a2fda183eb6b33eff65fd5c0.jpg,.runtime/yolo_label_review/manual_annotations_v1/66/668ca5d6e85849b666ed753ecabac1a7f480d351299f27c9c6113df8db27330b.json,2026-07-21T02:04:24.641Z,2026-07-21T02:04:24.641Z,pass_other_class_or_empty
fire,negative,loop:fire_smoke_web_candidates_v3,images/review/a331d62c281cf45b732e82d8.jpg,negative,NO,0,0,/home/admin1/jgzj/.runtime/yolo_loop/datasets/fire_smoke_web_candidates_v3/images/review/a331d62c281cf45b732e82d8.jpg,.runtime/yolo_label_review/manual_annotations_v1/02/0294cea1ac26c1d4fc97908f2fda4dc9253d8060e1375fb9e2a3408a818507b1.json,2026-07-27T02:59:15.743Z,2026-07-27T02:59:15.743Z,manual_negative
fire,negative,loop:fire_smoke_web_candidates_v3,images/review/a4beea7b51a4cdc46ca45ede.jpg,negative,NO,0,0,/home/admin1/jgzj/.runtime/yolo_loop/datasets/fire_smoke_web_candidates_v3/images/review/a4beea7b51a4cdc46ca45ede.jpg,.runtime/yolo_label_review/manual_annotations_v1/aa/aa8fe2e316ecc28b4ffbf4dcb1bc1cb2446ff81678603e28a4ed27ec2d46bce2.json,2026-07-27T02:50:08.068Z,2026-07-27T02:50:08.068Z,manual_negative
fire,negative,loop:fire_smoke_web_candidates_v3,images/review/a502749e1a9f077861eece6c.jpg,pass,YES,0,1,/home/admin1/jgzj/.runtime/yolo_loop/datasets/fire_smoke_web_candidates_v3/images/review/a502749e1a9f077861eece6c.jpg,.runtime/yolo_label_review/manual_annotations_v1/b6/b66f8eace7716a79e7ffe5d082d39bc951ee5c1136d962b203f84c80ea414c5f.json,2026-07-27T03:01:34.583Z,2026-07-27T03:01:34.583Z,pass_other_class_or_empty
fire,negative,loop:fire_smoke_web_candidates_v3,images/review/a57dd5f9ad529d7d13255a32.jpg,pass,YES,0,1,/home/admin1/jgzj/.runtime/yolo_loop/datasets/fire_smoke_web_candidates_v3/images/review/a57dd5f9ad529d7d13255a32.jpg,.runtime/yolo_label_review/manual_annotations_v1/3b/3b710abc72de3c87c2b58ce463322363559a44c1af1a2f9193ec82d725e03b2f.json,2026-07-27T04:38:23.358Z,2026-07-27T04:38:23.358Z,pass_other_class_or_empty
fire,negative,loop:fire_smoke_web_candidates_v3,images/review/a686558b1efd8a10e7cd2cf6.jpg,negative,NO,0,0,/home/admin1/jgzj/.runtime/yolo_loop/datasets/fire_smoke_web_candidates_v3/images/review/a686558b1efd8a10e7cd2cf6.jpg,.runtime/yolo_label_review/manual_annotations_v1/2f/2fd168baab5ece94f871ff14dc5de02691a10b1631fdaa6939a4bbd3ce07f039.json,2026-07-27T04:33:01.056Z,2026-07-27T04:33:01.056Z,manual_negative
fire,negative,loop:fire_smoke_web_candidates_v3,images/review/a72984db8bea82a2bbe3f795.jpg,pass,YES,0,2,/home/admin1/jgzj/.runtime/yolo_loop/datasets/fire_smoke_web_candidates_v3/images/review/a72984db8bea82a2bbe3f795.jpg,.runtime/yolo_label_review/manual_annotations_v1/75/75918bc98a2c34e418961b3c76b80d9df8a7cd44da70c3415436f83469a65333.json,2026-07-21T02:05:53.539Z,2026-07-21T02:05:53.539Z,pass_other_class_or_empty
fire,negative,loop:fire_smoke_web_candidates_v3,images/review/a743269f4999fb02ed5b2325.jpg,negative,NO,0,0,/home/admin1/jgzj/.runtime/yolo_loop/datasets/fire_smoke_web_candidates_v3/images/review/a743269f4999fb02ed5b2325.jpg,.runtime/yolo_label_review/manual_annotations_v1/5a/5aac97fe5aa4f90931eb915a42ab473b7b6a4682fa871df5d4dcfcb18e555df7.json,2026-07-21T02:19:41.463Z,2026-07-21T02:19:41.463Z,manual_negative
fire,negative,loop:fire_smoke_web_candidates_v3,images/review/a7bd8521b5e5df9cf93b9426.jpg,pass,YES,0,1,/home/admin1/jgzj/.runtime/yolo_loop/datasets/fire_smoke_web_candidates_v3/images/review/a7bd8521b5e5df9cf93b9426.jpg,.runtime/yolo_label_review/manual_annotations_v1/ff/ff9656e01e5994f2f5622147defed9fe9f095d4a3d3f308f50f9fa12d987786f.json,2026-07-27T02:58:52.353Z,2026-07-27T02:58:52.353Z,pass_other_class_or_empty
fire,negative,loop:fire_smoke_web_candidates_v3,images/review/a8207e04c2bab4b21f95fe39.jpg,negative,NO,0,0,/home/admin1/jgzj/.runtime/yolo_loop/datasets/fire_smoke_web_candidates_v3/images/review/a8207e04c2bab4b21f95fe39.jpg,.runtime/yolo_label_review/manual_annotations_v1/65/650efa4e4e1625e7f572313115a044c2d2030576b793329367952d74b1a032f5.json,2026-07-21T01:55:49.315Z,2026-07-21T01:55:49.315Z,manual_negative
fire,negative,loop:fire_smoke_web_candidates_v3,images/review/a89e98c39b212813357d194a.jpg,negative,NO,0,0,/home/admin1/jgzj/.runtime/yolo_loop/datasets/fire_smoke_web_candidates_v3/images/review/a89e98c39b212813357d194a.jpg,.runtime/yolo_label_review/manual_annotations_v1/e7/e70de6f97a83afec6618ad8e2e15f0ad242d5b65ab3211ccaaf2032cb0d1c64a.json,2026-07-27T03:17:31.094Z,2026-07-27T03:17:31.094Z,manual_negative
fire,negative,loop:fire_smoke_web_candidates_v3,images/review/a9094048970c01511d31ccfa.jpg,negative,NO,0,0,/home/admin1/jgzj/.runtime/yolo_loop/datasets/fire_smoke_web_candidates_v3/images/review/a9094048970c01511d31ccfa.jpg,.runtime/yolo_label_review/manual_annotations_v1/b8/b8c298f85c232622a3f614812336c5175ad53274b79ea4c94a494378744e2578.json,2026-07-21T03:16:11.230Z,2026-07-21T03:16:11.230Z,manual_negative
fire,negative,loop:fire_smoke_web_candidates_v3,images/review/aa7cc54d1f5975ae39718076.jpg,negative,NO,0,0,/home/admin1/jgzj/.runtime/yolo_loop/datasets/fire_smoke_web_candidates_v3/images/review/aa7cc54d1f5975ae39718076.jpg,.runtime/yolo_label_review/manual_annotations_v1/85/85a48e3aaa4e8182fbf7717e7d86829eb451f79e9021b19b5684385f21e0c31d.json,2026-07-21T02:42:50.031Z,2026-07-21T02:42:50.031Z,manual_negative
fire,negative,loop:fire_smoke_web_candidates_v3,images/review/ab5132985f3b2658550f4636.jpg,pass,YES,0,3,/home/admin1/jgzj/.runtime/yolo_loop/datasets/fire_smoke_web_candidates_v3/images/review/ab5132985f3b2658550f4636.jpg,.runtime/yolo_label_review/manual_annotations_v1/39/391a059f63a3c5f10d0509b7768e321b582bf075acec5a54a4f3c18355e738b7.json,2026-07-27T02:46:17.946Z,2026-07-27T02:46:17.946Z,pass_other_class_or_empty
fire,negative,loop:fire_smoke_web_candidates_v3,images/review/abfa2c4b865e12654f5de14f.jpg,pass,YES,0,1,/home/admin1/jgzj/.runtime/yolo_loop/datasets/fire_smoke_web_candidates_v3/images/review/abfa2c4b865e12654f5de14f.jpg,.runtime/yolo_label_review/manual_annotations_v1/43/43bb9b96f4f25aabd230dcdfd3dff64ced5e618c18ece533bf8425e99a67492e.json,2026-07-21T01:56:56.743Z,2026-07-21T01:56:56.743Z,pass_other_class_or_empty
fire,negative,loop:fire_smoke_web_candidates_v3,images/review/af81b61b3c704203de7512a1.jpg,negative,NO,0,0,/home/admin1/jgzj/.runtime/yolo_loop/datasets/fire_smoke_web_candidates_v3/images/review/af81b61b3c704203de7512a1.jpg,.runtime/yolo_label_review/manual_annotations_v1/4a/4a3638fb1219eaa001833d385f43b7e493ffa9855d1d203d3006679a5bd7178e.json,2026-07-21T02:19:12.299Z,2026-07-21T02:19:12.299Z,manual_negative
fire,negative,loop:fire_smoke_web_candidates_v3,images/review/b01b45b580b82d7f2a7cce81.jpg,pass,YES,0,1,/home/admin1/jgzj/.runtime/yolo_loop/datasets/fire_smoke_web_candidates_v3/images/review/b01b45b580b82d7f2a7cce81.jpg,.runtime/yolo_label_review/manual_annotations_v1/26/264e3ffe45075f737212ba400decb981de0985cbbc5f2d19acc00459202becc2.json,2026-07-27T04:39:48.298Z,2026-07-27T04:39:48.298Z,pass_other_class_or_empty
fire,negative,loop:fire_smoke_web_candidates_v3,images/review/b107ee14a10b692daedc0941.jpg,negative,NO,0,0,/home/admin1/jgzj/.runtime/yolo_loop/datasets/fire_smoke_web_candidates_v3/images/review/b107ee14a10b692daedc0941.jpg,.runtime/yolo_label_review/manual_annotations_v1/a1/a1a613342bbce44c083a1932180ec658a2cd0e3976147dd08ef495cc0ae92920.json,2026-07-27T03:01:11.717Z,2026-07-27T03:01:11.717Z,manual_negative
fire,negative,loop:fire_smoke_web_candidates_v3,images/review/b190085bf86145fdd4580341.jpg,pass,YES,0,1,/home/admin1/jgzj/.runtime/yolo_loop/datasets/fire_smoke_web_candidates_v3/images/review/b190085bf86145fdd4580341.jpg,.runtime/yolo_label_review/manual_annotations_v1/5e/5ec2559090bc1985b97f1fae8426f8d073cc76a8fce4a29ade9bbfcf24f08e39.json,2026-07-27T04:25:52.972Z,2026-07-27T04:25:52.972Z,pass_other_class_or_empty
fire,negative,loop:fire_smoke_web_candidates_v3,images/review/b207b74b4431d0a3688586e8.jpg,negative,NO,0,0,/home/admin1/jgzj/.runtime/yolo_loop/datasets/fire_smoke_web_candidates_v3/images/review/b207b74b4431d0a3688586e8.jpg,.runtime/yolo_label_review/manual_annotations_v1/ee/ee2b41f35c42d70b3304ca663be7a6a56748d621c3e4f419f5319b4bef0c95e3.json,2026-07-21T03:21:26.727Z,2026-07-21T03:21:26.727Z,manual_negative
fire,negative,loop:fire_smoke_web_candidates_v3,images/review/b2247b1f6e948eb8cd5f13ca.jpg,negative,NO,0,0,/home/admin1/jgzj/.runtime/yolo_loop/datasets/fire_smoke_web_candidates_v3/images/review/b2247b1f6e948eb8cd5f13ca.jpg,.runtime/yolo_label_review/manual_annotations_v1/c6/c63962b28a81258d991207765a52a5ee65df7502f224707e622dcd214f8fd676.json,2026-07-21T01:45:07.264Z,2026-07-21T01:45:07.264Z,manual_negative
fire,negative,loop:fire_smoke_web_candidates_v3,images/review/b2a7dea842bbf76b23cc2b8a.jpg,pass,YES,0,1,/home/admin1/jgzj/.runtime/yolo_loop/datasets/fire_smoke_web_candidates_v3/images/review/b2a7dea842bbf76b23cc2b8a.jpg,.runtime/yolo_label_review/manual_annotations_v1/7c/7c973ff68a7a58f4689c02aff694056d0389012eeca67f707482124aa772de6e.json,2026-07-21T02:04:41.343Z,2026-07-21T02:04:41.343Z,pass_other_class_or_empty
fire,negative,loop:fire_smoke_web_candidates_v3,images/review/b33a342ba410f72cc004e036.jpg,pass,YES,0,1,/home/admin1/jgzj/.runtime/yolo_loop/datasets/fire_smoke_web_candidates_v3/images/review/b33a342ba410f72cc004e036.jpg,.runtime/yolo_label_review/manual_annotations_v1/2d/2df92a02fe8456b6123b06b9f86660ce03dc2166f5e601a63617c3f4efef651d.json,2026-07-27T03:20:50.931Z,2026-07-27T03:20:50.931Z,pass_other_class_or_empty
fire,negative,loop:fire_smoke_web_candidates_v3,images/review/b3993eab403f0d955e14bc48.jpg,pass,YES,0,1,/home/admin1/jgzj/.runtime/yolo_loop/datasets/fire_smoke_web_candidates_v3/images/review/b3993eab403f0d955e14bc48.jpg,.runtime/yolo_label_review/manual_annotations_v1/96/9683d238a30088bec781436af91b7fbb327097de298a2e6cd9ad481c88d3d945.json,2026-07-21T03:04:40.093Z,2026-07-21T03:04:40.093Z,pass_other_class_or_empty
fire,negative,loop:fire_smoke_web_candidates_v3,images/review/b574932158248d102e919bef.jpg,pass,YES,0,1,/home/admin1/jgzj/.runtime/yolo_loop/datasets/fire_smoke_web_candidates_v3/images/review/b574932158248d102e919bef.jpg,.runtime/yolo_label_review/manual_annotations_v1/4e/4edd48c7be3f98d4bbf3e02dd0030f317a5a92fc97fee4eec033344652e6cc33.json,2026-07-27T03:21:24.708Z,2026-07-27T03:21:24.708Z,pass_other_class_or_empty
fire,negative,loop:fire_smoke_web_candidates_v3,images/review/b64073d5b95caa9ad6d8bc0a.jpg,negative,NO,0,0,/home/admin1/jgzj/.runtime/yolo_loop/datasets/fire_smoke_web_candidates_v3/images/review/b64073d5b95caa9ad6d8bc0a.jpg,.runtime/yolo_label_review/manual_annotations_v1/fa/faf1b777331d71c17e3d57bb3077eabc6f95de4ec0894ee140e368947001930f.json,2026-07-21T02:29:07.287Z,2026-07-21T02:29:07.287Z,manual_negative
fire,negative,loop:fire_smoke_web_candidates_v3,images/review/b649ad5f3f3a500cf559c77b.jpg,pass,YES,0,1,/home/admin1/jgzj/.runtime/yolo_loop/datasets/fire_smoke_web_candidates_v3/images/review/b649ad5f3f3a500cf559c77b.jpg,.runtime/yolo_label_review/manual_annotations_v1/2f/2f30fffc7a04313942a53c6fb3bb80ff88d5d645315ca53ddd065c8d3ed7174f.json,2026-07-21T03:09:45.918Z,2026-07-21T03:09:45.918Z,pass_other_class_or_empty
fire,negative,loop:fire_smoke_web_candidates_v3,images/review/b6aa80c26b364bc1329435a2.jpg,negative,NO,0,0,/home/admin1/jgzj/.runtime/yolo_loop/datasets/fire_smoke_web_candidates_v3/images/review/b6aa80c26b364bc1329435a2.jpg,.runtime/yolo_label_review/manual_annotations_v1/83/834616fe441c31eead561f80232d6ce11f7f6d322a62115765f674d7327c123a.json,2026-07-21T03:15:33.778Z,2026-07-21T03:15:33.778Z,manual_negative
fire,negative,loop:fire_smoke_web_candidates_v3,images/review/b8f1cda418e0be73eee38e66.jpg,negative,NO,0,0,/home/admin1/jgzj/.runtime/yolo_loop/datasets/fire_smoke_web_candidates_v3/images/review/b8f1cda418e0be73eee38e66.jpg,.runtime/yolo_label_review/manual_annotations_v1/57/57080dd8a192685fc183755b7c05a28da3337738e1dfe7d713d1ae11190e2c2e.json,2026-07-27T02:54:54.153Z,2026-07-27T02:54:54.153Z,manual_negative
fire,negative,loop:fire_smoke_web_candidates_v3,images/review/b959142d3c31cd1be023a4ae.jpg,pass,YES,0,1,/home/admin1/jgzj/.runtime/yolo_loop/datasets/fire_smoke_web_candidates_v3/images/review/b959142d3c31cd1be023a4ae.jpg,.runtime/yolo_label_review/manual_annotations_v1/1d/1d1c7a48a14e4e3ff3981bc5464ecc276b3986bb3be61082d5d22323795201cf.json,2026-07-21T02:25:12.151Z,2026-07-21T02:25:12.151Z,pass_other_class_or_empty
fire,negative,loop:fire_smoke_web_candidates_v3,images/review/b9bb62c53c4221cd519f2646.jpg,pass,YES,0,1,/home/admin1/jgzj/.runtime/yolo_loop/datasets/fire_smoke_web_candidates_v3/images/review/b9bb62c53c4221cd519f2646.jpg,.runtime/yolo_label_review/manual_annotations_v1/6f/6f3be020df07934569a2b5e65eebacf03d9e3d3901554419a75bbaee1eb42001.json,2026-07-27T04:32:16.341Z,2026-07-27T04:32:16.341Z,pass_other_class_or_empty
fire,negative,loop:fire_smoke_web_candidates_v3,images/review/bad9b167ca861a731c0507bf.jpg,negative,NO,0,0,/home/admin1/jgzj/.runtime/yolo_loop/datasets/fire_smoke_web_candidates_v3/images/review/bad9b167ca861a731c0507bf.jpg,.runtime/yolo_label_review/manual_annotations_v1/8f/8f35be145d5fb53b8b0d2cb8f49d04a2be9a5c32297afdb961bb50b8001fe51d.json,2026-07-21T01:53:01.907Z,2026-07-21T01:53:01.907Z,manual_negative
fire,negative,loop:fire_smoke_web_candidates_v3,images/review/bb2c17d5e4d080982e2fa933.jpg,negative,NO,0,0,/home/admin1/jgzj/.runtime/yolo_loop/datasets/fire_smoke_web_candidates_v3/images/review/bb2c17d5e4d080982e2fa933.jpg,.runtime/yolo_label_review/manual_annotations_v1/87/87a7911a677274cd6ca4bfc9cc510abbfb28884e3b0a58ba03f6f65a6d27fdfd.json,2026-07-21T03:17:44.451Z,2026-07-21T03:17:44.451Z,manual_negative
fire,negative,loop:fire_smoke_web_candidates_v3,images/review/bb389f6646a2bc29b453fea7.jpg,negative,NO,0,0,/home/admin1/jgzj/.runtime/yolo_loop/datasets/fire_smoke_web_candidates_v3/images/review/bb389f6646a2bc29b453fea7.jpg,.runtime/yolo_label_review/manual_annotations_v1/7b/7bde670ed136a7209ac1980a1dd68c385e7ce06be7df595578f83deed15054e2.json,2026-07-21T02:21:55.049Z,2026-07-21T02:21:55.049Z,manual_negative
fire,negative,loop:fire_smoke_web_candidates_v3,images/review/bbb3c6b8aa7759b5951afa6e.jpg,pass,YES,0,4,/home/admin1/jgzj/.runtime/yolo_loop/datasets/fire_smoke_web_candidates_v3/images/review/bbb3c6b8aa7759b5951afa6e.jpg,.runtime/yolo_label_review/manual_annotations_v1/6d/6d1ea430676c0e7ad1f12def715b4ed805aed2952045b2e4b55c7de89dc820c9.json,2026-07-21T02:12:07.168Z,2026-07-21T02:12:07.168Z,pass_other_class_or_empty
fire,negative,loop:fire_smoke_web_candidates_v3,images/review/bc00ec84baff42d6e613e09b.jpg,negative,NO,0,0,/home/admin1/jgzj/.runtime/yolo_loop/datasets/fire_smoke_web_candidates_v3/images/review/bc00ec84baff42d6e613e09b.jpg,.runtime/yolo_label_review/manual_annotations_v1/89/8978eb76666366bb4efd194fa80c94e9236d502e3b0ab1d1b35a946db872c0c5.json,2026-07-21T02:18:05.151Z,2026-07-21T02:18:05.151Z,manual_negative
fire,negative,loop:fire_smoke_web_candidates_v3,images/review/bc84ad25c68eb87f646a8f1a.jpg,pass,YES,0,1,/home/admin1/jgzj/.runtime/yolo_loop/datasets/fire_smoke_web_candidates_v3/images/review/bc84ad25c68eb87f646a8f1a.jpg,.runtime/yolo_label_review/manual_annotations_v1/2a/2ab9a7125c1af2f207243a9d388078c861da3c58364a811c824303d51b4f2a11.json,2026-07-21T02:28:06.586Z,2026-07-21T02:28:06.586Z,pass_other_class_or_empty
fire,negative,loop:fire_smoke_web_candidates_v3,images/review/bd04d38da3304e1ccd0139e3.jpg,negative,NO,0,0,/home/admin1/jgzj/.runtime/yolo_loop/datasets/fire_smoke_web_candidates_v3/images/review/bd04d38da3304e1ccd0139e3.jpg,.runtime/yolo_label_review/manual_annotations_v1/55/55db0bd4ca15ad36cc4571e23f0a3ee8b7c8122d5283f248974339a725366850.json,2026-07-21T02:38:44.908Z,2026-07-21T02:38:44.908Z,manual_negative
fire,negative,loop:fire_smoke_web_candidates_v3,images/review/bd3b560b2e488744b5c74c17.jpg,pass,YES,0,1,/home/admin1/jgzj/.runtime/yolo_loop/datasets/fire_smoke_web_candidates_v3/images/review/bd3b560b2e488744b5c74c17.jpg,.runtime/yolo_label_review/manual_annotations_v1/27/27f58bff61908624bce59cff9d1f3f860dd88ad9d82e5ac5c737aa88ab73914e.json,2026-07-27T02:41:51.452Z,2026-07-27T02:41:51.452Z,pass_other_class_or_empty
fire,negative,loop:fire_smoke_web_candidates_v3,images/review/bdb84392b0ccdaf5eb9b7f90.jpg,pass,YES,0,1,/home/admin1/jgzj/.runtime/yolo_loop/datasets/fire_smoke_web_candidates_v3/images/review/bdb84392b0ccdaf5eb9b7f90.jpg,.runtime/yolo_label_review/manual_annotations_v1/06/0645a1fc1108ab59e5d795466149e7ca74f5e35cbd2e205e42cf950333439a54.json,2026-07-27T02:42:16.278Z,2026-07-27T02:42:16.278Z,pass_other_class_or_empty
fire,negative,loop:fire_smoke_web_candidates_v3,images/review/bde754c4d59d9a5b61f3f78f.jpg,pass,YES,0,1,/home/admin1/jgzj/.runtime/yolo_loop/datasets/fire_smoke_web_candidates_v3/images/review/bde754c4d59d9a5b61f3f78f.jpg,.runtime/yolo_label_review/manual_annotations_v1/3e/3ee7775e15a2a116b1e1489a4ceff6a121fcc1c71f2bba83a0d7a01ddec45fc3.json,2026-07-21T03:20:40.766Z,2026-07-21T03:20:40.766Z,pass_other_class_or_empty
fire,negative,loop:fire_smoke_web_candidates_v3,images/review/be39d2113f9235792242d2b3.jpg,negative,NO,0,0,/home/admin1/jgzj/.runtime/yolo_loop/datasets/fire_smoke_web_candidates_v3/images/review/be39d2113f9235792242d2b3.jpg,.runtime/yolo_label_review/manual_annotations_v1/bc/bc35ecc6e9b4be8e30092a507badb3ed16a32b2355cffc4fc526f73c837f87da.json,2026-07-21T03:13:05.149Z,2026-07-21T03:13:05.149Z,manual_negative
fire,negative,loop:fire_smoke_web_candidates_v3,images/review/be3eed51af8d5c1d494ff4ec.jpg,pass,YES,0,1,/home/admin1/jgzj/.runtime/yolo_loop/datasets/fire_smoke_web_candidates_v3/images/review/be3eed51af8d5c1d494ff4ec.jpg,.runtime/yolo_label_review/manual_annotations_v1/df/dfa08f3dd198c8b6ee820d31c9379426f9edd618f13cf83cb0b7d0bf1f4eb451.json,2026-07-27T04:26:02.620Z,2026-07-27T04:26:02.620Z,pass_other_class_or_empty
fire,negative,loop:fire_smoke_web_candidates_v3,images/review/bebd6c3446262751978fac2a.jpg,pass,YES,0,1,/home/admin1/jgzj/.runtime/yolo_loop/datasets/fire_smoke_web_candidates_v3/images/review/bebd6c3446262751978fac2a.jpg,.runtime/yolo_label_review/manual_annotations_v1/4a/4aa79f08e9de0e8c46fad46108d86cc975b52d7cf7cc4a51cf55e4aad5be68fb.json,2026-07-27T02:42:02.684Z,2026-07-27T02:42:02.684Z,pass_other_class_or_empty
fire,negative,loop:fire_smoke_web_candidates_v3,images/review/becdb17a88110e42feadcc56.jpg,negative,NO,0,0,/home/admin1/jgzj/.runtime/yolo_loop/datasets/fire_smoke_web_candidates_v3/images/review/becdb17a88110e42feadcc56.jpg,.runtime/yolo_label_review/manual_annotations_v1/61/61e336a338d078bac14d27b2e6675ac90c290356a2924a16dccdda7449c12867.json,2026-07-21T01:47:14.326Z,2026-07-21T01:47:14.326Z,manual_negative
fire,negative,loop:fire_smoke_web_candidates_v3,images/review/bfd8094ada969d9e2f0d3688.jpg,negative,NO,0,0,/home/admin1/jgzj/.runtime/yolo_loop/datasets/fire_smoke_web_candidates_v3/images/review/bfd8094ada969d9e2f0d3688.jpg,.runtime/yolo_label_review/manual_annotations_v1/33/33671e6fc953ae7c56f8c75c6fa4be11e1e3161e045fd62d949f943a64b2d167.json,2026-07-21T02:28:21.891Z,2026-07-21T02:28:21.891Z,manual_negative
fire,negative,loop:fire_smoke_web_candidates_v3,images/review/c0923a70dd59fce44ed5d721.jpg,pass,YES,0,1,/home/admin1/jgzj/.runtime/yolo_loop/datasets/fire_smoke_web_candidates_v3/images/review/c0923a70dd59fce44ed5d721.jpg,.runtime/yolo_label_review/manual_annotations_v1/4b/4bea0ad2b29388abad0b97bad6818d382deb3ef6846dc7925307ab65ba57cdff.json,2026-07-27T04:23:49.109Z,2026-07-27T04:23:49.109Z,pass_other_class_or_empty
fire,negative,loop:fire_smoke_web_candidates_v3,images/review/c092ef2795d2d8d2d90d3090.jpg,pass,YES,0,1,/home/admin1/jgzj/.runtime/yolo_loop/datasets/fire_smoke_web_candidates_v3/images/review/c092ef2795d2d8d2d90d3090.jpg,.runtime/yolo_label_review/manual_annotations_v1/58/58dd8472bf2621ea48496c1a67896e403bd4367ecd56139124de1704490eafad.json,2026-07-27T04:21:12.063Z,2026-07-27T04:21:12.063Z,pass_other_class_or_empty
fire,negative,loop:fire_smoke_web_candidates_v3,images/review/c0e9921016bbd059f4b1714a.jpg,negative,NO,0,0,/home/admin1/jgzj/.runtime/yolo_loop/datasets/fire_smoke_web_candidates_v3/images/review/c0e9921016bbd059f4b1714a.jpg,.runtime/yolo_label_review/manual_annotations_v1/fb/fb3df89b9d91a9560c42ae19a7f793f6ae042035c824fb2a446702bfe6e98dc9.json,2026-07-21T03:07:24.020Z,2026-07-21T03:07:24.020Z,manual_negative
fire,negative,loop:fire_smoke_web_candidates_v3,images/review/c1f472fbd22c0a6cb3e14e45.jpg,negative,NO,0,0,/home/admin1/jgzj/.runtime/yolo_loop/datasets/fire_smoke_web_candidates_v3/images/review/c1f472fbd22c0a6cb3e14e45.jpg,.runtime/yolo_label_review/manual_annotations_v1/01/0165367b651ecdbd6248686a00d4a3f3b1d031269c232106901f7b73f7879e4a.json,2026-07-21T03:20:46.684Z,2026-07-21T03:20:46.684Z,manual_negative
fire,negative,loop:fire_smoke_web_candidates_v3,images/review/c1f8aaf95c8f173a493bd9e9.jpg,negative,NO,0,0,/home/admin1/jgzj/.runtime/yolo_loop/datasets/fire_smoke_web_candidates_v3/images/review/c1f8aaf95c8f173a493bd9e9.jpg,.runtime/yolo_label_review/manual_annotations_v1/9c/9cc61d6455d6dd86712a20f2a8170ceeb3a27945c91b20d5c74df22a7a6ec513.json,2026-07-21T02:33:06.707Z,2026-07-21T02:33:06.707Z,manual_negative
fire,negative,loop:fire_smoke_web_candidates_v3,images/review/c233ca084abccf427a3044d1.jpg,negative,NO,0,0,/home/admin1/jgzj/.runtime/yolo_loop/datasets/fire_smoke_web_candidates_v3/images/review/c233ca084abccf427a3044d1.jpg,.runtime/yolo_label_review/manual_annotations_v1/63/634f32684be61cc858475344d69bb25fd1480fe0d89a12954fe2eef44126d6f3.json,2026-07-21T03:18:51.729Z,2026-07-21T03:18:51.729Z,manual_negative
fire,negative,loop:fire_smoke_web_candidates_v3,images/review/c2aef7f6f1597b3e94f04772.jpg,pass,YES,0,1,/home/admin1/jgzj/.runtime/yolo_loop/datasets/fire_smoke_web_candidates_v3/images/review/c2aef7f6f1597b3e94f04772.jpg,.runtime/yolo_label_review/manual_annotations_v1/6b/6b8aeeaf547d145b5680cdd6947cba433de303611429150f7a01d458a55fefe2.json,2026-07-27T04:37:04.148Z,2026-07-27T04:37:04.148Z,pass_other_class_or_empty
fire,negative,loop:fire_smoke_web_candidates_v3,images/review/c34aee297d0dcb0db17f1b18.jpg,pass,YES,0,1,/home/admin1/jgzj/.runtime/yolo_loop/datasets/fire_smoke_web_candidates_v3/images/review/c34aee297d0dcb0db17f1b18.jpg,.runtime/yolo_label_review/manual_annotations_v1/d6/d6e9a2a8d204d2157db8ddf52d8679e599d9a62864beb190e30ebcdae02feddd.json,2026-07-27T04:43:52.177Z,2026-07-27T04:43:52.177Z,pass_other_class_or_empty
fire,negative,loop:fire_smoke_web_candidates_v3,images/review/c35da4bea599e0e413915db4.jpg,negative,NO,0,0,/home/admin1/jgzj/.runtime/yolo_loop/datasets/fire_smoke_web_candidates_v3/images/review/c35da4bea599e0e413915db4.jpg,.runtime/yolo_label_review/manual_annotations_v1/08/087141948228b8cff7cc5bad1970c5c020f939622b86646580d8906e209a993b.json,2026-07-21T02:15:13.168Z,2026-07-21T02:15:13.168Z,manual_negative
fire,negative,loop:fire_smoke_web_candidates_v3,images/review/c4748f2d23d5f008371e6205.jpg,negative,NO,0,0,/home/admin1/jgzj/.runtime/yolo_loop/datasets/fire_smoke_web_candidates_v3/images/review/c4748f2d23d5f008371e6205.jpg,.runtime/yolo_label_review/manual_annotations_v1/e6/e6918ec838d5bd285c2c75430a77fefeee3a877def31ba8e1a270d9042c6f920.json,2026-07-21T01:47:48.081Z,2026-07-21T01:47:48.081Z,manual_negative
fire,negative,loop:fire_smoke_web_candidates_v3,images/review/c494fe4e20d624e52caf13e6.jpg,pass,YES,0,1,/home/admin1/jgzj/.runtime/yolo_loop/datasets/fire_smoke_web_candidates_v3/images/review/c494fe4e20d624e52caf13e6.jpg,.runtime/yolo_label_review/manual_annotations_v1/79/79be26416fbd6623dde488457a6f1c8dcb03137e21d124553854727c5b5a93ef.json,2026-07-21T02:48:40.887Z,2026-07-21T02:48:40.887Z,pass_other_class_or_empty
fire,negative,loop:fire_smoke_web_candidates_v3,images/review/c4b30a9fb048cb7c2adaaa60.jpg,pass,YES,0,1,/home/admin1/jgzj/.runtime/yolo_loop/datasets/fire_smoke_web_candidates_v3/images/review/c4b30a9fb048cb7c2adaaa60.jpg,.runtime/yolo_label_review/manual_annotations_v1/5c/5c94f3dd1be40b31c089e59e70aa561a5df40c60315e35a35f04347cf4e7cd9c.json,2026-07-21T02:19:07.519Z,2026-07-21T02:19:07.519Z,pass_other_class_or_empty
fire,negative,loop:fire_smoke_web_candidates_v3,images/review/c53bacdc6cfb92a172a3ebc0.jpg,pass,YES,0,1,/home/admin1/jgzj/.runtime/yolo_loop/datasets/fire_smoke_web_candidates_v3/images/review/c53bacdc6cfb92a172a3ebc0.jpg,.runtime/yolo_label_review/manual_annotations_v1/df/df7500228b0f0b9091b20d73629e7c7d2255d9d87e4d4ce15197bb15af5dfd77.json,2026-07-21T02:13:55.645Z,2026-07-21T02:13:55.645Z,pass_other_class_or_empty
fire,negative,loop:fire_smoke_web_candidates_v3,images/review/c66f5fadb83e87ce106ca921.jpg,pass,YES,0,1,/home/admin1/jgzj/.runtime/yolo_loop/datasets/fire_smoke_web_candidates_v3/images/review/c66f5fadb83e87ce106ca921.jpg,.runtime/yolo_label_review/manual_annotations_v1/4b/4b70684a603ba406889dba15a86e97fe90c963758d00fee714e370bfe4f61cb5.json,2026-07-21T03:04:17.310Z,2026-07-21T03:04:17.310Z,pass_other_class_or_empty
fire,negative,loop:fire_smoke_web_candidates_v3,images/review/c75021b4193a26046dcd3a19.jpg,pass,YES,0,1,/home/admin1/jgzj/.runtime/yolo_loop/datasets/fire_smoke_web_candidates_v3/images/review/c75021b4193a26046dcd3a19.jpg,.runtime/yolo_label_review/manual_annotations_v1/d2/d24cb7341cef31e34d645dd2ed8a8c3275ccf5163973ccf3cfc04420e119f079.json,2026-07-27T03:03:21.598Z,2026-07-27T03:03:21.598Z,pass_other_class_or_empty
fire,negative,loop:fire_smoke_web_candidates_v3,images/review/c7d0669f57b7b32dee15d896.jpg,negative,NO,0,0,/home/admin1/jgzj/.runtime/yolo_loop/datasets/fire_smoke_web_candidates_v3/images/review/c7d0669f57b7b32dee15d896.jpg,.runtime/yolo_label_review/manual_annotations_v1/3e/3ef51793903f83ea2a807de1531e1a3510a4eec9db419dd359919fc46f3c2cc7.json,2026-07-21T02:22:15.479Z,2026-07-21T02:22:15.479Z,manual_negative
fire,negative,loop:fire_smoke_web_candidates_v3,images/review/c7e859e8da3c093156104500.jpg,negative,NO,0,0,/home/admin1/jgzj/.runtime/yolo_loop/datasets/fire_smoke_web_candidates_v3/images/review/c7e859e8da3c093156104500.jpg,.runtime/yolo_label_review/manual_annotations_v1/31/31d04d61b4757b07a69d2f21cf2eb80bac55b9fe50f4bbb20ddc67dac76ce16a.json,2026-07-21T01:45:55.012Z,2026-07-21T01:45:55.012Z,manual_negative
fire,negative,loop:fire_smoke_web_candidates_v3,images/review/ca05e870cf44d30252e31e8a.jpg,negative,NO,0,0,/home/admin1/jgzj/.runtime/yolo_loop/datasets/fire_smoke_web_candidates_v3/images/review/ca05e870cf44d30252e31e8a.jpg,.runtime/yolo_label_review/manual_annotations_v1/e6/e63b80f987efb5bdcdb67d0bc6927c2bacffc57464c0f54b9ef4a111518958ef.json,2026-07-21T01:53:47.619Z,2026-07-21T01:53:47.619Z,manual_negative
fire,negative,loop:fire_smoke_web_candidates_v3,images/review/ca32b88a2895cf178d8cf716.jpg,pass,YES,0,1,/home/admin1/jgzj/.runtime/yolo_loop/datasets/fire_smoke_web_candidates_v3/images/review/ca32b88a2895cf178d8cf716.jpg,.runtime/yolo_label_review/manual_annotations_v1/23/23840eb21673344f4050508f4f0cca930b29c0019e5ca7a4b17afac661e03484.json,2026-07-20T06:59:01.017Z,2026-07-20T06:59:01.017Z,pass_other_class_or_empty
fire,negative,loop:fire_smoke_web_candidates_v3,images/review/cc84e7c658f88e0ec615c40f.jpg,negative,NO,0,0,/home/admin1/jgzj/.runtime/yolo_loop/datasets/fire_smoke_web_candidates_v3/images/review/cc84e7c658f88e0ec615c40f.jpg,.runtime/yolo_label_review/manual_annotations_v1/0b/0b080378eb0e3b65be73871c920548ec74010e27b377600edbc82bd8bd4cd234.json,2026-07-21T03:07:29.114Z,2026-07-21T03:07:29.114Z,manual_negative
fire,negative,loop:fire_smoke_web_candidates_v3,images/review/cdccd00de703f7871f9952cf.jpg,pass,YES,0,1,/home/admin1/jgzj/.runtime/yolo_loop/datasets/fire_smoke_web_candidates_v3/images/review/cdccd00de703f7871f9952cf.jpg,.runtime/yolo_label_review/manual_annotations_v1/08/083be6592072482923554ae76e0a08b2710c769931c60e61adbc8e20b8d1d145.json,2026-07-21T03:10:39.192Z,2026-07-21T03:10:39.192Z,pass_other_class_or_empty
fire,negative,loop:fire_smoke_web_candidates_v3,images/review/cea262fc12051b41426ef646.jpg,negative,NO,0,0,/home/admin1/jgzj/.runtime/yolo_loop/datasets/fire_smoke_web_candidates_v3/images/review/cea262fc12051b41426ef646.jpg,.runtime/yolo_label_review/manual_annotations_v1/03/03b891f863b8435caa3e04b66d3c8a42ff55910a532f35c6530daa76ae69cabc.json,2026-07-21T02:50:48.503Z,2026-07-21T02:50:48.503Z,manual_negative
fire,negative,loop:fire_smoke_web_candidates_v3,images/review/d02036f840c8be22bd006053.jpg,negative,NO,0,0,/home/admin1/jgzj/.runtime/yolo_loop/datasets/fire_smoke_web_candidates_v3/images/review/d02036f840c8be22bd006053.jpg,.runtime/yolo_label_review/manual_annotations_v1/f7/f786c29aeea098bb73cfd52f84937e40017dfad16587c06a99a9697e0c0f3f6d.json,2026-07-27T02:38:21.120Z,2026-07-27T02:38:21.120Z,manual_negative
fire,negative,loop:fire_smoke_web_candidates_v3,images/review/d1c8dff25ffee88ae2ba8b71.jpg,negative,NO,0,0,/home/admin1/jgzj/.runtime/yolo_loop/datasets/fire_smoke_web_candidates_v3/images/review/d1c8dff25ffee88ae2ba8b71.jpg,.runtime/yolo_label_review/manual_annotations_v1/c9/c9043cbb04aeb5a872dcd2c42988ec9e776470ae92b1d45502db5005bb6a4ba7.json,2026-07-24T01:27:29.127Z,2026-07-24T01:27:29.127Z,manual_negative
fire,negative,loop:fire_smoke_web_candidates_v3,images/review/d1ed50c320d1d8cf9d836246.jpg,pass,YES,0,1,/home/admin1/jgzj/.runtime/yolo_loop/datasets/fire_smoke_web_candidates_v3/images/review/d1ed50c320d1d8cf9d836246.jpg,.runtime/yolo_label_review/manual_annotations_v1/63/63cca4f7339341301ea33f4748417ceaf9f28a4bfeee977ca08fe33171d09e03.json,2026-07-21T02:05:25.898Z,2026-07-21T02:05:25.898Z,pass_other_class_or_empty
fire,negative,loop:fire_smoke_web_candidates_v3,images/review/d2285ccf27c90a9cf1e40feb.jpg,pass,YES,0,1,/home/admin1/jgzj/.runtime/yolo_loop/datasets/fire_smoke_web_candidates_v3/images/review/d2285ccf27c90a9cf1e40feb.jpg,.runtime/yolo_label_review/manual_annotations_v1/6b/6b0575ea1161b5f162ada333554a7419f86c7f2e7ac250b07cd1af5bded5718e.json,2026-07-21T02:45:04.320Z,2026-07-21T02:45:04.320Z,pass_other_class_or_empty
fire,negative,loop:fire_smoke_web_candidates_v3,images/review/d2ebe660fe8c96fd038b1f06.jpg,pass,YES,0,1,/home/admin1/jgzj/.runtime/yolo_loop/datasets/fire_smoke_web_candidates_v3/images/review/d2ebe660fe8c96fd038b1f06.jpg,.runtime/yolo_label_review/manual_annotations_v1/c0/c0cf00021147240e4483545d783bb86b46f6a6deb53b0d38435e3b35e55bc515.json,2026-07-21T02:07:09.097Z,2026-07-21T02:07:09.097Z,pass_other_class_or_empty
fire,negative,loop:fire_smoke_web_candidates_v3,images/review/d43fa83f5e462991cedb3082.jpg,negative,NO,0,0,/home/admin1/jgzj/.runtime/yolo_loop/datasets/fire_smoke_web_candidates_v3/images/review/d43fa83f5e462991cedb3082.jpg,.runtime/yolo_label_review/manual_annotations_v1/a3/a39006fae2aa678bef24852fa5c1e1e22818e3c294d3c3ac9c9c173819319256.json,2026-07-21T03:07:38.820Z,2026-07-21T03:07:38.820Z,manual_negative
fire,negative,loop:fire_smoke_web_candidates_v3,images/review/d53a1c2168d9704f0e7f5b06.jpg,pass,YES,0,1,/home/admin1/jgzj/.runtime/yolo_loop/datasets/fire_smoke_web_candidates_v3/images/review/d53a1c2168d9704f0e7f5b06.jpg,.runtime/yolo_label_review/manual_annotations_v1/6f/6ff121f22d99771fd00e9ac3c00f20bda24c1acc1ce89367b48f13507d6a9fa5.json,2026-07-27T02:41:13.904Z,2026-07-27T02:41:13.904Z,pass_other_class_or_empty
fire,negative,loop:fire_smoke_web_candidates_v3,images/review/d5732e4b0b0892e552dd90bd.jpg,pass,YES,0,1,/home/admin1/jgzj/.runtime/yolo_loop/datasets/fire_smoke_web_candidates_v3/images/review/d5732e4b0b0892e552dd90bd.jpg,.runtime/yolo_label_review/manual_annotations_v1/c1/c12f61c9deb9f710d0451835bcc3289985fd8cfa1ae422761f28f779ab3f9a3e.json,2026-07-27T04:38:12.002Z,2026-07-27T04:38:12.002Z,pass_other_class_or_empty
fire,negative,loop:fire_smoke_web_candidates_v3,images/review/d5bb96438fa77ca093151e50.jpg,pass,YES,0,1,/home/admin1/jgzj/.runtime/yolo_loop/datasets/fire_smoke_web_candidates_v3/images/review/d5bb96438fa77ca093151e50.jpg,.runtime/yolo_label_review/manual_annotations_v1/60/60c5e6585a4e2e5d000c7c4955114d09659192f128d2c1ef418af54203f3871c.json,2026-07-21T03:19:29.236Z,2026-07-21T03:19:29.236Z,pass_other_class_or_empty
fire,negative,loop:fire_smoke_web_candidates_v3,images/review/d68fd1e936bf32479f68978d.jpg,pass,YES,0,1,/home/admin1/jgzj/.runtime/yolo_loop/datasets/fire_smoke_web_candidates_v3/images/review/d68fd1e936bf32479f68978d.jpg,.runtime/yolo_label_review/manual_annotations_v1/9e/9e5cbd689ba2933c21f96a53a04fe08ab19777f8a5d2dd9b20297fda29f537e3.json,2026-07-27T04:38:36.570Z,2026-07-27T04:38:36.570Z,pass_other_class_or_empty
fire,negative,loop:fire_smoke_web_candidates_v3,images/review/d7ceb51cb81becc07fbe3793.jpg,negative,NO,0,0,/home/admin1/jgzj/.runtime/yolo_loop/datasets/fire_smoke_web_candidates_v3/images/review/d7ceb51cb81becc07fbe3793.jpg,.runtime/yolo_label_review/manual_annotations_v1/1f/1fc0ac3ca98f1cadc5cad10c7dd48b45a482c9c1555a5bb5243ecc73db75c47f.json,2026-07-27T02:49:48.714Z,2026-07-27T02:49:48.714Z,manual_negative
fire,negative,loop:fire_smoke_web_candidates_v3,images/review/da41f012b101c4f74692dc16.jpg,pass,YES,0,1,/home/admin1/jgzj/.runtime/yolo_loop/datasets/fire_smoke_web_candidates_v3/images/review/da41f012b101c4f74692dc16.jpg,.runtime/yolo_label_review/manual_annotations_v1/a5/a543d489b928395e2d000a73b9aac0c7b687d1e3d125df16b7269c836aee99f3.json,2026-07-21T02:47:59.173Z,2026-07-21T02:47:59.173Z,pass_other_class_or_empty
fire,negative,loop:fire_smoke_web_candidates_v3,images/review/dba912459a2f9440edc242a1.jpg,negative,NO,0,0,/home/admin1/jgzj/.runtime/yolo_loop/datasets/fire_smoke_web_candidates_v3/images/review/dba912459a2f9440edc242a1.jpg,.runtime/yolo_label_review/manual_annotations_v1/79/79203da04b4fbb8c73937716db69f86d93487fae2af905dc149e362544358c74.json,2026-07-21T03:14:24.174Z,2026-07-21T03:14:24.174Z,manual_negative
fire,negative,loop:fire_smoke_web_candidates_v3,images/review/dbd5b2ff87eb871e00a9db5c.jpg,pass,YES,0,1,/home/admin1/jgzj/.runtime/yolo_loop/datasets/fire_smoke_web_candidates_v3/images/review/dbd5b2ff87eb871e00a9db5c.jpg,.runtime/yolo_label_review/manual_annotations_v1/f0/f062e080e1a54f7346a877d97380cd826d68c97eb44fc829c2c6d8e4ee0f124a.json,2026-07-27T02:37:57.683Z,2026-07-27T02:37:57.683Z,pass_other_class_or_empty
fire,negative,loop:fire_smoke_web_candidates_v3,images/review/dda772ad94ae0a8e899b6b92.jpg,pass,YES,0,1,/home/admin1/jgzj/.runtime/yolo_loop/datasets/fire_smoke_web_candidates_v3/images/review/dda772ad94ae0a8e899b6b92.jpg,.runtime/yolo_label_review/manual_annotations_v1/90/905c4a07a72d4620ceac455246be169511352f660c828e021dc1d73af821c806.json,2026-07-21T03:20:03.158Z,2026-07-21T03:20:03.158Z,pass_other_class_or_empty
fire,negative,loop:fire_smoke_web_candidates_v3,images/review/de313cc0ce73472b501a29d9.jpg,negative,NO,0,0,/home/admin1/jgzj/.runtime/yolo_loop/datasets/fire_smoke_web_candidates_v3/images/review/de313cc0ce73472b501a29d9.jpg,.runtime/yolo_label_review/manual_annotations_v1/45/45712c54f235f95324c3afdc3821e00b0e14631962f037337ac743b4e39f551f.json,2026-07-21T02:25:35.746Z,2026-07-21T02:25:35.746Z,manual_negative
fire,negative,loop:fire_smoke_web_candidates_v3,images/review/dfb4971b7c8a1c6fcf1683eb.jpg,pass,YES,0,1,/home/admin1/jgzj/.runtime/yolo_loop/datasets/fire_smoke_web_candidates_v3/images/review/dfb4971b7c8a1c6fcf1683eb.jpg,.runtime/yolo_label_review/manual_annotations_v1/b9/b9a46f0356658e6c3af05373e8525829cd12d64a11134d3750ed02119d88bb50.json,2026-07-27T04:28:12.329Z,2026-07-27T04:28:12.329Z,pass_other_class_or_empty
fire,negative,loop:fire_smoke_web_candidates_v3,images/review/e11af2a436b6120966c90e2b.jpg,negative,NO,0,0,/home/admin1/jgzj/.runtime/yolo_loop/datasets/fire_smoke_web_candidates_v3/images/review/e11af2a436b6120966c90e2b.jpg,.runtime/yolo_label_review/manual_annotations_v1/45/45c1d6f1b7d6a16e295a5646408b8b7c22671256e4cd94c04df8d1cbc63aad78.json,2026-07-21T02:34:34.760Z,2026-07-21T02:34:34.760Z,manual_negative
fire,negative,loop:fire_smoke_web_candidates_v3,images/review/e264f62a040f7a6e5e04c88c.jpg,negative,NO,0,0,/home/admin1/jgzj/.runtime/yolo_loop/datasets/fire_smoke_web_candidates_v3/images/review/e264f62a040f7a6e5e04c88c.jpg,.runtime/yolo_label_review/manual_annotations_v1/67/676bff4539a17a607b83c4ec631a38c9a6cb210dee923d7dbaa2ab4e0fb76208.json,2026-07-21T01:45:16.402Z,2026-07-21T01:45:16.402Z,manual_negative
fire,negative,loop:fire_smoke_web_candidates_v3,images/review/e26c38328bebbc70ff0dbe4d.jpg,negative,NO,0,0,/home/admin1/jgzj/.runtime/yolo_loop/datasets/fire_smoke_web_candidates_v3/images/review/e26c38328bebbc70ff0dbe4d.jpg,.runtime/yolo_label_review/manual_annotations_v1/b5/b5a7a02aae289a32ec7b368ce9f0006681e5c4f0d2ceb3807379ef4e8c638257.json,2026-07-21T02:35:03.805Z,2026-07-21T02:35:03.805Z,manual_negative
fire,negative,loop:fire_smoke_web_candidates_v3,images/review/e3e8bfe728d7d10d5d9ab165.jpg,negative,NO,0,0,/home/admin1/jgzj/.runtime/yolo_loop/datasets/fire_smoke_web_candidates_v3/images/review/e3e8bfe728d7d10d5d9ab165.jpg,.runtime/yolo_label_review/manual_annotations_v1/c7/c79da886b63fde0d8e9bb3abb02f04432516318f7dc5d99e6322820b335e8f8a.json,2026-07-21T02:30:49.825Z,2026-07-21T02:30:49.825Z,manual_negative
fire,negative,loop:fire_smoke_web_candidates_v3,images/review/e3f184ea66f079454e06f47e.jpg,pass,YES,0,1,/home/admin1/jgzj/.runtime/yolo_loop/datasets/fire_smoke_web_candidates_v3/images/review/e3f184ea66f079454e06f47e.jpg,.runtime/yolo_label_review/manual_annotations_v1/5a/5aadba2c251e9e4cec98cf32b6ea3b6eadb2b4d870afa042434d406283e870b6.json,2026-07-21T03:19:48.447Z,2026-07-21T03:19:48.447Z,pass_other_class_or_empty
fire,negative,loop:fire_smoke_web_candidates_v3,images/review/e4e4c63b038965f35239bb84.jpg,pass,YES,0,1,/home/admin1/jgzj/.runtime/yolo_loop/datasets/fire_smoke_web_candidates_v3/images/review/e4e4c63b038965f35239bb84.jpg,.runtime/yolo_label_review/manual_annotations_v1/83/830c59f2bb5d9340df5b9917fa4cc35358a6ea460daf4ef71a0ce81f3964f247.json,2026-07-27T04:46:01.858Z,2026-07-27T04:46:01.858Z,pass_other_class_or_empty
fire,negative,loop:fire_smoke_web_candidates_v3,images/review/e5ba4aaf342d8eeb44248ba5.jpg,negative,NO,0,0,/home/admin1/jgzj/.runtime/yolo_loop/datasets/fire_smoke_web_candidates_v3/images/review/e5ba4aaf342d8eeb44248ba5.jpg,.runtime/yolo_label_review/manual_annotations_v1/b7/b7c2e18cc736f0d378addbfc525b8cf6080210ff5682bd401f4ce8da1a126c4d.json,2026-07-21T02:14:45.209Z,2026-07-21T02:14:45.209Z,manual_negative
fire,negative,loop:fire_smoke_web_candidates_v3,images/review/e60af0ee32d859689130b137.jpg,negative,NO,0,0,/home/admin1/jgzj/.runtime/yolo_loop/datasets/fire_smoke_web_candidates_v3/images/review/e60af0ee32d859689130b137.jpg,.runtime/yolo_label_review/manual_annotations_v1/5d/5d5f4cd512a3eaf3f53e841f408fae68a7697385e49ee433b694385432864576.json,2026-07-27T03:16:08.135Z,2026-07-27T03:16:08.135Z,manual_negative
fire,negative,loop:fire_smoke_web_candidates_v3,images/review/e78a0a5ca014b279bafba4c7.jpg,pass,YES,0,1,/home/admin1/jgzj/.runtime/yolo_loop/datasets/fire_smoke_web_candidates_v3/images/review/e78a0a5ca014b279bafba4c7.jpg,.runtime/yolo_label_review/manual_annotations_v1/53/53ae557e72b006976a4e8a0b8e0899e3254fb97cba2c8dbf8478423a147ca42f.json,2026-07-27T04:33:08.695Z,2026-07-27T04:33:08.695Z,pass_other_class_or_empty
fire,negative,loop:fire_smoke_web_candidates_v3,images/review/ea1b049871a53f247008857d.jpg,pass,YES,0,1,/home/admin1/jgzj/.runtime/yolo_loop/datasets/fire_smoke_web_candidates_v3/images/review/ea1b049871a53f247008857d.jpg,.runtime/yolo_label_review/manual_annotations_v1/ac/ac04892e0e29471595937df1f585edafffbebd9854ee9c2fb915521a05ce4287.json,2026-07-27T04:40:01.792Z,2026-07-27T04:40:01.792Z,pass_other_class_or_empty
fire,negative,loop:fire_smoke_web_candidates_v3,images/review/eab066666561a461b7509fb1.jpg,pass,YES,0,1,/home/admin1/jgzj/.runtime/yolo_loop/datasets/fire_smoke_web_candidates_v3/images/review/eab066666561a461b7509fb1.jpg,.runtime/yolo_label_review/manual_annotations_v1/2b/2b7fe0eb04cbabbe83019020269e2d5c64aff3e6637df1d43a6fdb4941062d9a.json,2026-07-27T02:37:39.307Z,2026-07-27T02:37:39.307Z,pass_other_class_or_empty
fire,negative,loop:fire_smoke_web_candidates_v3,images/review/eab17a03b21d0b16722b5f90.jpg,pass,YES,0,1,/home/admin1/jgzj/.runtime/yolo_loop/datasets/fire_smoke_web_candidates_v3/images/review/eab17a03b21d0b16722b5f90.jpg,.runtime/yolo_label_review/manual_annotations_v1/3d/3d036eb076700a6dfa16f15b17d6974a9b0ceb6ee5178267659f4f5c83357b8f.json,2026-07-27T04:29:46.783Z,2026-07-27T04:29:46.783Z,pass_other_class_or_empty
fire,negative,loop:fire_smoke_web_candidates_v3,images/review/ebf5f096c0a0f8f14160b8f9.jpg,pass,YES,0,1,/home/admin1/jgzj/.runtime/yolo_loop/datasets/fire_smoke_web_candidates_v3/images/review/ebf5f096c0a0f8f14160b8f9.jpg,.runtime/yolo_label_review/manual_annotations_v1/80/80922e2df04de5a12566cd827e10650b85245effaa0c94ac113869fe96bb5500.json,2026-07-27T03:21:01.932Z,2026-07-27T03:21:01.932Z,pass_other_class_or_empty
fire,negative,loop:fire_smoke_web_candidates_v3,images/review/ecd842a23241fcfc4d90dd2f.jpg,negative,NO,0,0,/home/admin1/jgzj/.runtime/yolo_loop/datasets/fire_smoke_web_candidates_v3/images/review/ecd842a23241fcfc4d90dd2f.jpg,.runtime/yolo_label_review/manual_annotations_v1/8e/8e85df9bcff221df60c33943b7b9bd43e63c12559b6f5778e2ab3ea8ec5f8f86.json,2026-07-21T02:34:12.963Z,2026-07-21T02:34:12.963Z,manual_negative
fire,negative,loop:fire_smoke_web_candidates_v3,images/review/ed525405f757bad9e9b2aeac.jpg,negative,NO,0,0,/home/admin1/jgzj/.runtime/yolo_loop/datasets/fire_smoke_web_candidates_v3/images/review/ed525405f757bad9e9b2aeac.jpg,.runtime/yolo_label_review/manual_annotations_v1/6b/6b59fe747065c3b5b43769af8fc81b267c09ba1d5779853c4f3ef72208595e01.json,2026-07-27T04:25:24.572Z,2026-07-27T04:25:24.572Z,manual_negative
fire,negative,loop:fire_smoke_web_candidates_v3,images/review/ed61cb123fe4448735935c48.jpg,pass,YES,0,1,/home/admin1/jgzj/.runtime/yolo_loop/datasets/fire_smoke_web_candidates_v3/images/review/ed61cb123fe4448735935c48.jpg,.runtime/yolo_label_review/manual_annotations_v1/db/db2e13660ec7bead1537a961d90e7b317e66f5e84ac30fcd4b3e8c9dfffa9fdf.json,2026-07-27T03:02:17.901Z,2026-07-27T03:02:17.901Z,pass_other_class_or_empty
fire,negative,loop:fire_smoke_web_candidates_v3,images/review/edf36680e834d6f69936d8e9.jpg,pass,YES,0,2,/home/admin1/jgzj/.runtime/yolo_loop/datasets/fire_smoke_web_candidates_v3/images/review/edf36680e834d6f69936d8e9.jpg,.runtime/yolo_label_review/manual_annotations_v1/57/57e399a8336b9b971ab0c5efaf0ef0c0e28825d32924b1c14beb5cbd6b20064d.json,2026-07-21T03:13:58.011Z,2026-07-21T03:13:58.011Z,pass_other_class_or_empty
fire,negative,loop:fire_smoke_web_candidates_v3,images/review/ee421d23323009618214637f.jpg,negative,NO,0,0,/home/admin1/jgzj/.runtime/yolo_loop/datasets/fire_smoke_web_candidates_v3/images/review/ee421d23323009618214637f.jpg,.runtime/yolo_label_review/manual_annotations_v1/5b/5b693aacfc5403b88c7fab2a3518cd0c4187c3f385bd013c79b96609c8bd6e6f.json,2026-07-21T03:16:32.367Z,2026-07-21T03:16:32.367Z,manual_negative
fire,negative,loop:fire_smoke_web_candidates_v3,images/review/eee4624212d8b26388e9ae13.jpg,negative,NO,0,0,/home/admin1/jgzj/.runtime/yolo_loop/datasets/fire_smoke_web_candidates_v3/images/review/eee4624212d8b26388e9ae13.jpg,.runtime/yolo_label_review/manual_annotations_v1/22/22b02df136502c8a2412135d8d353ac288011a729f72084ed1179f7cef3fb936.json,2026-07-21T02:37:33.190Z,2026-07-21T02:37:33.190Z,manual_negative
fire,negative,loop:fire_smoke_web_candidates_v3,images/review/ef58d2d10b85a7ab1ca3c48e.jpg,pass,YES,0,1,/home/admin1/jgzj/.runtime/yolo_loop/datasets/fire_smoke_web_candidates_v3/images/review/ef58d2d10b85a7ab1ca3c48e.jpg,.runtime/yolo_label_review/manual_annotations_v1/05/05059cd2e45f0d5f32eae9b22018cec8000151fb64ea9d647fff3691dd22046d.json,2026-07-21T02:12:44.595Z,2026-07-21T02:12:44.595Z,pass_other_class_or_empty
fire,negative,loop:fire_smoke_web_candidates_v3,images/review/ef9085a17e1b7027fac9ac0b.jpg,pass,YES,0,1,/home/admin1/jgzj/.runtime/yolo_loop/datasets/fire_smoke_web_candidates_v3/images/review/ef9085a17e1b7027fac9ac0b.jpg,.runtime/yolo_label_review/manual_annotations_v1/9c/9c8dbfbca739782aea24c0e2113161f1bb417de7d82430c50fe3e6befedfb0ed.json,2026-07-21T03:15:03.380Z,2026-07-21T03:15:03.380Z,pass_other_class_or_empty
fire,negative,loop:fire_smoke_web_candidates_v3,images/review/f01152679ac6fa18102862e6.jpg,negative,NO,0,0,/home/admin1/jgzj/.runtime/yolo_loop/datasets/fire_smoke_web_candidates_v3/images/review/f01152679ac6fa18102862e6.jpg,.runtime/yolo_label_review/manual_annotations_v1/6a/6a82ba906fc049e1b1a6ce556163b1fc1eaba3de24e7470b3dbd3b2f25f9831c.json,2026-07-27T02:55:48.221Z,2026-07-27T02:55:48.221Z,manual_negative
fire,negative,loop:fire_smoke_web_candidates_v3,images/review/f1757efc2571313a193f284c.jpg,pass,YES,0,1,/home/admin1/jgzj/.runtime/yolo_loop/datasets/fire_smoke_web_candidates_v3/images/review/f1757efc2571313a193f284c.jpg,.runtime/yolo_label_review/manual_annotations_v1/27/27dfdd77f57f6b25cbed73f31435ff0be1024973adcb59ecf36d5ee12959cacb.json,2026-07-21T01:58:37.197Z,2026-07-21T01:58:37.197Z,pass_other_class_or_empty
fire,negative,loop:fire_smoke_web_candidates_v3,images/review/f1ee86c90cea94dd7a4135dc.jpg,negative,NO,0,0,/home/admin1/jgzj/.runtime/yolo_loop/datasets/fire_smoke_web_candidates_v3/images/review/f1ee86c90cea94dd7a4135dc.jpg,.runtime/yolo_label_review/manual_annotations_v1/74/74dcb9990b6e13871724f9c20d44a20521f751e0c01c3f13f81935c836968c62.json,2026-07-21T03:01:10.971Z,2026-07-21T03:01:10.971Z,manual_negative
fire,negative,loop:fire_smoke_web_candidates_v3,images/review/f27637e4c63a746348a5eeab.jpg,negative,NO,0,0,/home/admin1/jgzj/.runtime/yolo_loop/datasets/fire_smoke_web_candidates_v3/images/review/f27637e4c63a746348a5eeab.jpg,.runtime/yolo_label_review/manual_annotations_v1/eb/ebfd7428f0a2d122e5be1b45baf02472cf0ebefadb845ac0c88138c5ce6e5779.json,2026-07-21T02:20:35.135Z,2026-07-21T02:20:35.135Z,manual_negative
fire,negative,loop:fire_smoke_web_candidates_v3,images/review/f2999bb1af600dd73c7f5827.jpg,negative,NO,0,0,/home/admin1/jgzj/.runtime/yolo_loop/datasets/fire_smoke_web_candidates_v3/images/review/f2999bb1af600dd73c7f5827.jpg,.runtime/yolo_label_review/manual_annotations_v1/1b/1b55621194534880d35777ac1562ce4ec27857d78ccd1718eaa5d6d0d576ae68.json,2026-07-21T02:21:43.873Z,2026-07-21T02:21:43.873Z,manual_negative
fire,negative,loop:fire_smoke_web_candidates_v3,images/review/f375b5b518962c7f67ee12b4.jpg,negative,NO,0,0,/home/admin1/jgzj/.runtime/yolo_loop/datasets/fire_smoke_web_candidates_v3/images/review/f375b5b518962c7f67ee12b4.jpg,.runtime/yolo_label_review/manual_annotations_v1/6a/6af22eebabe7e5e54ce471f3171bd059f3bdcf93458f72625643b3f7a422661b.json,2026-07-27T02:53:35.310Z,2026-07-27T02:53:35.310Z,manual_negative
fire,negative,loop:fire_smoke_web_candidates_v3,images/review/f4f551273205d6fbc7c64312.jpg,negative,NO,0,0,/home/admin1/jgzj/.runtime/yolo_loop/datasets/fire_smoke_web_candidates_v3/images/review/f4f551273205d6fbc7c64312.jpg,.runtime/yolo_label_review/manual_annotations_v1/46/468d3772d64dba12680faf620c40f1cdad7d9a71ef17560c68db648690cdf221.json,2026-07-21T01:55:53.980Z,2026-07-21T01:55:53.980Z,manual_negative
fire,negative,loop:fire_smoke_web_candidates_v3,images/review/f5ed3fdf55c4f8b135293bac.jpg,negative,NO,0,0,/home/admin1/jgzj/.runtime/yolo_loop/datasets/fire_smoke_web_candidates_v3/images/review/f5ed3fdf55c4f8b135293bac.jpg,.runtime/yolo_label_review/manual_annotations_v1/9d/9d6f173eaec90994bf32c6f4a384769b767e7f0a03e3c3b6d0a18c673d632a4b.json,2026-07-21T03:11:05.021Z,2026-07-21T03:11:05.021Z,manual_negative
fire,negative,loop:fire_smoke_web_candidates_v3,images/review/f5fb4468a379e93f2235bf34.jpg,pass,YES,0,1,/home/admin1/jgzj/.runtime/yolo_loop/datasets/fire_smoke_web_candidates_v3/images/review/f5fb4468a379e93f2235bf34.jpg,.runtime/yolo_label_review/manual_annotations_v1/47/4718f93471d9ebee09014ca4ca981e710e92dfb0225d10fb01339e033c95b5b4.json,2026-07-27T04:30:40.919Z,2026-07-27T04:30:40.919Z,pass_other_class_or_empty
fire,negative,loop:fire_smoke_web_candidates_v3,images/review/f61ece85a5550b08fed334e4.jpg,negative,NO,0,0,/home/admin1/jgzj/.runtime/yolo_loop/datasets/fire_smoke_web_candidates_v3/images/review/f61ece85a5550b08fed334e4.jpg,.runtime/yolo_label_review/manual_annotations_v1/eb/eb7e890c920be644c23d6a9348902f6430151cce57cbeef37228946439695e4b.json,2026-07-27T02:46:31.499Z,2026-07-27T02:46:31.499Z,manual_negative
fire,negative,loop:fire_smoke_web_candidates_v3,images/review/f62ccc5485cdc6b41c350964.jpg,pass,YES,0,1,/home/admin1/jgzj/.runtime/yolo_loop/datasets/fire_smoke_web_candidates_v3/images/review/f62ccc5485cdc6b41c350964.jpg,.runtime/yolo_label_review/manual_annotations_v1/22/2205335b0885b36c39edbb614d4820dcd7c706bd95ea3d6e020694e29e73ee77.json,2026-07-21T02:32:02.726Z,2026-07-21T02:32:02.726Z,pass_other_class_or_empty
fire,negative,loop:fire_smoke_web_candidates_v3,images/review/f6d1614b7bab3676241282ee.jpg,pass,YES,0,1,/home/admin1/jgzj/.runtime/yolo_loop/datasets/fire_smoke_web_candidates_v3/images/review/f6d1614b7bab3676241282ee.jpg,.runtime/yolo_label_review/manual_annotations_v1/ce/ce16681d496cd4b698728000fefbfb0e8d147bc009bdbcd0921f56a5fa064b5c.json,2026-07-21T02:29:56.518Z,2026-07-21T02:29:56.518Z,pass_other_class_or_empty
fire,negative,loop:fire_smoke_web_candidates_v3,images/review/f6ef485412779df1936b3aaf.jpg,pass,YES,0,1,/home/admin1/jgzj/.runtime/yolo_loop/datasets/fire_smoke_web_candidates_v3/images/review/f6ef485412779df1936b3aaf.jpg,.runtime/yolo_label_review/manual_annotations_v1/56/5690da952f795f90b5e37893c8995ea6503be18c27ea93d98539e41f0488941f.json,2026-07-21T01:57:12.774Z,2026-07-21T01:57:12.774Z,pass_other_class_or_empty
fire,negative,loop:fire_smoke_web_candidates_v3,images/review/f7cca586af775d1f4c7f6dc3.jpg,negative,NO,0,0,/home/admin1/jgzj/.runtime/yolo_loop/datasets/fire_smoke_web_candidates_v3/images/review/f7cca586af775d1f4c7f6dc3.jpg,.runtime/yolo_label_review/manual_annotations_v1/37/37f543b5c0743e71a10dd74a1d6cb4a744dc9ae5b38e1abbb8254d868b91b255.json,2026-07-21T02:49:14.116Z,2026-07-21T02:49:14.116Z,manual_negative
fire,negative,loop:fire_smoke_web_candidates_v3,images/review/f7f40f461fa397cbfab61bab.jpg,pass,YES,0,1,/home/admin1/jgzj/.runtime/yolo_loop/datasets/fire_smoke_web_candidates_v3/images/review/f7f40f461fa397cbfab61bab.jpg,.runtime/yolo_label_review/manual_annotations_v1/1e/1eb3bde949502269d188bce2d2ce90c93998c8124bdfeff8072d0795fc09b79a.json,2026-07-21T02:26:08.912Z,2026-07-21T02:26:08.912Z,pass_other_class_or_empty
fire,negative,loop:fire_smoke_web_candidates_v3,images/review/f89b1fcdaaf3e5911069617b.jpg,negative,NO,0,0,/home/admin1/jgzj/.runtime/yolo_loop/datasets/fire_smoke_web_candidates_v3/images/review/f89b1fcdaaf3e5911069617b.jpg,.runtime/yolo_label_review/manual_annotations_v1/60/602cfdabad4d45b9f854edcab392e3a5cbeffaca5bef9092dcaf663274423f5e.json,2026-07-21T02:19:23.548Z,2026-07-21T02:19:23.548Z,manual_negative
fire,negative,loop:fire_smoke_web_candidates_v3,images/review/f8f3f7794c5cfce3b33a85f4.jpg,pass,YES,0,1,/home/admin1/jgzj/.runtime/yolo_loop/datasets/fire_smoke_web_candidates_v3/images/review/f8f3f7794c5cfce3b33a85f4.jpg,.runtime/yolo_label_review/manual_annotations_v1/9e/9ef245ded62e1195e365d25e518d562d4da118050472b9473ed6e5f8ab2c6fe4.json,2026-07-27T04:44:38.050Z,2026-07-27T04:44:38.050Z,pass_other_class_or_empty
fire,negative,loop:fire_smoke_web_candidates_v3,images/review/f92e8e2ec2d96eca11fec5f8.jpg,pass,YES,0,1,/home/admin1/jgzj/.runtime/yolo_loop/datasets/fire_smoke_web_candidates_v3/images/review/f92e8e2ec2d96eca11fec5f8.jpg,.runtime/yolo_label_review/manual_annotations_v1/df/dfda62fcff234e8ea6ded64b40a6646fa6b5c1414b47fdce76f3a201c6b8b1a3.json,2026-07-21T02:32:20.134Z,2026-07-21T02:32:20.134Z,pass_other_class_or_empty
fire,negative,loop:fire_smoke_web_candidates_v3,images/review/faac7ebe3c0aeef47fb36c29.jpg,pass,YES,0,3,/home/admin1/jgzj/.runtime/yolo_loop/datasets/fire_smoke_web_candidates_v3/images/review/faac7ebe3c0aeef47fb36c29.jpg,.runtime/yolo_label_review/manual_annotations_v1/f5/f5620cf68b91ddbb35eb7bcc4bf9661c3c68fe2591f5f005d9dcdb81f62a0970.json,2026-07-21T03:03:37.667Z,2026-07-21T03:03:37.667Z,pass_other_class_or_empty
fire,negative,loop:fire_smoke_web_candidates_v3,images/review/fadb323a97e7b709e8de15a8.jpg,negative,NO,0,0,/home/admin1/jgzj/.runtime/yolo_loop/datasets/fire_smoke_web_candidates_v3/images/review/fadb323a97e7b709e8de15a8.jpg,.runtime/yolo_label_review/manual_annotations_v1/07/0701917c2b1dd28b1cdd64908a1718ed09830752da1176c25eeee8855605d14d.json,2026-07-27T04:46:53.344Z,2026-07-27T04:46:53.344Z,manual_negative
fire,negative,loop:fire_smoke_web_candidates_v3,images/review/fae10af0ff172393c7053da5.jpg,pass,YES,0,1,/home/admin1/jgzj/.runtime/yolo_loop/datasets/fire_smoke_web_candidates_v3/images/review/fae10af0ff172393c7053da5.jpg,.runtime/yolo_label_review/manual_annotations_v1/2f/2f7d8b2347198d76f120a993d31cd9f65b0d4a237cb56472cb99bcde9ea9322a.json,2026-07-27T03:01:49.515Z,2026-07-27T03:01:49.515Z,pass_other_class_or_empty
fire,negative,loop:fire_smoke_web_candidates_v3,images/review/fbd668e46684bc43666e7921.jpg,negative,NO,0,0,/home/admin1/jgzj/.runtime/yolo_loop/datasets/fire_smoke_web_candidates_v3/images/review/fbd668e46684bc43666e7921.jpg,.runtime/yolo_label_review/manual_annotations_v1/8a/8a291618f5a69f1fe90adce09178d395fd571ddc9a4a84b08e49d4dbb710cfd1.json,2026-07-21T02:22:21.476Z,2026-07-21T02:22:21.476Z,manual_negative
fire,negative,loop:fire_smoke_web_candidates_v3,images/review/fc41c513069aeacddfb35c27.jpg,negative,NO,0,0,/home/admin1/jgzj/.runtime/yolo_loop/datasets/fire_smoke_web_candidates_v3/images/review/fc41c513069aeacddfb35c27.jpg,.runtime/yolo_label_review/manual_annotations_v1/3d/3dc806a209a68df6b42a53e1bcc3671c37aaf70bc85c333dc17ffa17c6a38523.json,2026-07-21T03:21:04.342Z,2026-07-21T03:21:04.342Z,manual_negative
fire,negative,loop:fire_smoke_web_candidates_v3,images/review/fca1e5040af67300f89de559.jpg,pass,YES,0,1,/home/admin1/jgzj/.runtime/yolo_loop/datasets/fire_smoke_web_candidates_v3/images/review/fca1e5040af67300f89de559.jpg,.runtime/yolo_label_review/manual_annotations_v1/0e/0ef24b5802a2e93db0efc638235d184e18f3cc8215a229330c603b47875b4ac7.json,2026-07-21T02:08:42.813Z,2026-07-21T02:08:42.813Z,pass_other_class_or_empty
fire,negative,loop:fire_smoke_web_candidates_v3,images/review/fccf657fdeae29afb4610af4.jpg,negative,NO,0,0,/home/admin1/jgzj/.runtime/yolo_loop/datasets/fire_smoke_web_candidates_v3/images/review/fccf657fdeae29afb4610af4.jpg,.runtime/yolo_label_review/manual_annotations_v1/21/2101fa6319d722942df52581df61cf343705138b9d41aa927729e7dcc42d0d21.json,2026-07-21T01:53:06.983Z,2026-07-21T01:53:06.983Z,manual_negative
fire,negative,loop:fire_smoke_web_candidates_v3,images/review/fda33fd4f06581adc6aa4984.jpg,negative,NO,0,0,/home/admin1/jgzj/.runtime/yolo_loop/datasets/fire_smoke_web_candidates_v3/images/review/fda33fd4f06581adc6aa4984.jpg,.runtime/yolo_label_review/manual_annotations_v1/54/54704e262c20b47d5e361263bde5b88e7c79cbb885e89206b0d3c1a86280d581.json,2026-07-21T02:30:57.726Z,2026-07-21T02:30:57.726Z,manual_negative
fire,negative,loop:fire_smoke_web_candidates_v3,images/review/febcf34359192becdae3b585.jpg,pass,YES,0,1,/home/admin1/jgzj/.runtime/yolo_loop/datasets/fire_smoke_web_candidates_v3/images/review/febcf34359192becdae3b585.jpg,.runtime/yolo_label_review/manual_annotations_v1/29/298743b6169d7525b0f36de84e5bbeca5e9ff91cdd214f648f39da4ac25ffa52.json,2026-07-27T04:42:27.014Z,2026-07-27T04:42:27.014Z,pass_other_class_or_empty
fire,negative,loop:fire_smoke_web_candidates_v3,images/review/ff3762d082a77f4af1a0f70d.jpg,negative,NO,0,0,/home/admin1/jgzj/.runtime/yolo_loop/datasets/fire_smoke_web_candidates_v3/images/review/ff3762d082a77f4af1a0f70d.jpg,.runtime/yolo_label_review/manual_annotations_v1/3c/3cebe99cc28af44b8d3a6bda5a01c71b25e03ae99c7807859546365934847a50.json,2026-07-27T02:54:41.432Z,2026-07-27T02:54:41.432Z,manual_negative
