class_name,kind,dataset_id,item_key,review_verdict,answer,class_box_count,label_count,source_image_path,annotation_path,updated_at,reviewed_at,negative_reason
smoke,negative,loop:finetune_v2,images/test/event_feedback_000539_smoke_782753e067c63d47.jpg,negative,NO,0,0,/home/admin1/jgzj/.runtime/yolo_loop/datasets/finetune_v2/images/test/event_feedback_000539_smoke_782753e067c63d47.jpg,.runtime/yolo_label_review/manual_annotations_v1/c6/c6825395693ce915597e36a2fe44d587eec4bdf117f9ca7c1c8560aea36fc67c.json,2026-07-24T08:37:25.333Z,2026-07-24T08:37:25.333Z,manual_negative
smoke,negative,loop:finetune_v2,images/test/event_feedback_000602_smoke_949958e072be12dd.jpg,negative,NO,0,0,/home/admin1/jgzj/.runtime/yolo_loop/datasets/finetune_v2/images/test/event_feedback_000602_smoke_949958e072be12dd.jpg,.runtime/yolo_label_review/manual_annotations_v1/a7/a7ad6b307f216a8ae77701b5e2043896d9468ff5c4e73bcf021da8eb986398bb.json,2026-07-24T08:38:27.821Z,2026-07-24T08:38:27.821Z,manual_negative
smoke,negative,loop:finetune_v2,images/test/event_feedback_005653_smoke_184e873fae1c4c65.jpg,negative,NO,0,0,/home/admin1/jgzj/.runtime/yolo_loop/datasets/finetune_v2/images/test/event_feedback_005653_smoke_184e873fae1c4c65.jpg,.runtime/yolo_label_review/manual_annotations_v1/db/dbc710756c8a2b61e704060c4cddb3b568d15a437cb1a29a33fa1f42aca0d643.json,2026-07-24T08:41:29.743Z,2026-07-24T08:41:29.743Z,manual_negative
smoke,negative,loop:finetune_v2,images/test/event_feedback_011889_fire_47e60017b7ae77fe.jpg,pass,YES,0,1,/home/admin1/jgzj/.runtime/yolo_loop/datasets/finetune_v2/images/test/event_feedback_011889_fire_47e60017b7ae77fe.jpg,.runtime/yolo_label_review/manual_annotations_v1/96/962554f4ce035e0fdd6c309b50900f0298e2a8ad1a55ec70894c31ce6968306f.json,2026-07-24T08:57:27.028Z,2026-07-24T08:57:27.028Z,pass_other_class_or_empty
smoke,negative,loop:finetune_v2,images/test/event_feedback_011906_fire_e60826835d42e678.jpg,pass,YES,0,1,/home/admin1/jgzj/.runtime/yolo_loop/datasets/finetune_v2/images/test/event_feedback_011906_fire_e60826835d42e678.jpg,.runtime/yolo_label_review/manual_annotations_v1/1f/1f019e7629f98227cb3857bad1c4def7ef87d3c3e1371e3711d7449c892a793c.json,2026-07-24T08:58:47.357Z,2026-07-24T08:58:47.357Z,pass_other_class_or_empty
smoke,negative,loop:finetune_v2,images/test/event_feedback_016158_smoke_ca04bf94be38688e.jpg,negative,NO,0,0,/home/admin1/jgzj/.runtime/yolo_loop/datasets/finetune_v2/images/test/event_feedback_016158_smoke_ca04bf94be38688e.jpg,.runtime/yolo_label_review/manual_annotations_v1/97/97dfc044f85ba5cf3f94eb87847b6e7675bfbdf179947f3487ee530903bb1b6d.json,2026-07-24T09:03:40.051Z,2026-07-24T09:03:40.051Z,manual_negative
smoke,negative,loop:finetune_v2,images/test/event_feedback_016688_smoke_da52c43c57220e8d.jpg,negative,NO,0,0,/home/admin1/jgzj/.runtime/yolo_loop/datasets/finetune_v2/images/test/event_feedback_016688_smoke_da52c43c57220e8d.jpg,.runtime/yolo_label_review/manual_annotations_v1/3d/3d912af7a779d27882eea6726161098046bea9869026782dac479c53986259f7.json,2026-07-24T09:04:17.065Z,2026-07-24T09:04:17.065Z,manual_negative
smoke,negative,loop:finetune_v2,images/test/event_feedback_016932_smoke_70acacf05c747304.jpg,negative,NO,0,0,/home/admin1/jgzj/.runtime/yolo_loop/datasets/finetune_v2/images/test/event_feedback_016932_smoke_70acacf05c747304.jpg,.runtime/yolo_label_review/manual_annotations_v1/aa/aacff2d3e5ef3928ce13e082bb7f5d3420542e09eefcca437d2f4b82ab80a9e4.json,2026-07-24T09:05:08.473Z,2026-07-24T09:05:08.473Z,manual_negative
smoke,negative,loop:finetune_v2,images/train/event_feedback_000454_smoke_cbd713e7aa232346.jpg,negative,NO,0,0,/home/admin1/jgzj/.runtime/yolo_loop/datasets/finetune_v2/images/train/event_feedback_000454_smoke_cbd713e7aa232346.jpg,.runtime/yolo_label_review/manual_annotations_v1/6d/6db81c20d81f356df83833f1635ef1afd53cb49bdac88bab9696e2ad1c423038.json,2026-07-24T08:37:17.247Z,2026-07-24T08:37:17.247Z,manual_negative
smoke,negative,loop:finetune_v2,images/train/event_feedback_000592_smoke_42c13dbff045f809.jpg,negative,NO,0,0,/home/admin1/jgzj/.runtime/yolo_loop/datasets/finetune_v2/images/train/event_feedback_000592_smoke_42c13dbff045f809.jpg,.runtime/yolo_label_review/manual_annotations_v1/52/52d9d04c0e1dde7f24a8f57a34accd6ab2b73e56b122119316b086e5d3c00d0d.json,2026-07-24T08:37:38.104Z,2026-07-24T08:37:38.104Z,manual_negative
smoke,negative,loop:finetune_v2,images/train/event_feedback_000593_smoke_fb7d7177701785eb.jpg,negative,NO,0,0,/home/admin1/jgzj/.runtime/yolo_loop/datasets/finetune_v2/images/train/event_feedback_000593_smoke_fb7d7177701785eb.jpg,.runtime/yolo_label_review/manual_annotations_v1/29/2984ab6116838f5e3fb012f51e5037d2f7cbd7ea538dac69c636b3a21c32d9b6.json,2026-07-24T08:37:46.505Z,2026-07-24T08:37:46.505Z,manual_negative
smoke,negative,loop:finetune_v2,images/train/event_feedback_000594_smoke_2d81289874520bb1.jpg,negative,NO,0,0,/home/admin1/jgzj/.runtime/yolo_loop/datasets/finetune_v2/images/train/event_feedback_000594_smoke_2d81289874520bb1.jpg,.runtime/yolo_label_review/manual_annotations_v1/f1/f1e743818ad9a2ae9118e32736fbe079e87e31616e7115ff6a397490a872e5d5.json,2026-07-24T08:37:55.389Z,2026-07-24T08:37:55.389Z,manual_negative
smoke,negative,loop:finetune_v2,images/train/event_feedback_000596_smoke_1bf14e47820e713b.jpg,negative,NO,0,0,/home/admin1/jgzj/.runtime/yolo_loop/datasets/finetune_v2/images/train/event_feedback_000596_smoke_1bf14e47820e713b.jpg,.runtime/yolo_label_review/manual_annotations_v1/01/01b693ba99101f5617547ddd1068d0b1e0b95eb2ff362a205381d873154b347a.json,2026-07-24T08:38:05.270Z,2026-07-24T08:38:05.270Z,manual_negative
smoke,negative,loop:finetune_v2,images/train/event_feedback_000601_smoke_0dbdb717a1bc5b9b.jpg,negative,NO,0,0,/home/admin1/jgzj/.runtime/yolo_loop/datasets/finetune_v2/images/train/event_feedback_000601_smoke_0dbdb717a1bc5b9b.jpg,.runtime/yolo_label_review/manual_annotations_v1/60/604033b376d846c46652e7a9f7d311d8b02a08062588c2e1bd92f81cdeb7cce7.json,2026-07-24T08:38:14.430Z,2026-07-24T08:38:14.430Z,manual_negative
smoke,negative,loop:finetune_v2,images/train/event_feedback_000603_smoke_a28ece375d95fecd.jpg,negative,NO,0,0,/home/admin1/jgzj/.runtime/yolo_loop/datasets/finetune_v2/images/train/event_feedback_000603_smoke_a28ece375d95fecd.jpg,.runtime/yolo_label_review/manual_annotations_v1/12/1266f1a7f2345bcefde3f9b270fe8ac7c88da631df43e720b75e41ea7099fa75.json,2026-07-24T08:38:37.331Z,2026-07-24T08:38:37.331Z,manual_negative
smoke,negative,loop:finetune_v2,images/train/event_feedback_000604_smoke_7a91a379e5f9f8e7.jpg,negative,NO,0,0,/home/admin1/jgzj/.runtime/yolo_loop/datasets/finetune_v2/images/train/event_feedback_000604_smoke_7a91a379e5f9f8e7.jpg,.runtime/yolo_label_review/manual_annotations_v1/c8/c865703d99c429519f2e518b8d00a8be1d4d27439d68ecf2f5f811f11c7e0030.json,2026-07-24T08:38:46.659Z,2026-07-24T08:38:46.659Z,manual_negative
smoke,negative,loop:finetune_v2,images/train/event_feedback_000605_smoke_a483c9765a2c1741.jpg,negative,NO,0,0,/home/admin1/jgzj/.runtime/yolo_loop/datasets/finetune_v2/images/train/event_feedback_000605_smoke_a483c9765a2c1741.jpg,.runtime/yolo_label_review/manual_annotations_v1/c4/c426afa6b053475b05ff4fdaac9295a5d5cc6e6b5d4d9eab3811a854bfe5fc64.json,2026-07-24T08:38:57.960Z,2026-07-24T08:38:57.960Z,manual_negative
smoke,negative,loop:finetune_v2,images/train/event_feedback_000606_smoke_7a3306e841b9c8cc.jpg,negative,NO,0,0,/home/admin1/jgzj/.runtime/yolo_loop/datasets/finetune_v2/images/train/event_feedback_000606_smoke_7a3306e841b9c8cc.jpg,.runtime/yolo_label_review/manual_annotations_v1/61/61ff6730ef3038ca474afea009e20562b1fbd2afbee05487a272c87e67ea325d.json,2026-07-24T08:39:06.756Z,2026-07-24T08:39:06.756Z,manual_negative
smoke,negative,loop:finetune_v2,images/train/event_feedback_000610_smoke_bd35c6643cf58d8d.jpg,negative,NO,0,0,/home/admin1/jgzj/.runtime/yolo_loop/datasets/finetune_v2/images/train/event_feedback_000610_smoke_bd35c6643cf58d8d.jpg,.runtime/yolo_label_review/manual_annotations_v1/23/23fa81d05df7d1d33cbb96488d33cc5050f120c05be6b5ee6e046248770ce647.json,2026-07-24T08:39:16.736Z,2026-07-24T08:39:16.736Z,manual_negative
smoke,negative,loop:finetune_v2,images/train/event_feedback_000612_smoke_629cdf964f515257.jpg,negative,NO,0,0,/home/admin1/jgzj/.runtime/yolo_loop/datasets/finetune_v2/images/train/event_feedback_000612_smoke_629cdf964f515257.jpg,.runtime/yolo_label_review/manual_annotations_v1/ca/ca2a15d0827b53084c53c68d58a2349347f860409f37169e6e4b8b483e53aa28.json,2026-07-24T08:39:26.398Z,2026-07-24T08:39:26.398Z,manual_negative
smoke,negative,loop:finetune_v2,images/train/event_feedback_000613_smoke_28a57236c3c864b7.jpg,negative,NO,0,0,/home/admin1/jgzj/.runtime/yolo_loop/datasets/finetune_v2/images/train/event_feedback_000613_smoke_28a57236c3c864b7.jpg,.runtime/yolo_label_review/manual_annotations_v1/4b/4bf97a8868088fed3280d0158e55e1551e9c2f3f93d602cca3969fe68bea28e3.json,2026-07-24T08:39:36.294Z,2026-07-24T08:39:36.294Z,manual_negative
smoke,negative,loop:finetune_v2,images/train/event_feedback_000614_smoke_88a3684b6824fca0.jpg,negative,NO,0,0,/home/admin1/jgzj/.runtime/yolo_loop/datasets/finetune_v2/images/train/event_feedback_000614_smoke_88a3684b6824fca0.jpg,.runtime/yolo_label_review/manual_annotations_v1/7c/7c723789d9b14aea69b2f8a100896fe96e1e46402b610361084bec514a794dca.json,2026-07-24T08:39:47.634Z,2026-07-24T08:39:47.634Z,manual_negative
smoke,negative,loop:finetune_v2,images/train/event_feedback_000616_smoke_061989cf414af1a9.jpg,negative,NO,0,0,/home/admin1/jgzj/.runtime/yolo_loop/datasets/finetune_v2/images/train/event_feedback_000616_smoke_061989cf414af1a9.jpg,.runtime/yolo_label_review/manual_annotations_v1/a7/a7c4f3ebea7e74e7c25e355e888cff32763b45082b4686e0b9cbecf78ca8802b.json,2026-07-24T08:39:57.416Z,2026-07-24T08:39:57.416Z,manual_negative
smoke,negative,loop:finetune_v2,images/train/event_feedback_005656_smoke_d33df700013f97a5.jpg,negative,NO,0,0,/home/admin1/jgzj/.runtime/yolo_loop/datasets/finetune_v2/images/train/event_feedback_005656_smoke_d33df700013f97a5.jpg,.runtime/yolo_label_review/manual_annotations_v1/3d/3d4364ff263a16787a3f3972aa053390e6dd8f3eac34b41b5b8861d72ca9a87a.json,2026-07-24T08:41:35.819Z,2026-07-24T08:41:35.819Z,manual_negative
smoke,negative,loop:finetune_v2,images/train/event_feedback_005753_smoke_0795307953ad5e44.jpg,negative,NO,0,0,/home/admin1/jgzj/.runtime/yolo_loop/datasets/finetune_v2/images/train/event_feedback_005753_smoke_0795307953ad5e44.jpg,.runtime/yolo_label_review/manual_annotations_v1/c2/c2eeed18a0ec27e5cb713c47348dc3221a90f2046d72658c3c47941b53f67365.json,2026-07-24T08:41:44.007Z,2026-07-24T08:41:44.007Z,manual_negative
smoke,negative,loop:finetune_v2,images/train/event_feedback_010428_smoke_90980e21fe480bc4.jpg,negative,NO,0,0,/home/admin1/jgzj/.runtime/yolo_loop/datasets/finetune_v2/images/train/event_feedback_010428_smoke_90980e21fe480bc4.jpg,.runtime/yolo_label_review/manual_annotations_v1/ac/ac31c653b123f252f7fe0460734665f21e7858e93555d8fcbb59bd7c7a0846e5.json,2026-07-24T08:41:55.953Z,2026-07-24T08:41:55.953Z,manual_negative
smoke,negative,loop:finetune_v2,images/train/event_feedback_010444_fire_0a0b907f19434b37.jpg,negative,NO,0,0,/home/admin1/jgzj/.runtime/yolo_loop/datasets/finetune_v2/images/train/event_feedback_010444_fire_0a0b907f19434b37.jpg,.runtime/yolo_label_review/manual_annotations_v1/34/349fabade30c2cc7188987ec714fbf6fcf03d7adf4988fdfc0f1b0ae9cea13eb.json,2026-07-24T08:42:09.696Z,2026-07-24T08:42:09.696Z,manual_negative
smoke,negative,loop:finetune_v2,images/train/event_feedback_011404_smoke_abd4f33686d105ed.jpg,negative,NO,0,0,/home/admin1/jgzj/.runtime/yolo_loop/datasets/finetune_v2/images/train/event_feedback_011404_smoke_abd4f33686d105ed.jpg,.runtime/yolo_label_review/manual_annotations_v1/c8/c8ecc9c9d0bc80ce0574ed7bae7de2521581fc94bf21bf4c81fd3cc2ec9ad7c5.json,2026-07-24T08:42:20.010Z,2026-07-24T08:42:20.010Z,manual_negative
smoke,negative,loop:finetune_v2,images/train/event_feedback_011665_smoke_54d333d93c395b9c.jpg,negative,NO,0,0,/home/admin1/jgzj/.runtime/yolo_loop/datasets/finetune_v2/images/train/event_feedback_011665_smoke_54d333d93c395b9c.jpg,.runtime/yolo_label_review/manual_annotations_v1/07/0706866814f994893e2fec8f7c8eaafd92aa09ce5e02ec64201ff4fe9961c610.json,2026-07-24T08:42:30.901Z,2026-07-24T08:42:30.901Z,manual_negative
smoke,negative,loop:finetune_v2,images/train/event_feedback_011803_fire_3cf77ac48d8f79ef.jpg,pass,YES,0,1,/home/admin1/jgzj/.runtime/yolo_loop/datasets/finetune_v2/images/train/event_feedback_011803_fire_3cf77ac48d8f79ef.jpg,.runtime/yolo_label_review/manual_annotations_v1/5e/5ef2b85b4cadea954820bc4defa5f641b46384f070aab53724ed44de31af1845.json,2026-07-24T08:48:52.306Z,2026-07-24T08:48:52.306Z,pass_other_class_or_empty
smoke,negative,loop:finetune_v2,images/train/event_feedback_011810_fire_1c99f294d382cc71.jpg,pass,YES,0,1,/home/admin1/jgzj/.runtime/yolo_loop/datasets/finetune_v2/images/train/event_feedback_011810_fire_1c99f294d382cc71.jpg,.runtime/yolo_label_review/manual_annotations_v1/09/09779762082f9eb2b7f5465633d3d8f2e71581300eee2888055f52243e7cb239.json,2026-07-24T08:49:35.137Z,2026-07-24T08:49:35.137Z,pass_other_class_or_empty
smoke,negative,loop:finetune_v2,images/train/event_feedback_011817_fire_8fd929b1cf7173e5.jpg,pass,YES,0,1,/home/admin1/jgzj/.runtime/yolo_loop/datasets/finetune_v2/images/train/event_feedback_011817_fire_8fd929b1cf7173e5.jpg,.runtime/yolo_label_review/manual_annotations_v1/fa/fa62c4126cee3ebb5e07f619d5ce0820e52f58c441cc06acabf32cb3b4028a1e.json,2026-07-24T08:49:53.798Z,2026-07-24T08:49:53.798Z,pass_other_class_or_empty
smoke,negative,loop:finetune_v2,images/train/event_feedback_011885_fire_d129820676e1f1ed.jpg,pass,YES,0,1,/home/admin1/jgzj/.runtime/yolo_loop/datasets/finetune_v2/images/train/event_feedback_011885_fire_d129820676e1f1ed.jpg,.runtime/yolo_label_review/manual_annotations_v1/bf/bfc2b18770dea7144a554f49473190ea63ae7e554eff46829e822ba10ed17832.json,2026-07-24T08:57:22.428Z,2026-07-24T08:57:22.428Z,pass_other_class_or_empty
smoke,negative,loop:finetune_v2,images/train/event_feedback_011895_fire_b7665ac21d617b55.jpg,pass,YES,0,1,/home/admin1/jgzj/.runtime/yolo_loop/datasets/finetune_v2/images/train/event_feedback_011895_fire_b7665ac21d617b55.jpg,.runtime/yolo_label_review/manual_annotations_v1/81/81fae0be54c1386ed3978833aaba6e32eead658abeb33005baf78840b6012f3a.json,2026-07-24T08:57:57.353Z,2026-07-24T08:57:57.353Z,pass_other_class_or_empty
smoke,negative,loop:finetune_v2,images/train/event_feedback_011898_fire_7dbe6b8891ff4f50.jpg,pass,YES,0,1,/home/admin1/jgzj/.runtime/yolo_loop/datasets/finetune_v2/images/train/event_feedback_011898_fire_7dbe6b8891ff4f50.jpg,.runtime/yolo_label_review/manual_annotations_v1/0c/0c4e8d777b38721ab761453536fd7d39af43f39a8af130dd3af9f0092f9f28be.json,2026-07-24T08:58:05.291Z,2026-07-24T08:58:05.291Z,pass_other_class_or_empty
smoke,negative,loop:finetune_v2,images/train/event_feedback_011908_fire_ef6534e268f721ed.jpg,pass,YES,0,1,/home/admin1/jgzj/.runtime/yolo_loop/datasets/finetune_v2/images/train/event_feedback_011908_fire_ef6534e268f721ed.jpg,.runtime/yolo_label_review/manual_annotations_v1/7e/7e266c72301aa25c34c82e75919a020db628831b816b5e83c2317c4668d1a6ad.json,2026-07-24T08:59:00.189Z,2026-07-24T08:59:00.189Z,pass_other_class_or_empty
smoke,negative,loop:finetune_v2,images/train/event_feedback_013009_smoke_2a78cd97cb0ae27d.jpg,negative,NO,0,0,/home/admin1/jgzj/.runtime/yolo_loop/datasets/finetune_v2/images/train/event_feedback_013009_smoke_2a78cd97cb0ae27d.jpg,.runtime/yolo_label_review/manual_annotations_v1/0b/0b95607f6ee7dcb2d217d7a5a58e79e35cbb2d7987af17884fbcebea336cf40a.json,2026-07-24T09:00:28.025Z,2026-07-24T09:00:28.025Z,manual_negative
smoke,negative,loop:finetune_v2,images/train/event_feedback_013026_smoke_b27fd31105fa2506.jpg,negative,NO,0,0,/home/admin1/jgzj/.runtime/yolo_loop/datasets/finetune_v2/images/train/event_feedback_013026_smoke_b27fd31105fa2506.jpg,.runtime/yolo_label_review/manual_annotations_v1/a5/a525950cc1648cd44217e8b9faa86d1b0ad25543199ff314bdc5207f54efe80c.json,2026-07-24T09:00:39.886Z,2026-07-24T09:00:39.886Z,manual_negative
smoke,negative,loop:finetune_v2,images/train/event_feedback_014793_smoke_46beca76124e807e.jpg,negative,NO,0,0,/home/admin1/jgzj/.runtime/yolo_loop/datasets/finetune_v2/images/train/event_feedback_014793_smoke_46beca76124e807e.jpg,.runtime/yolo_label_review/manual_annotations_v1/47/47c95b7d29071aa8bf4bc00c8161ae80c2f106035693af65933ad4dab1bde071.json,2026-07-24T09:01:21.054Z,2026-07-24T09:01:21.054Z,manual_negative
smoke,negative,loop:finetune_v2,images/train/event_feedback_014794_smoke_12e82a568aa4a64c.jpg,negative,NO,0,0,/home/admin1/jgzj/.runtime/yolo_loop/datasets/finetune_v2/images/train/event_feedback_014794_smoke_12e82a568aa4a64c.jpg,.runtime/yolo_label_review/manual_annotations_v1/76/7641ea74039682b552ab99eaf6e0fbeb90b2dd8b97f1fbd03afc3d8388558228.json,2026-07-24T09:02:48.600Z,2026-07-24T09:02:48.600Z,manual_negative
smoke,negative,loop:finetune_v2,images/train/event_feedback_014795_smoke_06eaeb0e108fa013.jpg,negative,NO,0,0,/home/admin1/jgzj/.runtime/yolo_loop/datasets/finetune_v2/images/train/event_feedback_014795_smoke_06eaeb0e108fa013.jpg,.runtime/yolo_label_review/manual_annotations_v1/9d/9dab4f96ae6b05b94a2b78ef7ff315b2f8930a49e6ac4fb37f18c147080cd753.json,2026-07-24T09:02:56.762Z,2026-07-24T09:02:56.762Z,manual_negative
smoke,negative,loop:finetune_v2,images/train/event_feedback_015669_smoke_d28d5f611d9b5975.jpg,negative,NO,0,0,/home/admin1/jgzj/.runtime/yolo_loop/datasets/finetune_v2/images/train/event_feedback_015669_smoke_d28d5f611d9b5975.jpg,.runtime/yolo_label_review/manual_annotations_v1/4c/4cfd4c4c0507b3a5a118b08537e066a607df0e741df09fec830859dfb2c43338.json,2026-07-24T09:03:02.955Z,2026-07-24T09:03:02.955Z,manual_negative
smoke,negative,loop:finetune_v2,images/train/event_feedback_015670_smoke_34ca6df67275e431.jpg,negative,NO,0,0,/home/admin1/jgzj/.runtime/yolo_loop/datasets/finetune_v2/images/train/event_feedback_015670_smoke_34ca6df67275e431.jpg,.runtime/yolo_label_review/manual_annotations_v1/2f/2f0ae5f5fa2111b5ec7a970e43ce5007486b2ecc1253add945114dac9717f360.json,2026-07-24T09:03:11.587Z,2026-07-24T09:03:11.587Z,manual_negative
smoke,negative,loop:finetune_v2,images/train/event_feedback_015675_smoke_fe14a79b341bcdf9.jpg,negative,NO,0,0,/home/admin1/jgzj/.runtime/yolo_loop/datasets/finetune_v2/images/train/event_feedback_015675_smoke_fe14a79b341bcdf9.jpg,.runtime/yolo_label_review/manual_annotations_v1/3e/3e12dbd1a4655982f2661cca1dc092d3b55c2fe0bdc171985bcaffb39fef0fc0.json,2026-07-24T09:03:20.517Z,2026-07-24T09:03:20.517Z,manual_negative
smoke,negative,loop:finetune_v2,images/train/event_feedback_015684_smoke_1c76cca97dbe641d.jpg,negative,NO,0,0,/home/admin1/jgzj/.runtime/yolo_loop/datasets/finetune_v2/images/train/event_feedback_015684_smoke_1c76cca97dbe641d.jpg,.runtime/yolo_label_review/manual_annotations_v1/76/76848583df737b9ff1ae1817d2c6e71d910659ce64aee09bd97fd5a66483ac1e.json,2026-07-24T09:03:28.885Z,2026-07-24T09:03:28.885Z,manual_negative
smoke,negative,loop:finetune_v2,images/train/event_feedback_016571_smoke_a0e7670b1f6bf7c3.jpg,negative,NO,0,0,/home/admin1/jgzj/.runtime/yolo_loop/datasets/finetune_v2/images/train/event_feedback_016571_smoke_a0e7670b1f6bf7c3.jpg,.runtime/yolo_label_review/manual_annotations_v1/af/afc77ad988e48408362cd5672de8433532f4e2153907a21583267051d918edc4.json,2026-07-24T09:03:47.286Z,2026-07-24T09:03:47.286Z,manual_negative
smoke,negative,loop:finetune_v2,images/train/event_feedback_016689_smoke_047d4335563b9a77.jpg,negative,NO,0,0,/home/admin1/jgzj/.runtime/yolo_loop/datasets/finetune_v2/images/train/event_feedback_016689_smoke_047d4335563b9a77.jpg,.runtime/yolo_label_review/manual_annotations_v1/3e/3ea5cf611d020e71dfdebce9a3cb1b914b2dd7ea20d09d471af23d55ad5f4642.json,2026-07-24T09:04:25.931Z,2026-07-24T09:04:25.931Z,manual_negative
smoke,negative,loop:finetune_v2,images/train/event_feedback_016691_smoke_7e6a9d381a9de32d.jpg,negative,NO,0,0,/home/admin1/jgzj/.runtime/yolo_loop/datasets/finetune_v2/images/train/event_feedback_016691_smoke_7e6a9d381a9de32d.jpg,.runtime/yolo_label_review/manual_annotations_v1/81/81b8e38e42dbfa1b4b3440a2ff89edf28510faf9a8a5dd9dea81e43f2875f5d9.json,2026-07-24T09:04:35.950Z,2026-07-24T09:04:35.950Z,manual_negative
smoke,negative,loop:finetune_v2,images/train/event_feedback_016780_smoke_bb64129ce8d3ee06.jpg,negative,NO,0,0,/home/admin1/jgzj/.runtime/yolo_loop/datasets/finetune_v2/images/train/event_feedback_016780_smoke_bb64129ce8d3ee06.jpg,.runtime/yolo_label_review/manual_annotations_v1/83/831e49742a9927f88fc946ca1d47494f0c03a6d9689a57d5da52c2b876ee405d.json,2026-07-24T09:04:45.282Z,2026-07-24T09:04:45.282Z,manual_negative
smoke,negative,loop:finetune_v2,images/train/event_feedback_016930_smoke_4978279a17ffbdb7.jpg,negative,NO,0,0,/home/admin1/jgzj/.runtime/yolo_loop/datasets/finetune_v2/images/train/event_feedback_016930_smoke_4978279a17ffbdb7.jpg,.runtime/yolo_label_review/manual_annotations_v1/26/264890ccd84c059a1f18f486f1c7b9d5a9b1b0136cb97f3ad135ac9d741c0afb.json,2026-07-24T09:04:59.204Z,2026-07-24T09:04:59.204Z,manual_negative
smoke,negative,loop:finetune_v2,images/train/event_feedback_016933_smoke_12503e808a2ae611.jpg,negative,NO,0,0,/home/admin1/jgzj/.runtime/yolo_loop/datasets/finetune_v2/images/train/event_feedback_016933_smoke_12503e808a2ae611.jpg,.runtime/yolo_label_review/manual_annotations_v1/8f/8ff9b31a21437966385211a742054758ab437bc8648911509ef708207f438d4c.json,2026-07-24T09:05:18.940Z,2026-07-24T09:05:18.940Z,manual_negative
smoke,negative,loop:finetune_v2,images/train/event_feedback_016934_smoke_fb8f89aa5c33b4fa.jpg,negative,NO,0,0,/home/admin1/jgzj/.runtime/yolo_loop/datasets/finetune_v2/images/train/event_feedback_016934_smoke_fb8f89aa5c33b4fa.jpg,.runtime/yolo_label_review/manual_annotations_v1/f2/f2374505a30c04f588a71c214b873a7755ffe9467435e29a8537692c293ecee7.json,2026-07-24T09:05:29.204Z,2026-07-24T09:05:29.204Z,manual_negative
smoke,negative,loop:finetune_v2,images/train/event_feedback_016935_smoke_c294ceea8407d739.jpg,negative,NO,0,0,/home/admin1/jgzj/.runtime/yolo_loop/datasets/finetune_v2/images/train/event_feedback_016935_smoke_c294ceea8407d739.jpg,.runtime/yolo_label_review/manual_annotations_v1/3b/3bac1a954a1722efc784b2fef213b8163e4b3059330c0b46f9eeaa3dd821410f.json,2026-07-24T09:05:38.970Z,2026-07-24T09:05:38.970Z,manual_negative
smoke,negative,loop:finetune_v2,images/train/event_feedback_017402_smoke_c6f23db7b638751f.jpg,negative,NO,0,0,/home/admin1/jgzj/.runtime/yolo_loop/datasets/finetune_v2/images/train/event_feedback_017402_smoke_c6f23db7b638751f.jpg,.runtime/yolo_label_review/manual_annotations_v1/b4/b456ed4e02e39ae1b08ac6a7ef737281714cd93ad2f371c6f59619a2f7dd7468.json,2026-07-24T09:05:49.155Z,2026-07-24T09:05:49.155Z,manual_negative
smoke,negative,loop:finetune_v2,images/train/event_feedback_017460_smoke_2c10a03569c5ac44.jpg,negative,NO,0,0,/home/admin1/jgzj/.runtime/yolo_loop/datasets/finetune_v2/images/train/event_feedback_017460_smoke_2c10a03569c5ac44.jpg,.runtime/yolo_label_review/manual_annotations_v1/21/21a872d8073d7516e3d428c946061cf16be204a369eddbf612daed6c6e9942a5.json,2026-07-24T09:05:59.913Z,2026-07-24T09:05:59.913Z,manual_negative
smoke,negative,loop:finetune_v2,images/train/event_feedback_022896_smoke_ac825d6ba839555c.jpg,negative,NO,0,0,/home/admin1/jgzj/.runtime/yolo_loop/datasets/finetune_v2/images/train/event_feedback_022896_smoke_ac825d6ba839555c.jpg,.runtime/yolo_label_review/manual_annotations_v1/47/47d839101d5944d1b424c7fc8fc3399627c6c68dab5d1a7753a8c6493a63bf56.json,2026-07-24T09:06:49.534Z,2026-07-24T09:06:49.534Z,manual_negative
smoke,negative,loop:finetune_v2,images/train/event_feedback_022955_smoke_a695459852c33763.jpg,negative,NO,0,0,/home/admin1/jgzj/.runtime/yolo_loop/datasets/finetune_v2/images/train/event_feedback_022955_smoke_a695459852c33763.jpg,.runtime/yolo_label_review/manual_annotations_v1/43/430735e5a9af47430fec8808203ef0374fe2f3e5b844946141a8cd75cd1ab023.json,2026-07-24T09:07:29.107Z,2026-07-24T09:07:29.107Z,manual_negative
smoke,negative,loop:finetune_v2,images/train/event_feedback_023110_fire_bf1b926e61dee97c.jpg,pass,YES,0,2,/home/admin1/jgzj/.runtime/yolo_loop/datasets/finetune_v2/images/train/event_feedback_023110_fire_bf1b926e61dee97c.jpg,.runtime/yolo_label_review/manual_annotations_v1/62/623e68599324b809cbb6570049dc9a23321cef3227ede5c73ba695c3796e39a4.json,2026-07-24T09:10:32.930Z,2026-07-24T09:10:32.930Z,pass_other_class_or_empty
smoke,negative,loop:finetune_v2,images/train/event_feedback_023238_smoke_159180fd8ba82843.jpg,negative,NO,0,0,/home/admin1/jgzj/.runtime/yolo_loop/datasets/finetune_v2/images/train/event_feedback_023238_smoke_159180fd8ba82843.jpg,.runtime/yolo_label_review/manual_annotations_v1/bd/bd46c18b478eca14ccbb14c2cd57cc0c626cea60e1d85dc4732f7bb8613cf5c7.json,2026-07-24T09:11:47.199Z,2026-07-24T09:11:47.199Z,manual_negative
smoke,negative,loop:finetune_v2,images/train/event_feedback_023253_smoke_28c8f545f3fe4bf5.jpg,negative,NO,0,0,/home/admin1/jgzj/.runtime/yolo_loop/datasets/finetune_v2/images/train/event_feedback_023253_smoke_28c8f545f3fe4bf5.jpg,.runtime/yolo_label_review/manual_annotations_v1/e2/e292115054875c28652a34b41b4c160f33d0daaff352c7cb51773d0a47a5cb34.json,2026-07-24T09:11:56.169Z,2026-07-24T09:11:56.169Z,manual_negative
smoke,negative,loop:finetune_v2,images/train/event_feedback_023279_smoke_c5f984d287aa6791.jpg,negative,NO,0,0,/home/admin1/jgzj/.runtime/yolo_loop/datasets/finetune_v2/images/train/event_feedback_023279_smoke_c5f984d287aa6791.jpg,.runtime/yolo_label_review/manual_annotations_v1/12/12d0916021f14318e16fb7ee09a881f3948bb643de626f1843b8549028dff519.json,2026-07-24T09:12:14.659Z,2026-07-24T09:12:14.659Z,manual_negative
smoke,negative,loop:finetune_v2,images/train/event_feedback_023283_smoke_79a51f92def31fc0.jpg,negative,NO,0,0,/home/admin1/jgzj/.runtime/yolo_loop/datasets/finetune_v2/images/train/event_feedback_023283_smoke_79a51f92def31fc0.jpg,.runtime/yolo_label_review/manual_annotations_v1/62/622c27a2b5cc05a97f4cbce04cd6dfb05ae7b2f0434ed8aacd855f9f93ff5faf.json,2026-07-24T09:12:24.115Z,2026-07-24T09:12:24.115Z,manual_negative
smoke,negative,loop:finetune_v2,images/train/event_feedback_023313_smoke_6d1cab4afe6aa942.jpg,negative,NO,0,0,/home/admin1/jgzj/.runtime/yolo_loop/datasets/finetune_v2/images/train/event_feedback_023313_smoke_6d1cab4afe6aa942.jpg,.runtime/yolo_label_review/manual_annotations_v1/30/300970f1c032b62d97556c2427648f0e60209a8c60ef73a138a0153f332b1de5.json,2026-07-24T09:13:44.666Z,2026-07-24T09:13:44.666Z,manual_negative
smoke,negative,loop:finetune_v2,images/train/event_feedback_023322_smoke_e820925f69f7f0bf.jpg,negative,NO,0,0,/home/admin1/jgzj/.runtime/yolo_loop/datasets/finetune_v2/images/train/event_feedback_023322_smoke_e820925f69f7f0bf.jpg,.runtime/yolo_label_review/manual_annotations_v1/4e/4e3c1dfefb75739e96791ea0d85b8b57018bb1cdfa83e8525d405257387a3f38.json,2026-07-24T09:14:04.687Z,2026-07-24T09:14:04.687Z,manual_negative
smoke,negative,loop:finetune_v2,images/train/event_feedback_023352_smoke_8f7fad817e232193.jpg,negative,NO,0,0,/home/admin1/jgzj/.runtime/yolo_loop/datasets/finetune_v2/images/train/event_feedback_023352_smoke_8f7fad817e232193.jpg,.runtime/yolo_label_review/manual_annotations_v1/fa/fa23f16d333d62756d5554a2082afc97642ad37ba74e0a432002bc689e6362d0.json,2026-07-24T09:15:03.465Z,2026-07-24T09:15:03.465Z,manual_negative
smoke,negative,loop:finetune_v2,images/train/event_feedback_023360_smoke_c062c19e673623bf.jpg,negative,NO,0,0,/home/admin1/jgzj/.runtime/yolo_loop/datasets/finetune_v2/images/train/event_feedback_023360_smoke_c062c19e673623bf.jpg,.runtime/yolo_label_review/manual_annotations_v1/17/178555e3401ba1d69e996e4113637f4a57f155440ee88d6063045e3bcd064823.json,2026-07-24T09:14:57.872Z,2026-07-24T09:14:57.872Z,manual_negative
smoke,negative,loop:finetune_v2,images/val/event_feedback_011899_fire_3723ea062db5d97e.jpg,pass,YES,0,1,/home/admin1/jgzj/.runtime/yolo_loop/datasets/finetune_v2/images/val/event_feedback_011899_fire_3723ea062db5d97e.jpg,.runtime/yolo_label_review/manual_annotations_v1/76/76289e1d48e4ed085c470f652cc51a38ae3458485af64a1853d8c5f5b5c81a85.json,2026-07-24T08:57:02.974Z,2026-07-24T08:57:02.974Z,pass_other_class_or_empty
smoke,negative,loop:finetune_v2,images/val/event_feedback_011902_fire_35f3fd843bb04ad8.jpg,pass,YES,0,1,/home/admin1/jgzj/.runtime/yolo_loop/datasets/finetune_v2/images/val/event_feedback_011902_fire_35f3fd843bb04ad8.jpg,.runtime/yolo_label_review/manual_annotations_v1/e5/e5b4f882aefe4d7b9698cd8de4207a70f029dd3ce95fc6b160f820e0a8dafdbd.json,2026-07-24T08:58:23.122Z,2026-07-24T08:58:23.122Z,pass_other_class_or_empty
smoke,negative,loop:finetune_v2,images/val/event_feedback_011903_fire_b4cb22473b97ed84.jpg,pass,YES,0,1,/home/admin1/jgzj/.runtime/yolo_loop/datasets/finetune_v2/images/val/event_feedback_011903_fire_b4cb22473b97ed84.jpg,.runtime/yolo_label_review/manual_annotations_v1/0f/0f9b476d3712a4e5420a81df5324715dcb98c49367a1aaaefb15e701d8d0636a.json,2026-07-24T08:58:31.150Z,2026-07-24T08:58:31.150Z,pass_other_class_or_empty
smoke,negative,loop:finetune_v2,images/val/event_feedback_016622_smoke_597c54e9d30061fe.jpg,negative,NO,0,0,/home/admin1/jgzj/.runtime/yolo_loop/datasets/finetune_v2/images/val/event_feedback_016622_smoke_597c54e9d30061fe.jpg,.runtime/yolo_label_review/manual_annotations_v1/e9/e9b8c5dcd8a561124ef0cc71d5028c9b281d176b9c062154c1c1feb28635d9af.json,2026-07-24T09:03:57.947Z,2026-07-24T09:03:57.947Z,manual_negative
smoke,negative,loop:finetune_v2,images/val/event_feedback_016685_smoke_3df5112b8203319d.jpg,negative,NO,0,0,/home/admin1/jgzj/.runtime/yolo_loop/datasets/finetune_v2/images/val/event_feedback_016685_smoke_3df5112b8203319d.jpg,.runtime/yolo_label_review/manual_annotations_v1/9c/9cc313f7384f9bc23e234adc455dbb7b1fa9462c13d9f83bdf23eb2c15985e19.json,2026-07-24T09:04:07.263Z,2026-07-24T09:04:07.263Z,manual_negative
smoke,negative,loop:finetune_v2,images/val/event_feedback_022956_smoke_1e48838276295e1b.jpg,negative,NO,0,0,/home/admin1/jgzj/.runtime/yolo_loop/datasets/finetune_v2/images/val/event_feedback_022956_smoke_1e48838276295e1b.jpg,.runtime/yolo_label_review/manual_annotations_v1/f0/f0d669bb1f8f9d0ec72fe67466916ffaffea162491057736e65279916f02126a.json,2026-07-24T09:07:37.885Z,2026-07-24T09:07:37.885Z,manual_negative
smoke,negative,loop:finetune_v2,images/val/event_feedback_023273_smoke_80b54ed7ad8e6ca1.jpg,negative,NO,0,0,/home/admin1/jgzj/.runtime/yolo_loop/datasets/finetune_v2/images/val/event_feedback_023273_smoke_80b54ed7ad8e6ca1.jpg,.runtime/yolo_label_review/manual_annotations_v1/87/87abb8b07386dc0f5b09b1c344fc983158aaa9b6b79706c47f10a90f7a926b3b.json,2026-07-24T09:12:05.684Z,2026-07-24T09:12:05.684Z,manual_negative
smoke,negative,loop:finetune_v2,images/val/event_feedback_023317_smoke_abbdb9171fa49c99.jpg,negative,NO,0,0,/home/admin1/jgzj/.runtime/yolo_loop/datasets/finetune_v2/images/val/event_feedback_023317_smoke_abbdb9171fa49c99.jpg,.runtime/yolo_label_review/manual_annotations_v1/b3/b3a14ac2b019f72c338a34de78b9c42d1e086606aebb619b5a77cc57e933ec8a.json,2026-07-24T09:13:55.200Z,2026-07-24T09:13:55.200Z,manual_negative
smoke,negative,loop:fire_smoke_web_candidates_v3,images/review/010f3d11820d6677348ec84d.jpg,negative,NO,0,0,/home/admin1/jgzj/.runtime/yolo_loop/datasets/fire_smoke_web_candidates_v3/images/review/010f3d11820d6677348ec84d.jpg,.runtime/yolo_label_review/manual_annotations_v1/23/23fc9bc5b5481889bd0507cbc2b58c4d6539acd1552064bb056333aa4155b4b4.json,2026-07-21T02:42:45.224Z,2026-07-21T02:42:45.224Z,manual_negative
smoke,negative,loop:fire_smoke_web_candidates_v3,images/review/0210b8a4cecf6634335d4096.jpg,negative,NO,0,0,/home/admin1/jgzj/.runtime/yolo_loop/datasets/fire_smoke_web_candidates_v3/images/review/0210b8a4cecf6634335d4096.jpg,.runtime/yolo_label_review/manual_annotations_v1/73/73aabdf8751c603defd7a76cd4261d2e00fbe0dd1480d6254a0f62aa86c80c16.json,2026-07-21T02:34:52.838Z,2026-07-21T02:34:52.838Z,manual_negative
smoke,negative,loop:fire_smoke_web_candidates_v3,images/review/037026afe2b5ca36b0727ea1.jpg,negative,NO,0,0,/home/admin1/jgzj/.runtime/yolo_loop/datasets/fire_smoke_web_candidates_v3/images/review/037026afe2b5ca36b0727ea1.jpg,.runtime/yolo_label_review/manual_annotations_v1/cb/cbd8b04b6e07debbb8206df990878d45a6c15c1f2659ba5c9951df6ddbe1856e.json,2026-07-21T02:34:21.134Z,2026-07-21T02:34:21.134Z,manual_negative
smoke,negative,loop:fire_smoke_web_candidates_v3,images/review/03f1383872a703fb7b23a527.jpg,negative,NO,0,0,/home/admin1/jgzj/.runtime/yolo_loop/datasets/fire_smoke_web_candidates_v3/images/review/03f1383872a703fb7b23a527.jpg,.runtime/yolo_label_review/manual_annotations_v1/c9/c9e49760901a906d1fdc3e0f3d5b655df340813ffe853cdb8df3de650f1ff7c9.json,2026-07-27T02:47:42.871Z,2026-07-27T02:47:42.871Z,manual_negative
smoke,negative,loop:fire_smoke_web_candidates_v3,images/review/041831ee86148cb95568a04b.jpg,negative,NO,0,0,/home/admin1/jgzj/.runtime/yolo_loop/datasets/fire_smoke_web_candidates_v3/images/review/041831ee86148cb95568a04b.jpg,.runtime/yolo_label_review/manual_annotations_v1/6a/6a77b14b0481b978566cdfa103fba5c6217ca334d0c14a9ce33f320c3f2a0611.json,2026-07-21T02:51:03.952Z,2026-07-21T02:51:03.952Z,manual_negative
smoke,negative,loop:fire_smoke_web_candidates_v3,images/review/04a07609782c894368f85473.jpg,negative,NO,0,0,/home/admin1/jgzj/.runtime/yolo_loop/datasets/fire_smoke_web_candidates_v3/images/review/04a07609782c894368f85473.jpg,.runtime/yolo_label_review/manual_annotations_v1/c7/c765c4c8fc1b93a3b81497ee6d68012071604044256eba5259891a37f35c74c3.json,2026-07-21T02:22:00.099Z,2026-07-21T02:22:00.099Z,manual_negative
smoke,negative,loop:fire_smoke_web_candidates_v3,images/review/064d60528e33e93283012788.jpg,negative,NO,0,0,/home/admin1/jgzj/.runtime/yolo_loop/datasets/fire_smoke_web_candidates_v3/images/review/064d60528e33e93283012788.jpg,.runtime/yolo_label_review/manual_annotations_v1/f7/f7f85f75767bef22a142e93d516572315185fe386cdb244fa30b1eb493375738.json,2026-07-21T02:51:08.959Z,2026-07-21T02:51:08.959Z,manual_negative
smoke,negative,loop:fire_smoke_web_candidates_v3,images/review/079cca8a471cb57608cd72b1.jpg,negative,NO,0,0,/home/admin1/jgzj/.runtime/yolo_loop/datasets/fire_smoke_web_candidates_v3/images/review/079cca8a471cb57608cd72b1.jpg,.runtime/yolo_label_review/manual_annotations_v1/00/0071fc435caaf54fcf6716b539892da6a075e64f0e2ad40d9f16be837dc2affd.json,2026-07-27T02:46:42.803Z,2026-07-27T02:46:42.803Z,manual_negative
smoke,negative,loop:fire_smoke_web_candidates_v3,images/review/07eef8662fdc1567fcba6f2d.jpg,negative,NO,0,0,/home/admin1/jgzj/.runtime/yolo_loop/datasets/fire_smoke_web_candidates_v3/images/review/07eef8662fdc1567fcba6f2d.jpg,.runtime/yolo_label_review/manual_annotations_v1/09/0913dbf15c1d71829f09c9473387e57a8d39e1df458b44feff7e6952a2a5c28c.json,2026-07-21T02:32:54.876Z,2026-07-21T02:32:54.876Z,manual_negative
smoke,negative,loop:fire_smoke_web_candidates_v3,images/review/0a2e8cb090f5a07158f92553.jpg,negative,NO,0,0,/home/admin1/jgzj/.runtime/yolo_loop/datasets/fire_smoke_web_candidates_v3/images/review/0a2e8cb090f5a07158f92553.jpg,.runtime/yolo_label_review/manual_annotations_v1/c6/c66f286cda61512d1a01de6aad847a93564df00995d0c32f9bdd6fb52123d690.json,2026-07-21T02:21:48.987Z,2026-07-21T02:21:48.987Z,manual_negative
smoke,negative,loop:fire_smoke_web_candidates_v3,images/review/0a36e78aaf39efb453dc2381.jpg,negative,NO,0,0,/home/admin1/jgzj/.runtime/yolo_loop/datasets/fire_smoke_web_candidates_v3/images/review/0a36e78aaf39efb453dc2381.jpg,.runtime/yolo_label_review/manual_annotations_v1/85/857e6b69169f16bfbaa2ffd3ff604e269d01886b77359a1a308fc60ac2ca0434.json,2026-07-21T03:16:58.531Z,2026-07-21T03:16:58.531Z,manual_negative
smoke,negative,loop:fire_smoke_web_candidates_v3,images/review/0a618661f5c808e4a47eac3e.jpg,negative,NO,0,0,/home/admin1/jgzj/.runtime/yolo_loop/datasets/fire_smoke_web_candidates_v3/images/review/0a618661f5c808e4a47eac3e.jpg,.runtime/yolo_label_review/manual_annotations_v1/33/333de71168f3cb486cfa68c1aa17db1ab7b96be122260cb3b9ffd31f5ca091f3.json,2026-07-21T02:23:25.851Z,2026-07-21T02:23:25.851Z,manual_negative
smoke,negative,loop:fire_smoke_web_candidates_v3,images/review/0bfa5b8e80c3c6f73540be03.jpg,negative,NO,0,0,/home/admin1/jgzj/.runtime/yolo_loop/datasets/fire_smoke_web_candidates_v3/images/review/0bfa5b8e80c3c6f73540be03.jpg,.runtime/yolo_label_review/manual_annotations_v1/27/278fd0211cab4c7369976ed90b98a3a8123133fac22e9ad27bef256db55c63a2.json,2026-07-21T02:20:56.109Z,2026-07-21T02:20:56.109Z,manual_negative
smoke,negative,loop:fire_smoke_web_candidates_v3,images/review/0c1815f35eb579786430e16e.jpg,negative,NO,0,0,/home/admin1/jgzj/.runtime/yolo_loop/datasets/fire_smoke_web_candidates_v3/images/review/0c1815f35eb579786430e16e.jpg,.runtime/yolo_label_review/manual_annotations_v1/3b/3b4eb0c2f51905bc97bcbf824ec848397ff502269cde43cee3dcfd7fd2011e04.json,2026-07-21T01:55:20.234Z,2026-07-21T01:55:20.234Z,manual_negative
smoke,negative,loop:fire_smoke_web_candidates_v3,images/review/0db256b81e71257a420a606a.jpg,negative,NO,0,0,/home/admin1/jgzj/.runtime/yolo_loop/datasets/fire_smoke_web_candidates_v3/images/review/0db256b81e71257a420a606a.jpg,.runtime/yolo_label_review/manual_annotations_v1/7e/7ea140b87ed8ebe3857a7ad911b1e3d1ca698eb60ab209759feed3f518696196.json,2026-07-21T02:20:47.271Z,2026-07-21T02:20:47.271Z,manual_negative
smoke,negative,loop:fire_smoke_web_candidates_v3,images/review/0dcc1fcaf5c2bb5dc19b7603.jpg,pass,YES,0,1,/home/admin1/jgzj/.runtime/yolo_loop/datasets/fire_smoke_web_candidates_v3/images/review/0dcc1fcaf5c2bb5dc19b7603.jpg,.runtime/yolo_label_review/manual_annotations_v1/3b/3ba03c8ffb692110c0bf048db1ac45aea939535937b07c6631ed586bf2673746.json,2026-07-27T02:59:07.403Z,2026-07-27T02:59:07.403Z,pass_other_class_or_empty
smoke,negative,loop:fire_smoke_web_candidates_v3,images/review/0e1307c40c53d7878fe9e6df.jpg,negative,NO,0,0,/home/admin1/jgzj/.runtime/yolo_loop/datasets/fire_smoke_web_candidates_v3/images/review/0e1307c40c53d7878fe9e6df.jpg,.runtime/yolo_label_review/manual_annotations_v1/24/248363e8af00b335cb64f8b12d06265dae5fa9773816f37a46e14aabae8ebeed.json,2026-07-21T01:52:56.257Z,2026-07-21T01:52:56.257Z,manual_negative
smoke,negative,loop:fire_smoke_web_candidates_v3,images/review/0f2a03942bb7d0f9a64762fe.jpg,negative,NO,0,0,/home/admin1/jgzj/.runtime/yolo_loop/datasets/fire_smoke_web_candidates_v3/images/review/0f2a03942bb7d0f9a64762fe.jpg,.runtime/yolo_label_review/manual_annotations_v1/59/59eddfd4d10481cb55b09d38e44f46e14596f9446ccb8b01fbaf6105865d25ac.json,2026-07-21T03:17:39.578Z,2026-07-21T03:17:39.578Z,manual_negative
smoke,negative,loop:fire_smoke_web_candidates_v3,images/review/0f654bd1dabcbba351b7df04.jpg,negative,NO,0,0,/home/admin1/jgzj/.runtime/yolo_loop/datasets/fire_smoke_web_candidates_v3/images/review/0f654bd1dabcbba351b7df04.jpg,.runtime/yolo_label_review/manual_annotations_v1/79/79ef828e6d361c7cf99b2e4497572a748d24ef1c3e2003b8610a961f2f37ace1.json,2026-07-27T02:49:58.638Z,2026-07-27T02:49:58.638Z,manual_negative
smoke,negative,loop:fire_smoke_web_candidates_v3,images/review/10ee11034897c202c18fa1bf.jpg,negative,NO,0,0,/home/admin1/jgzj/.runtime/yolo_loop/datasets/fire_smoke_web_candidates_v3/images/review/10ee11034897c202c18fa1bf.jpg,.runtime/yolo_label_review/manual_annotations_v1/a7/a74ede5f8b2670c393fb7c05c6d6c17942d2360ec2ca777e6515a81aee3bd6f8.json,2026-07-21T03:02:06.581Z,2026-07-21T03:02:06.581Z,manual_negative
smoke,negative,loop:fire_smoke_web_candidates_v3,images/review/11f6164107000fe82b73c441.jpg,negative,NO,0,0,/home/admin1/jgzj/.runtime/yolo_loop/datasets/fire_smoke_web_candidates_v3/images/review/11f6164107000fe82b73c441.jpg,.runtime/yolo_label_review/manual_annotations_v1/97/9719fa9dd2b468ddde92555cf86f509833f51d7494b3310cca1be46175e92ee3.json,2026-07-27T02:42:36.658Z,2026-07-27T02:42:36.658Z,manual_negative
smoke,negative,loop:fire_smoke_web_candidates_v3,images/review/13c485dc800c68117ec0b869.jpg,negative,NO,0,0,/home/admin1/jgzj/.runtime/yolo_loop/datasets/fire_smoke_web_candidates_v3/images/review/13c485dc800c68117ec0b869.jpg,.runtime/yolo_label_review/manual_annotations_v1/71/71b12bb4abd7c6c981a00c693d8ddeb8a01cddceee81509d2339fe844ef0e64f.json,2026-07-21T01:54:02.768Z,2026-07-21T01:54:02.768Z,manual_negative
smoke,negative,loop:fire_smoke_web_candidates_v3,images/review/14a10db99bb6205947fb2c9b.jpg,negative,NO,0,0,/home/admin1/jgzj/.runtime/yolo_loop/datasets/fire_smoke_web_candidates_v3/images/review/14a10db99bb6205947fb2c9b.jpg,.runtime/yolo_label_review/manual_annotations_v1/1b/1b5599a3745290aa51d77687b2378d88f3dcf0b1ff222b096525ec729e1cebf6.json,2026-07-21T02:50:38.400Z,2026-07-21T02:50:38.400Z,manual_negative
smoke,negative,loop:fire_smoke_web_candidates_v3,images/review/14c3c25455449ac4eabc92b0.jpg,negative,NO,0,0,/home/admin1/jgzj/.runtime/yolo_loop/datasets/fire_smoke_web_candidates_v3/images/review/14c3c25455449ac4eabc92b0.jpg,.runtime/yolo_label_review/manual_annotations_v1/9a/9a01093c0798a0286108ae8e8ff1a9635cf70d5e359c6a24732ff902b076b278.json,2026-07-21T01:53:36.223Z,2026-07-21T01:53:36.223Z,manual_negative
smoke,negative,loop:fire_smoke_web_candidates_v3,images/review/1517952051f673a168901f92.jpg,negative,NO,0,0,/home/admin1/jgzj/.runtime/yolo_loop/datasets/fire_smoke_web_candidates_v3/images/review/1517952051f673a168901f92.jpg,.runtime/yolo_label_review/manual_annotations_v1/62/621ac42b1c05436e562a0ee02506127182873875ede8404c5218d61df057ea21.json,2026-07-21T03:14:09.709Z,2026-07-21T03:14:09.709Z,manual_negative
smoke,negative,loop:fire_smoke_web_candidates_v3,images/review/15e64c331e42e48d49c78df4.jpg,negative,NO,0,0,/home/admin1/jgzj/.runtime/yolo_loop/datasets/fire_smoke_web_candidates_v3/images/review/15e64c331e42e48d49c78df4.jpg,.runtime/yolo_label_review/manual_annotations_v1/9e/9e9a64ef30750d4cc6454568025c1ecbaeac785ab1e6a7439a53828a7b437200.json,2026-07-27T04:24:46.985Z,2026-07-27T04:24:46.985Z,manual_negative
smoke,negative,loop:fire_smoke_web_candidates_v3,images/review/16555cfc65e1087419adf51c.jpg,pass,YES,0,1,/home/admin1/jgzj/.runtime/yolo_loop/datasets/fire_smoke_web_candidates_v3/images/review/16555cfc65e1087419adf51c.jpg,.runtime/yolo_label_review/manual_annotations_v1/d2/d2d33674baaa9a9e9e9f94e0b56ed9d624d34c54a33eddd5e830d0b7f39db7fe.json,2026-07-27T02:51:11.240Z,2026-07-27T02:51:11.240Z,pass_other_class_or_empty
smoke,negative,loop:fire_smoke_web_candidates_v3,images/review/181fe30e2ded5a0ede6f1ec7.jpg,negative,NO,0,0,/home/admin1/jgzj/.runtime/yolo_loop/datasets/fire_smoke_web_candidates_v3/images/review/181fe30e2ded5a0ede6f1ec7.jpg,.runtime/yolo_label_review/manual_annotations_v1/07/07af2fdb9b92a4de691f48eaf5911d0132d3b6a2de4220f117c513a9a9af9fd0.json,2026-07-27T03:22:50.212Z,2026-07-27T03:22:50.212Z,manual_negative
smoke,negative,loop:fire_smoke_web_candidates_v3,images/review/19dc37b3ebf014e0feb200fc.jpg,negative,NO,0,0,/home/admin1/jgzj/.runtime/yolo_loop/datasets/fire_smoke_web_candidates_v3/images/review/19dc37b3ebf014e0feb200fc.jpg,.runtime/yolo_label_review/manual_annotations_v1/e8/e86df47257f012dff8f4dcf5c911698610bb05dbb7c627804edf3df592e47e83.json,2026-07-21T03:03:49.620Z,2026-07-21T03:03:49.620Z,manual_negative
smoke,negative,loop:fire_smoke_web_candidates_v3,images/review/1b912b6860794e4de5456e1e.jpg,negative,NO,0,0,/home/admin1/jgzj/.runtime/yolo_loop/datasets/fire_smoke_web_candidates_v3/images/review/1b912b6860794e4de5456e1e.jpg,.runtime/yolo_label_review/manual_annotations_v1/5e/5e49ece14eaf23bfa07ec3a9447b7552d0b5833405434b7cfa5634a43fe5e80f.json,2026-07-21T03:15:39.000Z,2026-07-21T03:15:39.000Z,manual_negative
smoke,negative,loop:fire_smoke_web_candidates_v3,images/review/1bdb2597c8f766e18b2b2edd.jpg,negative,NO,0,0,/home/admin1/jgzj/.runtime/yolo_loop/datasets/fire_smoke_web_candidates_v3/images/review/1bdb2597c8f766e18b2b2edd.jpg,.runtime/yolo_label_review/manual_annotations_v1/34/3460412d4d86472aabe2b36ac931a35d54cd836e65a7fb17692dc7e5e33fae14.json,2026-07-21T01:54:42.713Z,2026-07-21T01:54:42.713Z,manual_negative
smoke,negative,loop:fire_smoke_web_candidates_v3,images/review/1d2aba7758cd5d7da9413624.jpg,negative,NO,0,0,/home/admin1/jgzj/.runtime/yolo_loop/datasets/fire_smoke_web_candidates_v3/images/review/1d2aba7758cd5d7da9413624.jpg,.runtime/yolo_label_review/manual_annotations_v1/c1/c1929e000a3784a7d19d50da929ab0ea522c9103c31dca0daa4c52d2bf26a97c.json,2026-07-21T02:15:29.856Z,2026-07-21T02:15:29.856Z,manual_negative
smoke,negative,loop:fire_smoke_web_candidates_v3,images/review/22e69d5a4b50267789730efe.jpg,negative,NO,0,0,/home/admin1/jgzj/.runtime/yolo_loop/datasets/fire_smoke_web_candidates_v3/images/review/22e69d5a4b50267789730efe.jpg,.runtime/yolo_label_review/manual_annotations_v1/6d/6dfdc181a3135c832c973f6b5e98b83d3737e85660c4affff6592ff235d0af85.json,2026-07-21T03:11:10.573Z,2026-07-21T03:11:10.573Z,manual_negative
smoke,negative,loop:fire_smoke_web_candidates_v3,images/review/24adaadc262e4598cf9a7b96.jpg,negative,NO,0,0,/home/admin1/jgzj/.runtime/yolo_loop/datasets/fire_smoke_web_candidates_v3/images/review/24adaadc262e4598cf9a7b96.jpg,.runtime/yolo_label_review/manual_annotations_v1/67/676075cc85464e70546dadbd243d64ef84f52f236f5d44f501da0a8999423293.json,2026-07-21T02:44:40.586Z,2026-07-21T02:44:40.586Z,manual_negative
smoke,negative,loop:fire_smoke_web_candidates_v3,images/review/250f0fbb202ff65030cc09d6.jpg,negative,NO,0,0,/home/admin1/jgzj/.runtime/yolo_loop/datasets/fire_smoke_web_candidates_v3/images/review/250f0fbb202ff65030cc09d6.jpg,.runtime/yolo_label_review/manual_annotations_v1/7e/7ee0fdfcfdd44fa69c6fa4b300bcb16d4cf9cc9b297389e0da518d9a72ad9c60.json,2026-07-21T03:03:56.199Z,2026-07-21T03:03:56.199Z,manual_negative
smoke,negative,loop:fire_smoke_web_candidates_v3,images/review/252fa08c9f3a6fb29ddac461.jpg,negative,NO,0,0,/home/admin1/jgzj/.runtime/yolo_loop/datasets/fire_smoke_web_candidates_v3/images/review/252fa08c9f3a6fb29ddac461.jpg,.runtime/yolo_label_review/manual_annotations_v1/c4/c4f6fd78b192172328c87b42503a487c672fe36296fd35c97daa5ca666ae7a78.json,2026-07-21T02:50:32.150Z,2026-07-21T02:50:32.150Z,manual_negative
smoke,negative,loop:fire_smoke_web_candidates_v3,images/review/2544266f62cf826924275d69.jpg,negative,NO,0,0,/home/admin1/jgzj/.runtime/yolo_loop/datasets/fire_smoke_web_candidates_v3/images/review/2544266f62cf826924275d69.jpg,.runtime/yolo_label_review/manual_annotations_v1/a9/a928f82d79761f46d79b216fc4d2484817d76b367e9ec1113f5e7e44454eb3dd.json,2026-07-27T02:36:09.305Z,2026-07-27T02:36:09.305Z,manual_negative
smoke,negative,loop:fire_smoke_web_candidates_v3,images/review/259795f97dfc457d24c3dba2.jpg,negative,NO,0,0,/home/admin1/jgzj/.runtime/yolo_loop/datasets/fire_smoke_web_candidates_v3/images/review/259795f97dfc457d24c3dba2.jpg,.runtime/yolo_label_review/manual_annotations_v1/78/78ee02afdffcb118677fbff32e8239c241bc905e2cdf3420971628ee7dc051ef.json,2026-07-21T02:20:41.844Z,2026-07-21T02:20:41.844Z,manual_negative
smoke,negative,loop:fire_smoke_web_candidates_v3,images/review/263fbddaa8e5d5010224ed4c.jpg,negative,NO,0,0,/home/admin1/jgzj/.runtime/yolo_loop/datasets/fire_smoke_web_candidates_v3/images/review/263fbddaa8e5d5010224ed4c.jpg,.runtime/yolo_label_review/manual_annotations_v1/b7/b74b45ff2ed379496442909b6d2863008c6a03cb2445a3dbfde2c97c8efcf208.json,2026-07-21T02:23:32.883Z,2026-07-21T02:23:32.883Z,manual_negative
smoke,negative,loop:fire_smoke_web_candidates_v3,images/review/26c36dd2538c84d7c52c23f6.jpg,negative,NO,0,0,/home/admin1/jgzj/.runtime/yolo_loop/datasets/fire_smoke_web_candidates_v3/images/review/26c36dd2538c84d7c52c23f6.jpg,.runtime/yolo_label_review/manual_annotations_v1/0e/0e2364e56d44cf2d529f3681922ea58f0f591b965112ada213a7b51b0fa103aa.json,2026-07-21T02:42:54.878Z,2026-07-21T02:42:54.878Z,manual_negative
smoke,negative,loop:fire_smoke_web_candidates_v3,images/review/27d40b1e5057774e665b6e7d.jpg,negative,NO,0,0,/home/admin1/jgzj/.runtime/yolo_loop/datasets/fire_smoke_web_candidates_v3/images/review/27d40b1e5057774e665b6e7d.jpg,.runtime/yolo_label_review/manual_annotations_v1/c0/c0e1ffdfd18fc62390fcff8be9a027566b13f44823f3ff68ea8ae9f21d935f36.json,2026-07-21T03:16:25.170Z,2026-07-21T03:16:25.170Z,manual_negative
smoke,negative,loop:fire_smoke_web_candidates_v3,images/review/290f91a85e6111fea994ecc5.jpg,negative,NO,0,0,/home/admin1/jgzj/.runtime/yolo_loop/datasets/fire_smoke_web_candidates_v3/images/review/290f91a85e6111fea994ecc5.jpg,.runtime/yolo_label_review/manual_annotations_v1/38/38af0068f8564a4ac01042b283694cd3b87fe372eb7eb0d35ea5e5133a9051d6.json,2026-07-21T01:47:26.035Z,2026-07-21T01:47:26.035Z,manual_negative
smoke,negative,loop:fire_smoke_web_candidates_v3,images/review/29498586e311fb955e894e13.jpg,negative,NO,0,0,/home/admin1/jgzj/.runtime/yolo_loop/datasets/fire_smoke_web_candidates_v3/images/review/29498586e311fb955e894e13.jpg,.runtime/yolo_label_review/manual_annotations_v1/04/04c1b208358ba11ad9fa06a0138fd71f35988a541983bfa7c848576ebaba32df.json,2026-07-21T01:53:20.490Z,2026-07-21T01:53:20.490Z,manual_negative
smoke,negative,loop:fire_smoke_web_candidates_v3,images/review/29978c2eb05091322662b520.jpg,negative,NO,0,0,/home/admin1/jgzj/.runtime/yolo_loop/datasets/fire_smoke_web_candidates_v3/images/review/29978c2eb05091322662b520.jpg,.runtime/yolo_label_review/manual_annotations_v1/a3/a345f29333730d9585111dd5c3ecd92d3a58b980087f70712de1daaa0658b4ea.json,2026-07-21T02:19:31.152Z,2026-07-21T02:19:31.152Z,manual_negative
smoke,negative,loop:fire_smoke_web_candidates_v3,images/review/29a4d3a76e2f31390c9ff27a.jpg,negative,NO,0,0,/home/admin1/jgzj/.runtime/yolo_loop/datasets/fire_smoke_web_candidates_v3/images/review/29a4d3a76e2f31390c9ff27a.jpg,.runtime/yolo_label_review/manual_annotations_v1/93/93918159b54d512c2288453f399f43517bcea9cbf4a5f7cac8d33a6caa8fd0a1.json,2026-07-21T01:55:44.512Z,2026-07-21T01:55:44.512Z,manual_negative
smoke,negative,loop:fire_smoke_web_candidates_v3,images/review/2c9cb5df6e064e08494e558d.jpg,pass,YES,0,1,/home/admin1/jgzj/.runtime/yolo_loop/datasets/fire_smoke_web_candidates_v3/images/review/2c9cb5df6e064e08494e558d.jpg,.runtime/yolo_label_review/manual_annotations_v1/2c/2cda24a4e18eb02dcf66062d31d47a902423ad3bf84a686409e17d35d280e311.json,2026-07-27T04:27:33.033Z,2026-07-27T04:27:33.033Z,pass_other_class_or_empty
smoke,negative,loop:fire_smoke_web_candidates_v3,images/review/2d50feca21b0c24eebade653.jpg,negative,NO,0,0,/home/admin1/jgzj/.runtime/yolo_loop/datasets/fire_smoke_web_candidates_v3/images/review/2d50feca21b0c24eebade653.jpg,.runtime/yolo_label_review/manual_annotations_v1/5c/5c2f2a8400924cd0441337d934229d322dc1b702844ca338694c80150d6ada06.json,2026-07-21T03:18:19.993Z,2026-07-21T03:18:19.993Z,manual_negative
smoke,negative,loop:fire_smoke_web_candidates_v3,images/review/30a3b19f41aee554508cd05b.jpg,negative,NO,0,0,/home/admin1/jgzj/.runtime/yolo_loop/datasets/fire_smoke_web_candidates_v3/images/review/30a3b19f41aee554508cd05b.jpg,.runtime/yolo_label_review/manual_annotations_v1/70/705d28718fce469a6e816e4d2b789cc2810b1a69b645c66c7c6ce2e1a743ba43.json,2026-07-21T02:18:26.476Z,2026-07-21T02:18:26.476Z,manual_negative
smoke,negative,loop:fire_smoke_web_candidates_v3,images/review/30f5ae7ecd2c5fc93f9457df.jpg,negative,NO,0,0,/home/admin1/jgzj/.runtime/yolo_loop/datasets/fire_smoke_web_candidates_v3/images/review/30f5ae7ecd2c5fc93f9457df.jpg,.runtime/yolo_label_review/manual_annotations_v1/80/80bb366b73ddf57916b64ec5d777a3c55173e185f2b1cec97bc9aa585c96a770.json,2026-07-21T02:27:38.510Z,2026-07-21T02:27:38.510Z,manual_negative
smoke,negative,loop:fire_smoke_web_candidates_v3,images/review/326656e3c052317ef7b5794b.jpg,negative,NO,0,0,/home/admin1/jgzj/.runtime/yolo_loop/datasets/fire_smoke_web_candidates_v3/images/review/326656e3c052317ef7b5794b.jpg,.runtime/yolo_label_review/manual_annotations_v1/be/be33aa3e27fab81c52669c87cbd2051e0705b1cf089cb553e5befb93cfc54907.json,2026-07-21T02:21:07.049Z,2026-07-21T02:21:07.049Z,manual_negative
smoke,negative,loop:fire_smoke_web_candidates_v3,images/review/329c27618e197d8daa0919e6.jpg,negative,NO,0,0,/home/admin1/jgzj/.runtime/yolo_loop/datasets/fire_smoke_web_candidates_v3/images/review/329c27618e197d8daa0919e6.jpg,.runtime/yolo_label_review/manual_annotations_v1/a0/a04b9353d3151c5726e1c0e791552e5304efe5b1384be1aab1b69f701ec4bfc6.json,2026-07-21T02:14:34.733Z,2026-07-21T02:14:34.733Z,manual_negative
smoke,negative,loop:fire_smoke_web_candidates_v3,images/review/32eeac906c90ca869bbc665a.jpg,negative,NO,0,0,/home/admin1/jgzj/.runtime/yolo_loop/datasets/fire_smoke_web_candidates_v3/images/review/32eeac906c90ca869bbc665a.jpg,.runtime/yolo_label_review/manual_annotations_v1/f2/f209588ef85e278221b86a9348b99898ed1a484fb76d4094f9eb43ba9c9bf0d4.json,2026-07-21T02:29:02.091Z,2026-07-21T02:29:02.091Z,manual_negative
smoke,negative,loop:fire_smoke_web_candidates_v3,images/review/32f3c2dbef568a1557aa928a.jpg,negative,NO,0,0,/home/admin1/jgzj/.runtime/yolo_loop/datasets/fire_smoke_web_candidates_v3/images/review/32f3c2dbef568a1557aa928a.jpg,.runtime/yolo_label_review/manual_annotations_v1/8d/8d14e270d11ce01711f2c71104a19308e2458d9afeda8d006cf35e1d4c4311d8.json,2026-07-27T02:49:30.763Z,2026-07-27T02:49:30.763Z,manual_negative
smoke,negative,loop:fire_smoke_web_candidates_v3,images/review/34534bb698ccbc409b11f4c2.jpg,negative,NO,0,0,/home/admin1/jgzj/.runtime/yolo_loop/datasets/fire_smoke_web_candidates_v3/images/review/34534bb698ccbc409b11f4c2.jpg,.runtime/yolo_label_review/manual_annotations_v1/9f/9f0af4ec0da76cb0f10ee940c8f65463ba7c8c18750a9792ca5c8fb04b8a0575.json,2026-07-27T02:56:01.371Z,2026-07-27T02:56:01.371Z,manual_negative
smoke,negative,loop:fire_smoke_web_candidates_v3,images/review/346041e46c6ec95776ffd088.jpg,negative,NO,0,0,/home/admin1/jgzj/.runtime/yolo_loop/datasets/fire_smoke_web_candidates_v3/images/review/346041e46c6ec95776ffd088.jpg,.runtime/yolo_label_review/manual_annotations_v1/af/af596d80a6737eccc58e0e42f9cd1fd6b3ccab873b2b6729d3668dbb82d6d45c.json,2026-07-27T02:42:47.395Z,2026-07-27T02:42:47.395Z,manual_negative
smoke,negative,loop:fire_smoke_web_candidates_v3,images/review/3474cfce076f15d6e19c969a.jpg,negative,NO,0,0,/home/admin1/jgzj/.runtime/yolo_loop/datasets/fire_smoke_web_candidates_v3/images/review/3474cfce076f15d6e19c969a.jpg,.runtime/yolo_label_review/manual_annotations_v1/30/30299683289cf69d4e7133529b076eff440962ee79d3c45f59d334d2c3708e9d.json,2026-07-21T01:54:35.697Z,2026-07-21T01:54:35.697Z,manual_negative
smoke,negative,loop:fire_smoke_web_candidates_v3,images/review/357893264e6fc8ffe53c757c.jpg,negative,NO,0,0,/home/admin1/jgzj/.runtime/yolo_loop/datasets/fire_smoke_web_candidates_v3/images/review/357893264e6fc8ffe53c757c.jpg,.runtime/yolo_label_review/manual_annotations_v1/5c/5c0d29cadd6d82d57a9f2269bb22bd6f0909a11923c20feadd9859b4abf6bcaa.json,2026-07-21T01:55:28.366Z,2026-07-21T01:55:28.366Z,manual_negative
smoke,negative,loop:fire_smoke_web_candidates_v3,images/review/357fb4ead39c615ee2a3c71f.jpg,pass,YES,0,1,/home/admin1/jgzj/.runtime/yolo_loop/datasets/fire_smoke_web_candidates_v3/images/review/357fb4ead39c615ee2a3c71f.jpg,.runtime/yolo_label_review/manual_annotations_v1/c4/c43e6ca4f8cafe42411090683a6da7f391afb49ceeb2c516c2c74e8155fa4859.json,2026-07-21T03:18:46.282Z,2026-07-21T03:18:46.282Z,pass_other_class_or_empty
smoke,negative,loop:fire_smoke_web_candidates_v3,images/review/35ed5b03d44316aafcc9dbc7.jpg,negative,NO,0,0,/home/admin1/jgzj/.runtime/yolo_loop/datasets/fire_smoke_web_candidates_v3/images/review/35ed5b03d44316aafcc9dbc7.jpg,.runtime/yolo_label_review/manual_annotations_v1/ef/ef26c46aa79b5b111364b6947c40236426362e539311b59f7e86d7cdca51e84a.json,2026-07-21T03:05:29.786Z,2026-07-21T03:05:29.786Z,manual_negative
smoke,negative,loop:fire_smoke_web_candidates_v3,images/review/37ad288a3f28f99f22e95670.jpg,negative,NO,0,0,/home/admin1/jgzj/.runtime/yolo_loop/datasets/fire_smoke_web_candidates_v3/images/review/37ad288a3f28f99f22e95670.jpg,.runtime/yolo_label_review/manual_annotations_v1/fd/fd83a68e738424e678819c46b77dfd528d1d461e00c26bf1bf010b0637e635a5.json,2026-07-21T02:34:05.583Z,2026-07-21T02:34:05.583Z,manual_negative
smoke,negative,loop:fire_smoke_web_candidates_v3,images/review/37eeca7e9481d9b3f5d86358.jpg,negative,NO,0,0,/home/admin1/jgzj/.runtime/yolo_loop/datasets/fire_smoke_web_candidates_v3/images/review/37eeca7e9481d9b3f5d86358.jpg,.runtime/yolo_label_review/manual_annotations_v1/75/759d7be9cd79e7bf0aa23c610fe79e4ad8f21d2294555394efacf149a2fca82f.json,2026-07-21T02:50:59.389Z,2026-07-21T02:50:59.389Z,manual_negative
smoke,negative,loop:fire_smoke_web_candidates_v3,images/review/384d7174e65c53863e80a6f4.jpg,negative,NO,0,0,/home/admin1/jgzj/.runtime/yolo_loop/datasets/fire_smoke_web_candidates_v3/images/review/384d7174e65c53863e80a6f4.jpg,.runtime/yolo_label_review/manual_annotations_v1/25/25490b35a3136b0bf4510d6b34b13c860a5c61981e20f5d65d9ca97fadaf4674.json,2026-07-27T02:42:25.856Z,2026-07-27T02:42:25.856Z,manual_negative
smoke,negative,loop:fire_smoke_web_candidates_v3,images/review/39c5cbb4ed928d2804539749.jpg,negative,NO,0,0,/home/admin1/jgzj/.runtime/yolo_loop/datasets/fire_smoke_web_candidates_v3/images/review/39c5cbb4ed928d2804539749.jpg,.runtime/yolo_label_review/manual_annotations_v1/63/63ce5804ea1c6cf70dd124a9572c7bc7557f9befac66c5779ab12c2cefe80d08.json,2026-07-21T02:42:39.848Z,2026-07-21T02:42:39.848Z,manual_negative
smoke,negative,loop:fire_smoke_web_candidates_v3,images/review/39cb8c10272e8149d9141ab4.jpg,negative,NO,0,0,/home/admin1/jgzj/.runtime/yolo_loop/datasets/fire_smoke_web_candidates_v3/images/review/39cb8c10272e8149d9141ab4.jpg,.runtime/yolo_label_review/manual_annotations_v1/e4/e44b374bc38e1881d781fee17a0c291226d837e765a3312a695769d0b1050ad4.json,2026-07-21T01:53:25.904Z,2026-07-21T01:53:25.904Z,manual_negative
smoke,negative,loop:fire_smoke_web_candidates_v3,images/review/3bcfaef65fb8c90eb6b8bef5.jpg,negative,NO,0,0,/home/admin1/jgzj/.runtime/yolo_loop/datasets/fire_smoke_web_candidates_v3/images/review/3bcfaef65fb8c90eb6b8bef5.jpg,.runtime/yolo_label_review/manual_annotations_v1/cd/cd58e7bb332d4255ec2530c8663d7a0c206d369dcbf6c9d625cdff1325a9b5ac.json,2026-07-21T02:22:39.386Z,2026-07-21T02:22:39.386Z,manual_negative
smoke,negative,loop:fire_smoke_web_candidates_v3,images/review/3c0025cb847a9a5a7cfd1d05.jpg,negative,NO,0,0,/home/admin1/jgzj/.runtime/yolo_loop/datasets/fire_smoke_web_candidates_v3/images/review/3c0025cb847a9a5a7cfd1d05.jpg,.runtime/yolo_label_review/manual_annotations_v1/09/09de88f9c3d8296643e5e89a19521576a1c08d122a3ce6dc15c2761dcedff2f4.json,2026-07-24T01:26:09.724Z,2026-07-24T01:26:09.724Z,manual_negative
smoke,negative,loop:fire_smoke_web_candidates_v3,images/review/3c4e93f5ab97c84cfbe31033.jpg,negative,NO,0,0,/home/admin1/jgzj/.runtime/yolo_loop/datasets/fire_smoke_web_candidates_v3/images/review/3c4e93f5ab97c84cfbe31033.jpg,.runtime/yolo_label_review/manual_annotations_v1/af/af7ef7cd8e897d06d83083fe5bb4b314780de8c4c0a887a2841ae0964d5feada.json,2026-07-21T02:33:14.709Z,2026-07-21T02:33:14.709Z,manual_negative
smoke,negative,loop:fire_smoke_web_candidates_v3,images/review/3c6dfa3ee5a133d89714cbe9.jpg,pass,YES,0,1,/home/admin1/jgzj/.runtime/yolo_loop/datasets/fire_smoke_web_candidates_v3/images/review/3c6dfa3ee5a133d89714cbe9.jpg,.runtime/yolo_label_review/manual_annotations_v1/c6/c6bbe04b2389078668ce4a438cfa4cb6b95e532b87cfa31d9d1f70fd7fa53c1e.json,2026-07-21T03:06:40.071Z,2026-07-21T03:06:40.071Z,pass_other_class_or_empty
smoke,negative,loop:fire_smoke_web_candidates_v3,images/review/3cbf50a486184879f078eee3.jpg,negative,NO,0,0,/home/admin1/jgzj/.runtime/yolo_loop/datasets/fire_smoke_web_candidates_v3/images/review/3cbf50a486184879f078eee3.jpg,.runtime/yolo_label_review/manual_annotations_v1/83/83c24b408dfff6b620fb87934dda01de910e4aa3f930a3389d4df21877b94bf5.json,2026-07-21T03:20:58.011Z,2026-07-21T03:20:58.011Z,manual_negative
smoke,negative,loop:fire_smoke_web_candidates_v3,images/review/3df55965ce693f526e840795.jpg,negative,NO,0,0,/home/admin1/jgzj/.runtime/yolo_loop/datasets/fire_smoke_web_candidates_v3/images/review/3df55965ce693f526e840795.jpg,.runtime/yolo_label_review/manual_annotations_v1/3d/3d26587f288a10155e3802ee14381ba90e39186e513ebbcae3ae0d3baf0b5920.json,2026-07-21T03:14:16.391Z,2026-07-21T03:14:16.391Z,manual_negative
smoke,negative,loop:fire_smoke_web_candidates_v3,images/review/3ea860cfc56666c6b5d93c1f.jpg,pass,YES,0,1,/home/admin1/jgzj/.runtime/yolo_loop/datasets/fire_smoke_web_candidates_v3/images/review/3ea860cfc56666c6b5d93c1f.jpg,.runtime/yolo_label_review/manual_annotations_v1/23/23bae4b2b78a1e367f2df81c08536eddfc5b53252779b1955700e44087c3ab76.json,2026-07-27T04:45:37.871Z,2026-07-27T04:45:37.871Z,pass_other_class_or_empty
smoke,negative,loop:fire_smoke_web_candidates_v3,images/review/3fb17682265c3f06bf12005c.jpg,negative,NO,0,0,/home/admin1/jgzj/.runtime/yolo_loop/datasets/fire_smoke_web_candidates_v3/images/review/3fb17682265c3f06bf12005c.jpg,.runtime/yolo_label_review/manual_annotations_v1/92/92c5bdd1d214d528a5f7d3cdb90b4a43468081c88ffd3c62525dfdc3818e84bd.json,2026-07-27T02:55:18.984Z,2026-07-27T02:55:18.984Z,manual_negative
smoke,negative,loop:fire_smoke_web_candidates_v3,images/review/40e5fe9f3ff400fe22d7fcc2.jpg,pass,YES,0,2,/home/admin1/jgzj/.runtime/yolo_loop/datasets/fire_smoke_web_candidates_v3/images/review/40e5fe9f3ff400fe22d7fcc2.jpg,.runtime/yolo_label_review/manual_annotations_v1/b8/b8da0fa03e9b980e4950d7a38907035847d35e15de3774b1119bc6719019a854.json,2026-07-21T03:06:23.695Z,2026-07-21T03:06:23.695Z,pass_other_class_or_empty
smoke,negative,loop:fire_smoke_web_candidates_v3,images/review/41719466de0984e8573277d5.jpg,negative,NO,0,0,/home/admin1/jgzj/.runtime/yolo_loop/datasets/fire_smoke_web_candidates_v3/images/review/41719466de0984e8573277d5.jpg,.runtime/yolo_label_review/manual_annotations_v1/68/6853d24a1f52cf938ba5682d419792ee6ff48cf149062b614766d558fbf4c3d3.json,2026-07-27T04:47:13.207Z,2026-07-27T04:47:13.207Z,manual_negative
smoke,negative,loop:fire_smoke_web_candidates_v3,images/review/42f2b3b71f440dbd850b5802.jpg,negative,NO,0,0,/home/admin1/jgzj/.runtime/yolo_loop/datasets/fire_smoke_web_candidates_v3/images/review/42f2b3b71f440dbd850b5802.jpg,.runtime/yolo_label_review/manual_annotations_v1/f9/f90cead83629cfcff4318cfd77b8e6d51284d2db361877575a7859b3ff90a905.json,2026-07-21T03:18:12.980Z,2026-07-21T03:18:12.980Z,manual_negative
smoke,negative,loop:fire_smoke_web_candidates_v3,images/review/432476b8655405997da2eb8a.jpg,negative,NO,0,0,/home/admin1/jgzj/.runtime/yolo_loop/datasets/fire_smoke_web_candidates_v3/images/review/432476b8655405997da2eb8a.jpg,.runtime/yolo_label_review/manual_annotations_v1/0e/0e6ddc7c99ee792f22cedf3d86bc35129ac30182e1c6645c2ea81b373fbc12b8.json,2026-07-21T02:28:56.784Z,2026-07-21T02:28:56.784Z,manual_negative
smoke,negative,loop:fire_smoke_web_candidates_v3,images/review/439e71759421f88b1b7d7943.jpg,negative,NO,0,0,/home/admin1/jgzj/.runtime/yolo_loop/datasets/fire_smoke_web_candidates_v3/images/review/439e71759421f88b1b7d7943.jpg,.runtime/yolo_label_review/manual_annotations_v1/40/40e033b70149563b648aecaf82f66131e57511b8d6e363a53abe75f24e3315da.json,2026-07-27T03:16:48.213Z,2026-07-27T03:16:48.213Z,manual_negative
smoke,negative,loop:fire_smoke_web_candidates_v3,images/review/454fb1bc8115f51a511ec00e.jpg,negative,NO,0,0,/home/admin1/jgzj/.runtime/yolo_loop/datasets/fire_smoke_web_candidates_v3/images/review/454fb1bc8115f51a511ec00e.jpg,.runtime/yolo_label_review/manual_annotations_v1/13/13868d276fcc19a7e38187b86f804c2552280029288cc213aee0d6cce8abcd73.json,2026-07-27T02:40:19.129Z,2026-07-27T02:40:19.129Z,manual_negative
smoke,negative,loop:fire_smoke_web_candidates_v3,images/review/4866f82e09ec78fe59c1b7f6.jpg,negative,NO,0,0,/home/admin1/jgzj/.runtime/yolo_loop/datasets/fire_smoke_web_candidates_v3/images/review/4866f82e09ec78fe59c1b7f6.jpg,.runtime/yolo_label_review/manual_annotations_v1/38/38e7fdb3365b57f7543c7e18e7a5bcdf6445433315d8934e6d3c02944ce46ff5.json,2026-07-27T04:46:43.823Z,2026-07-27T04:46:43.823Z,manual_negative
smoke,negative,loop:fire_smoke_web_candidates_v3,images/review/48a0beefa5b81438243ef5e0.jpg,pass,YES,0,1,/home/admin1/jgzj/.runtime/yolo_loop/datasets/fire_smoke_web_candidates_v3/images/review/48a0beefa5b81438243ef5e0.jpg,.runtime/yolo_label_review/manual_annotations_v1/4c/4c7410f34f083424251cc45eba3aff3b62386db23970098130eeeb4aacdf7e9c.json,2026-07-21T03:15:55.322Z,2026-07-21T03:15:55.322Z,pass_other_class_or_empty
smoke,negative,loop:fire_smoke_web_candidates_v3,images/review/4a3c45b30cb8df58811d44c3.jpg,negative,NO,0,0,/home/admin1/jgzj/.runtime/yolo_loop/datasets/fire_smoke_web_candidates_v3/images/review/4a3c45b30cb8df58811d44c3.jpg,.runtime/yolo_label_review/manual_annotations_v1/68/6866fae76401b9555139f0fd25c10d78978239c6d3e7ec4d718723f5229fd88d.json,2026-07-21T01:47:06.003Z,2026-07-21T01:47:06.003Z,manual_negative
smoke,negative,loop:fire_smoke_web_candidates_v3,images/review/4a5001653223d72bac900792.jpg,negative,NO,0,0,/home/admin1/jgzj/.runtime/yolo_loop/datasets/fire_smoke_web_candidates_v3/images/review/4a5001653223d72bac900792.jpg,.runtime/yolo_label_review/manual_annotations_v1/99/9926e370af9af1e0ef72677ff51e9787e5cf22852fee7f8507923d8044a3b835.json,2026-07-21T02:19:52.915Z,2026-07-21T02:19:52.915Z,manual_negative
smoke,negative,loop:fire_smoke_web_candidates_v3,images/review/4b52f4d5a4391cf786d5eb5d.jpg,negative,NO,0,0,/home/admin1/jgzj/.runtime/yolo_loop/datasets/fire_smoke_web_candidates_v3/images/review/4b52f4d5a4391cf786d5eb5d.jpg,.runtime/yolo_label_review/manual_annotations_v1/a8/a898c73220a43eb8cdd0451aba260cdad707e476c14c01993d6c2a788523b8bb.json,2026-07-27T02:55:06.671Z,2026-07-27T02:55:06.671Z,manual_negative
smoke,negative,loop:fire_smoke_web_candidates_v3,images/review/4bc08867ce527b489122346c.jpg,negative,NO,0,0,/home/admin1/jgzj/.runtime/yolo_loop/datasets/fire_smoke_web_candidates_v3/images/review/4bc08867ce527b489122346c.jpg,.runtime/yolo_label_review/manual_annotations_v1/3a/3a41f23c862d561c54feec5c89932faf8fc3d3d06c79a4b85e2bfb42d4a6ea3f.json,2026-07-21T02:14:27.258Z,2026-07-21T02:14:27.258Z,manual_negative
smoke,negative,loop:fire_smoke_web_candidates_v3,images/review/4dc9d93bb9baaad8768cd5cd.jpg,negative,NO,0,0,/home/admin1/jgzj/.runtime/yolo_loop/datasets/fire_smoke_web_candidates_v3/images/review/4dc9d93bb9baaad8768cd5cd.jpg,.runtime/yolo_label_review/manual_annotations_v1/d9/d976ff92c5ae95d5e94ad1bdbe6b19562cd9b161b38b08a098a1df93f2522920.json,2026-07-21T02:44:34.505Z,2026-07-21T02:44:34.505Z,manual_negative
smoke,negative,loop:fire_smoke_web_candidates_v3,images/review/4e0a93599d5ccb2fccfd61aa.jpg,negative,NO,0,0,/home/admin1/jgzj/.runtime/yolo_loop/datasets/fire_smoke_web_candidates_v3/images/review/4e0a93599d5ccb2fccfd61aa.jpg,.runtime/yolo_label_review/manual_annotations_v1/95/95e270093c1240c02345286b039da9ea8397ea93dbe1cea78097f4f2a4d8baf4.json,2026-07-21T02:23:39.833Z,2026-07-21T02:23:39.833Z,manual_negative
smoke,negative,loop:fire_smoke_web_candidates_v3,images/review/4e557c6bf09ebf389126ec0a.jpg,negative,NO,0,0,/home/admin1/jgzj/.runtime/yolo_loop/datasets/fire_smoke_web_candidates_v3/images/review/4e557c6bf09ebf389126ec0a.jpg,.runtime/yolo_label_review/manual_annotations_v1/10/10bbd226a8bf343bcfb05225ef2f6313618ee01c40ead7f0273d4f5866fa338a.json,2026-07-21T02:38:59.201Z,2026-07-21T02:38:59.201Z,manual_negative
smoke,negative,loop:fire_smoke_web_candidates_v3,images/review/50d2ded19f39c32621c59778.jpg,negative,NO,0,0,/home/admin1/jgzj/.runtime/yolo_loop/datasets/fire_smoke_web_candidates_v3/images/review/50d2ded19f39c32621c59778.jpg,.runtime/yolo_label_review/manual_annotations_v1/88/884e2ca0dae23f7846a4fca5d248cb2e4abb87bbe1f23153797de8e1a29c703b.json,2026-07-21T02:22:26.692Z,2026-07-21T02:22:26.692Z,manual_negative
smoke,negative,loop:fire_smoke_web_candidates_v3,images/review/52d3700b327fa5eaaa04b276.jpg,negative,NO,0,0,/home/admin1/jgzj/.runtime/yolo_loop/datasets/fire_smoke_web_candidates_v3/images/review/52d3700b327fa5eaaa04b276.jpg,.runtime/yolo_label_review/manual_annotations_v1/41/41ca823da901501e8f1089fe9ac4f14bb02a6c0bf3c2572cc6efdc21b006efdf.json,2026-07-27T02:59:47.671Z,2026-07-27T02:59:47.671Z,manual_negative
smoke,negative,loop:fire_smoke_web_candidates_v3,images/review/539440edb0aaa4ad613a2ac5.jpg,negative,NO,0,0,/home/admin1/jgzj/.runtime/yolo_loop/datasets/fire_smoke_web_candidates_v3/images/review/539440edb0aaa4ad613a2ac5.jpg,.runtime/yolo_label_review/manual_annotations_v1/f1/f1b6947cd89e30980498ceb3ea69a83940dccbaa4e41870311cbbe448ab2c909.json,2026-07-21T03:18:07.199Z,2026-07-21T03:18:07.199Z,manual_negative
smoke,negative,loop:fire_smoke_web_candidates_v3,images/review/53ba002922cda0fec1f4f1ee.jpg,negative,NO,0,0,/home/admin1/jgzj/.runtime/yolo_loop/datasets/fire_smoke_web_candidates_v3/images/review/53ba002922cda0fec1f4f1ee.jpg,.runtime/yolo_label_review/manual_annotations_v1/31/31e4dc8bc08b0ec1bedb0e06ff365fd7b63072095ca161d822902cd4757d1324.json,2026-07-21T03:17:52.091Z,2026-07-21T03:17:52.091Z,manual_negative
smoke,negative,loop:fire_smoke_web_candidates_v3,images/review/5475796e52ba6ccb7ffee81b.jpg,negative,NO,0,0,/home/admin1/jgzj/.runtime/yolo_loop/datasets/fire_smoke_web_candidates_v3/images/review/5475796e52ba6ccb7ffee81b.jpg,.runtime/yolo_label_review/manual_annotations_v1/5b/5bdd9bb9ebd9abc5234868d7733cb554506d73dfacc6154684fd238e32fb1e86.json,2026-07-21T02:19:46.237Z,2026-07-21T02:19:46.237Z,manual_negative
smoke,negative,loop:fire_smoke_web_candidates_v3,images/review/557f25bb17859ab3fc1118f1.jpg,negative,NO,0,0,/home/admin1/jgzj/.runtime/yolo_loop/datasets/fire_smoke_web_candidates_v3/images/review/557f25bb17859ab3fc1118f1.jpg,.runtime/yolo_label_review/manual_annotations_v1/40/40999e5479d7e878bbb5660b3c4e347547a53087248b7ccb7e2f553efabc94f6.json,2026-07-21T03:07:52.433Z,2026-07-21T03:07:52.433Z,manual_negative
smoke,negative,loop:fire_smoke_web_candidates_v3,images/review/557f333b3372d2ede58990cc.jpg,negative,NO,0,0,/home/admin1/jgzj/.runtime/yolo_loop/datasets/fire_smoke_web_candidates_v3/images/review/557f333b3372d2ede58990cc.jpg,.runtime/yolo_label_review/manual_annotations_v1/91/91df1c12099435a93125092d7475baedc7d392dc15c792adc6185e02a7179c30.json,2026-07-21T02:21:02.262Z,2026-07-21T02:21:02.262Z,manual_negative
smoke,negative,loop:fire_smoke_web_candidates_v3,images/review/55a9387364f9263a112f7290.jpg,pass,YES,0,1,/home/admin1/jgzj/.runtime/yolo_loop/datasets/fire_smoke_web_candidates_v3/images/review/55a9387364f9263a112f7290.jpg,.runtime/yolo_label_review/manual_annotations_v1/e0/e033b182f28b0c589bbfc50fe5504e060faeae09a8c006acfe39d2aea7c74483.json,2026-07-21T03:02:23.541Z,2026-07-21T03:02:23.541Z,pass_other_class_or_empty
smoke,negative,loop:fire_smoke_web_candidates_v3,images/review/55e105e046a56fcbfd42b32a.jpg,negative,NO,0,0,/home/admin1/jgzj/.runtime/yolo_loop/datasets/fire_smoke_web_candidates_v3/images/review/55e105e046a56fcbfd42b32a.jpg,.runtime/yolo_label_review/manual_annotations_v1/bb/bbe0499f1f593280a7ffa982a32f18e881efa220a7ffe34c444dd8579194836a.json,2026-07-21T02:48:59.537Z,2026-07-21T02:48:59.537Z,manual_negative
smoke,negative,loop:fire_smoke_web_candidates_v3,images/review/57d106387866e7191d701ac3.jpg,negative,NO,0,0,/home/admin1/jgzj/.runtime/yolo_loop/datasets/fire_smoke_web_candidates_v3/images/review/57d106387866e7191d701ac3.jpg,.runtime/yolo_label_review/manual_annotations_v1/8f/8fdd3fa40a7e61a51eccf8ac6256b3aca925619f1bf834b948ec1fc7e3fb2470.json,2026-07-21T02:33:23.096Z,2026-07-21T02:33:23.096Z,manual_negative
smoke,negative,loop:fire_smoke_web_candidates_v3,images/review/594c4a8210ad39c9acbe4fda.jpg,negative,NO,0,0,/home/admin1/jgzj/.runtime/yolo_loop/datasets/fire_smoke_web_candidates_v3/images/review/594c4a8210ad39c9acbe4fda.jpg,.runtime/yolo_label_review/manual_annotations_v1/55/55c808d31ef8114705d7f34afa7a62e15ae31a3b991c8f8ece46d313da520bfa.json,2026-07-21T02:21:37.975Z,2026-07-21T02:21:37.975Z,manual_negative
smoke,negative,loop:fire_smoke_web_candidates_v3,images/review/59b8f062f1488a09133b149d.jpg,negative,NO,0,0,/home/admin1/jgzj/.runtime/yolo_loop/datasets/fire_smoke_web_candidates_v3/images/review/59b8f062f1488a09133b149d.jpg,.runtime/yolo_label_review/manual_annotations_v1/64/64bba3aaa4dc92e5388fa5fa41def9560c0183e20e1d043a62890f5333f018df.json,2026-07-21T03:05:36.711Z,2026-07-21T03:05:36.711Z,manual_negative
smoke,negative,loop:fire_smoke_web_candidates_v3,images/review/5a0d03969ae492e4c925858f.jpg,negative,NO,0,0,/home/admin1/jgzj/.runtime/yolo_loop/datasets/fire_smoke_web_candidates_v3/images/review/5a0d03969ae492e4c925858f.jpg,.runtime/yolo_label_review/manual_annotations_v1/f6/f6153fa2d63ddbbbaa6677d1f99ef9c5ec4f4a96f01109d9c462c73c2a7d5fd5.json,2026-07-21T01:53:12.737Z,2026-07-21T01:53:12.737Z,manual_negative
smoke,negative,loop:fire_smoke_web_candidates_v3,images/review/5ae6fd4041b2f936d098c2e9.jpg,negative,NO,0,0,/home/admin1/jgzj/.runtime/yolo_loop/datasets/fire_smoke_web_candidates_v3/images/review/5ae6fd4041b2f936d098c2e9.jpg,.runtime/yolo_label_review/manual_annotations_v1/be/be51a10ea0d8c0c4f3cdee98b2b9c7e31ef8b08b26b32f2e686d8e86e8e98713.json,2026-07-27T04:47:03.495Z,2026-07-27T04:47:03.495Z,manual_negative
smoke,negative,loop:fire_smoke_web_candidates_v3,images/review/5b0190639e1e218606400e6f.jpg,negative,NO,0,0,/home/admin1/jgzj/.runtime/yolo_loop/datasets/fire_smoke_web_candidates_v3/images/review/5b0190639e1e218606400e6f.jpg,.runtime/yolo_label_review/manual_annotations_v1/93/9354e3cc844cf3cfc9cd482a16698a1964620cf704194a74fe1834394b579b10.json,2026-07-27T02:49:37.526Z,2026-07-27T02:49:37.526Z,manual_negative
smoke,negative,loop:fire_smoke_web_candidates_v3,images/review/5bf3a0a4ece36527aede0252.jpg,negative,NO,0,0,/home/admin1/jgzj/.runtime/yolo_loop/datasets/fire_smoke_web_candidates_v3/images/review/5bf3a0a4ece36527aede0252.jpg,.runtime/yolo_label_review/manual_annotations_v1/53/533e85871f377fc40e783f1f12f310391d1e9bc00e0f4a063e306da391af06eb.json,2026-07-21T02:22:32.772Z,2026-07-21T02:22:32.772Z,manual_negative
smoke,negative,loop:fire_smoke_web_candidates_v3,images/review/5c5bf9ceffa73ce4421b0db7.jpg,pass,YES,0,1,/home/admin1/jgzj/.runtime/yolo_loop/datasets/fire_smoke_web_candidates_v3/images/review/5c5bf9ceffa73ce4421b0db7.jpg,.runtime/yolo_label_review/manual_annotations_v1/5e/5e871ee7a843c62eef3976c7f057323ed492fa3912597e578d8ce3077655ff3a.json,2026-07-21T03:18:32.256Z,2026-07-21T03:18:32.256Z,pass_other_class_or_empty
smoke,negative,loop:fire_smoke_web_candidates_v3,images/review/5ce094333236570a4ab3bb3c.jpg,negative,NO,0,0,/home/admin1/jgzj/.runtime/yolo_loop/datasets/fire_smoke_web_candidates_v3/images/review/5ce094333236570a4ab3bb3c.jpg,.runtime/yolo_label_review/manual_annotations_v1/07/07286e936408cebad167c102b92797e9025361f7db8153daafe1866db0627711.json,2026-07-21T03:01:54.180Z,2026-07-21T03:01:54.180Z,manual_negative
smoke,negative,loop:fire_smoke_web_candidates_v3,images/review/5dc7cada4808debf0fe7b2b2.jpg,negative,NO,0,0,/home/admin1/jgzj/.runtime/yolo_loop/datasets/fire_smoke_web_candidates_v3/images/review/5dc7cada4808debf0fe7b2b2.jpg,.runtime/yolo_label_review/manual_annotations_v1/dc/dc1bba5a3da96866314ae0b5ec763be35013a6b9c35add136fecf9560c073c66.json,2026-07-21T02:28:27.436Z,2026-07-21T02:28:27.436Z,manual_negative
smoke,negative,loop:fire_smoke_web_candidates_v3,images/review/5f46b46d614b2ccc3d1d6db3.jpg,negative,NO,0,0,/home/admin1/jgzj/.runtime/yolo_loop/datasets/fire_smoke_web_candidates_v3/images/review/5f46b46d614b2ccc3d1d6db3.jpg,.runtime/yolo_label_review/manual_annotations_v1/be/be39f5331dd91b4d905cfc62787640df89fe6f0702bae7f45abdb92aa06a46a5.json,2026-07-27T02:59:24.963Z,2026-07-27T02:59:24.963Z,manual_negative
smoke,negative,loop:fire_smoke_web_candidates_v3,images/review/601d928ec1b4953070a81935.jpg,negative,NO,0,0,/home/admin1/jgzj/.runtime/yolo_loop/datasets/fire_smoke_web_candidates_v3/images/review/601d928ec1b4953070a81935.jpg,.runtime/yolo_label_review/manual_annotations_v1/f0/f0c11066f8d30735809e1c35c37526efc353ca079e515e12d0ea5d71c2cab37e.json,2026-07-21T03:01:48.804Z,2026-07-21T03:01:48.804Z,manual_negative
smoke,negative,loop:fire_smoke_web_candidates_v3,images/review/62566ec8a389ade9f799d859.jpg,negative,NO,0,0,/home/admin1/jgzj/.runtime/yolo_loop/datasets/fire_smoke_web_candidates_v3/images/review/62566ec8a389ade9f799d859.jpg,.runtime/yolo_label_review/manual_annotations_v1/9b/9b63a85a792fbf91fc231d60c30139ecf4ccb426014c67228ae45efe353c9f8a.json,2026-07-21T02:28:14.220Z,2026-07-21T02:28:14.220Z,manual_negative
smoke,negative,loop:fire_smoke_web_candidates_v3,images/review/62a77959e703b8deac859d73.jpg,negative,NO,0,0,/home/admin1/jgzj/.runtime/yolo_loop/datasets/fire_smoke_web_candidates_v3/images/review/62a77959e703b8deac859d73.jpg,.runtime/yolo_label_review/manual_annotations_v1/a4/a4d26c9cdba5204b1b2251a3ba3d00a6ff90006fce42925100cd8ef58d3f5cfe.json,2026-07-21T02:18:00.299Z,2026-07-21T02:18:00.299Z,manual_negative
smoke,negative,loop:fire_smoke_web_candidates_v3,images/review/633b6a8f41852a1c0a7bef36.jpg,negative,NO,0,0,/home/admin1/jgzj/.runtime/yolo_loop/datasets/fire_smoke_web_candidates_v3/images/review/633b6a8f41852a1c0a7bef36.jpg,.runtime/yolo_label_review/manual_annotations_v1/8d/8dd367eb295dc191041000c0b4b6a8abc6d9a46e9923c37c58b7e148f8379450.json,2026-07-27T04:22:49.857Z,2026-07-27T04:22:49.857Z,manual_negative
smoke,negative,loop:fire_smoke_web_candidates_v3,images/review/63995aa5b25d31e9edd5dfe3.jpg,negative,NO,0,0,/home/admin1/jgzj/.runtime/yolo_loop/datasets/fire_smoke_web_candidates_v3/images/review/63995aa5b25d31e9edd5dfe3.jpg,.runtime/yolo_label_review/manual_annotations_v1/fa/faafb611d9bc0fa1188c41738f42b2c787361f1b91b2b3bcbcca3b2df88322ab.json,2026-07-21T02:50:43.606Z,2026-07-21T02:50:43.606Z,manual_negative
smoke,negative,loop:fire_smoke_web_candidates_v3,images/review/652f69bef909f5748267ab40.jpg,pass,YES,0,2,/home/admin1/jgzj/.runtime/yolo_loop/datasets/fire_smoke_web_candidates_v3/images/review/652f69bef909f5748267ab40.jpg,.runtime/yolo_label_review/manual_annotations_v1/10/10d61bcddb4aa5e7a7749068cd058edaa8fea40b730da35d2f88a52327769cf8.json,2026-07-21T02:44:26.667Z,2026-07-21T02:44:26.667Z,pass_other_class_or_empty
smoke,negative,loop:fire_smoke_web_candidates_v3,images/review/6588683f0a9b17acd1c472d8.jpg,negative,NO,0,0,/home/admin1/jgzj/.runtime/yolo_loop/datasets/fire_smoke_web_candidates_v3/images/review/6588683f0a9b17acd1c472d8.jpg,.runtime/yolo_label_review/manual_annotations_v1/44/44c912756baa6e791ffbba83bbc5b0acf8dbdaf48f72ffdac4f57b8600e21fc3.json,2026-07-27T03:22:36.908Z,2026-07-27T03:22:36.908Z,manual_negative
smoke,negative,loop:fire_smoke_web_candidates_v3,images/review/659cc504cf37f7e972a648a2.jpg,negative,NO,0,0,/home/admin1/jgzj/.runtime/yolo_loop/datasets/fire_smoke_web_candidates_v3/images/review/659cc504cf37f7e972a648a2.jpg,.runtime/yolo_label_review/manual_annotations_v1/68/68520c27b57a7ef6a9f1435695d3d84530c3e7ac0f511f526bfe29600058d3d1.json,2026-07-21T02:34:40.433Z,2026-07-21T02:34:40.433Z,manual_negative
smoke,negative,loop:fire_smoke_web_candidates_v3,images/review/662daddad601c3f84ccf071d.jpg,negative,NO,0,0,/home/admin1/jgzj/.runtime/yolo_loop/datasets/fire_smoke_web_candidates_v3/images/review/662daddad601c3f84ccf071d.jpg,.runtime/yolo_label_review/manual_annotations_v1/1a/1a33b211e43d49865eb3ffad7a8e88959dac3b9b0ad407ebfe8a8d09604b9c82.json,2026-07-21T01:47:35.292Z,2026-07-21T01:47:35.292Z,manual_negative
smoke,negative,loop:fire_smoke_web_candidates_v3,images/review/6b8f4d91399daa8a42fa3a1a.jpg,negative,NO,0,0,/home/admin1/jgzj/.runtime/yolo_loop/datasets/fire_smoke_web_candidates_v3/images/review/6b8f4d91399daa8a42fa3a1a.jpg,.runtime/yolo_label_review/manual_annotations_v1/ff/ff708251048a0e388a7086bca1a5b58ddcc5b2485860ffa5766ccdf1bc60f9df.json,2026-07-21T02:20:25.697Z,2026-07-21T02:20:25.697Z,manual_negative
smoke,negative,loop:fire_smoke_web_candidates_v3,images/review/6e3233f76e0c54d9635340a5.jpg,pass,YES,0,1,/home/admin1/jgzj/.runtime/yolo_loop/datasets/fire_smoke_web_candidates_v3/images/review/6e3233f76e0c54d9635340a5.jpg,.runtime/yolo_label_review/manual_annotations_v1/0d/0d3b68ee3e236effe22d2d8a2fd28c618f66da4b23cb851bbf45dd589b9edfee.json,2026-07-27T04:27:22.772Z,2026-07-27T04:27:22.772Z,pass_other_class_or_empty
smoke,negative,loop:fire_smoke_web_candidates_v3,images/review/6ef5332d37f3e7c50f27ec24.jpg,negative,NO,0,0,/home/admin1/jgzj/.runtime/yolo_loop/datasets/fire_smoke_web_candidates_v3/images/review/6ef5332d37f3e7c50f27ec24.jpg,.runtime/yolo_label_review/manual_annotations_v1/73/7337cde045d73e8851412d8be8e06e132bddfa9e7746cf8f27c545262f52bb0c.json,2026-07-21T02:20:20.899Z,2026-07-21T02:20:20.899Z,manual_negative
smoke,negative,loop:fire_smoke_web_candidates_v3,images/review/707f5b02d6208a1c76aadf10.jpg,negative,NO,0,0,/home/admin1/jgzj/.runtime/yolo_loop/datasets/fire_smoke_web_candidates_v3/images/review/707f5b02d6208a1c76aadf10.jpg,.runtime/yolo_label_review/manual_annotations_v1/57/570197b1dd2cf2f0d992399fb081ca4274074406f03be5043d378d3462e1d641.json,2026-07-21T03:16:16.495Z,2026-07-21T03:16:16.495Z,manual_negative
smoke,negative,loop:fire_smoke_web_candidates_v3,images/review/71e78f97f74ed674a8338f26.jpg,negative,NO,0,0,/home/admin1/jgzj/.runtime/yolo_loop/datasets/fire_smoke_web_candidates_v3/images/review/71e78f97f74ed674a8338f26.jpg,.runtime/yolo_label_review/manual_annotations_v1/5b/5bc5dabe3a3c67a0ca8a16f1ec5b5acbd7f24dfcda390bfeb8b253c4a3ff461d.json,2026-07-21T03:07:33.997Z,2026-07-21T03:07:33.997Z,manual_negative
smoke,negative,loop:fire_smoke_web_candidates_v3,images/review/720036cd67e1dc7f503b6091.jpg,negative,NO,0,0,/home/admin1/jgzj/.runtime/yolo_loop/datasets/fire_smoke_web_candidates_v3/images/review/720036cd67e1dc7f503b6091.jpg,.runtime/yolo_label_review/manual_annotations_v1/e5/e544b6fb99696b7edd6b91d2d8f48161acd98eb2d0a89d7048266fd81ae181e9.json,2026-07-21T02:31:03.774Z,2026-07-21T02:31:03.774Z,manual_negative
smoke,negative,loop:fire_smoke_web_candidates_v3,images/review/722a955f6c74c5d1f88c6f11.jpg,negative,NO,0,0,/home/admin1/jgzj/.runtime/yolo_loop/datasets/fire_smoke_web_candidates_v3/images/review/722a955f6c74c5d1f88c6f11.jpg,.runtime/yolo_label_review/manual_annotations_v1/c9/c96e3ed2159345ce2d64b9ca693c3ef6092f14cdcbf65afc1f3d703c09c47b34.json,2026-07-21T02:22:44.198Z,2026-07-21T02:22:44.198Z,manual_negative
smoke,negative,loop:fire_smoke_web_candidates_v3,images/review/72fc3b1061d1eec7cf39365f.jpg,negative,NO,0,0,/home/admin1/jgzj/.runtime/yolo_loop/datasets/fire_smoke_web_candidates_v3/images/review/72fc3b1061d1eec7cf39365f.jpg,.runtime/yolo_label_review/manual_annotations_v1/81/819020dd1ba0e6982ec68c29881a78dedc80909e712d3648a619f33db8944d7e.json,2026-07-21T02:31:10.750Z,2026-07-21T02:31:10.750Z,manual_negative
smoke,negative,loop:fire_smoke_web_candidates_v3,images/review/732b55b3ebac808fd9d21f55.jpg,pass,YES,0,2,/home/admin1/jgzj/.runtime/yolo_loop/datasets/fire_smoke_web_candidates_v3/images/review/732b55b3ebac808fd9d21f55.jpg,.runtime/yolo_label_review/manual_annotations_v1/16/16f5a96de649e09fea380083c1ccd65b64d2ae4ab6cedc2d7aaa5bdbfb79bfd0.json,2026-07-21T02:50:21.797Z,2026-07-21T02:50:21.797Z,pass_other_class_or_empty
smoke,negative,loop:fire_smoke_web_candidates_v3,images/review/738de427b7ff338095611db3.jpg,negative,NO,0,0,/home/admin1/jgzj/.runtime/yolo_loop/datasets/fire_smoke_web_candidates_v3/images/review/738de427b7ff338095611db3.jpg,.runtime/yolo_label_review/manual_annotations_v1/83/8389ec7e2f4c6efc854a4a00f3364d00b5072bb8e6b29add3849de5811a34cff.json,2026-07-21T03:20:52.880Z,2026-07-21T03:20:52.880Z,manual_negative
smoke,negative,loop:fire_smoke_web_candidates_v3,images/review/741228693712e267355e3520.jpg,negative,NO,0,0,/home/admin1/jgzj/.runtime/yolo_loop/datasets/fire_smoke_web_candidates_v3/images/review/741228693712e267355e3520.jpg,.runtime/yolo_label_review/manual_annotations_v1/51/5153e1b11af9319d11952041babb11ec290e1ef53734e0d5691e813647df58e5.json,2026-07-21T02:14:59.524Z,2026-07-21T02:14:59.524Z,manual_negative
smoke,negative,loop:fire_smoke_web_candidates_v3,images/review/7537cdd7f2f2172f907e4aae.jpg,negative,NO,0,0,/home/admin1/jgzj/.runtime/yolo_loop/datasets/fire_smoke_web_candidates_v3/images/review/7537cdd7f2f2172f907e4aae.jpg,.runtime/yolo_label_review/manual_annotations_v1/f0/f0402c2a8b1991799c5330731ee73d027163ed74454ad0702b6463337e6952ca.json,2026-07-27T02:54:30.633Z,2026-07-27T02:54:30.633Z,manual_negative
smoke,negative,loop:fire_smoke_web_candidates_v3,images/review/75e533cf1955cbee9c108bf0.jpg,negative,NO,0,0,/home/admin1/jgzj/.runtime/yolo_loop/datasets/fire_smoke_web_candidates_v3/images/review/75e533cf1955cbee9c108bf0.jpg,.runtime/yolo_label_review/manual_annotations_v1/17/177d827ac95e61ef0e08d9e1117303b5bc6f2be5993003ad1c39367b1b2007d9.json,2026-07-21T02:50:53.971Z,2026-07-21T02:50:53.971Z,manual_negative
smoke,negative,loop:fire_smoke_web_candidates_v3,images/review/76c039a23d57b4de3c0481c7.jpg,pass,YES,0,1,/home/admin1/jgzj/.runtime/yolo_loop/datasets/fire_smoke_web_candidates_v3/images/review/76c039a23d57b4de3c0481c7.jpg,.runtime/yolo_label_review/manual_annotations_v1/1a/1aedf8b3f033b2d3898f4d0b8f7c8f9f6e0ff8a5930c0285f9b1890284eeb6ea.json,2026-07-27T04:43:04.537Z,2026-07-27T04:43:04.537Z,pass_other_class_or_empty
smoke,negative,loop:fire_smoke_web_candidates_v3,images/review/76f27077ce58bd03243126f8.jpg,negative,NO,0,0,/home/admin1/jgzj/.runtime/yolo_loop/datasets/fire_smoke_web_candidates_v3/images/review/76f27077ce58bd03243126f8.jpg,.runtime/yolo_label_review/manual_annotations_v1/db/db869940f4b5ceed4387efef730cd641a5c9b2a9f1e2979848d641ebec392c74.json,2026-07-21T02:22:05.179Z,2026-07-21T02:22:05.179Z,manual_negative
smoke,negative,loop:fire_smoke_web_candidates_v3,images/review/7abeac9d9ba49cd57c6e3721.jpg,negative,NO,0,0,/home/admin1/jgzj/.runtime/yolo_loop/datasets/fire_smoke_web_candidates_v3/images/review/7abeac9d9ba49cd57c6e3721.jpg,.runtime/yolo_label_review/manual_annotations_v1/f9/f9a49c206f0d37b0862e20d181ad81b7ccd1bc89fd679ba180aeebbf039717e9.json,2026-07-21T02:23:46.801Z,2026-07-21T02:23:46.801Z,manual_negative
smoke,negative,loop:fire_smoke_web_candidates_v3,images/review/7da621de0820302a97c273c9.jpg,negative,NO,0,0,/home/admin1/jgzj/.runtime/yolo_loop/datasets/fire_smoke_web_candidates_v3/images/review/7da621de0820302a97c273c9.jpg,.runtime/yolo_label_review/manual_annotations_v1/60/605e7e268ebef40d0804c495b4752ef3d869f1ab56f4268632e1dc25520d59d7.json,2026-07-27T04:32:35.769Z,2026-07-27T04:32:35.769Z,manual_negative
smoke,negative,loop:fire_smoke_web_candidates_v3,images/review/7e60cf610c445f2e3a43d00f.jpg,negative,NO,0,0,/home/admin1/jgzj/.runtime/yolo_loop/datasets/fire_smoke_web_candidates_v3/images/review/7e60cf610c445f2e3a43d00f.jpg,.runtime/yolo_label_review/manual_annotations_v1/c7/c72edbf520d48481f9cc2d1e8fd94e88db378e63fda01e491fea098683d33506.json,2026-07-21T02:28:51.419Z,2026-07-21T02:28:51.419Z,manual_negative
smoke,negative,loop:fire_smoke_web_candidates_v3,images/review/7ea7ed703bea4f19359edb61.jpg,pass,YES,0,1,/home/admin1/jgzj/.runtime/yolo_loop/datasets/fire_smoke_web_candidates_v3/images/review/7ea7ed703bea4f19359edb61.jpg,.runtime/yolo_label_review/manual_annotations_v1/ee/eec13b2253d699f0532526cb7dbc898bca175dbe9b282747c541e079cf008e7e.json,2026-07-27T04:38:55.996Z,2026-07-27T04:38:55.996Z,pass_other_class_or_empty
smoke,negative,loop:fire_smoke_web_candidates_v3,images/review/7f67e9a0a9da56e589cbebfb.jpg,negative,NO,0,0,/home/admin1/jgzj/.runtime/yolo_loop/datasets/fire_smoke_web_candidates_v3/images/review/7f67e9a0a9da56e589cbebfb.jpg,.runtime/yolo_label_review/manual_annotations_v1/2b/2b67ba66db4f9c7ceff345008feb38d757970c77e0bd6315cc7bc136b46df3f7.json,2026-07-21T03:11:16.390Z,2026-07-21T03:11:16.390Z,manual_negative
smoke,negative,loop:fire_smoke_web_candidates_v3,images/review/82085eff0ed11260917c4b98.jpg,negative,NO,0,0,/home/admin1/jgzj/.runtime/yolo_loop/datasets/fire_smoke_web_candidates_v3/images/review/82085eff0ed11260917c4b98.jpg,.runtime/yolo_label_review/manual_annotations_v1/d3/d386b017c67c359374ee59bb170f434a2c4497085217d8a646b689b7cfeb9533.json,2026-07-27T02:50:51.741Z,2026-07-27T02:50:51.741Z,manual_negative
smoke,negative,loop:fire_smoke_web_candidates_v3,images/review/838d9f525418def16d2b44d0.jpg,negative,NO,0,0,/home/admin1/jgzj/.runtime/yolo_loop/datasets/fire_smoke_web_candidates_v3/images/review/838d9f525418def16d2b44d0.jpg,.runtime/yolo_label_review/manual_annotations_v1/79/796a100ebe38510905505f1a941c3c4d46649ca0716d1f953072392152ad299e.json,2026-07-27T04:31:06.577Z,2026-07-27T04:31:06.577Z,manual_negative
smoke,negative,loop:fire_smoke_web_candidates_v3,images/review/85c8f6aba1edaf36c50cda3b.jpg,negative,NO,0,0,/home/admin1/jgzj/.runtime/yolo_loop/datasets/fire_smoke_web_candidates_v3/images/review/85c8f6aba1edaf36c50cda3b.jpg,.runtime/yolo_label_review/manual_annotations_v1/bb/bb3be65e10f36becfe55ce8d22f98fd5f1e3366a3dfb5cbe69f36d8206b283b7.json,2026-07-21T01:53:31.223Z,2026-07-21T01:53:31.223Z,manual_negative
smoke,negative,loop:fire_smoke_web_candidates_v3,images/review/87be9a3ba4247c37f11e4010.jpg,pass,YES,0,1,/home/admin1/jgzj/.runtime/yolo_loop/datasets/fire_smoke_web_candidates_v3/images/review/87be9a3ba4247c37f11e4010.jpg,.runtime/yolo_label_review/manual_annotations_v1/1d/1d815e768e48d5af440c8d5efd728a291e4e8095c667d6a360761d0bf0a8063a.json,2026-07-27T04:24:04.428Z,2026-07-27T04:24:04.428Z,pass_other_class_or_empty
smoke,negative,loop:fire_smoke_web_candidates_v3,images/review/87c866e3fd6ddcbb286b2b69.jpg,negative,NO,0,0,/home/admin1/jgzj/.runtime/yolo_loop/datasets/fire_smoke_web_candidates_v3/images/review/87c866e3fd6ddcbb286b2b69.jpg,.runtime/yolo_label_review/manual_annotations_v1/e1/e11904241dc838f0fa6a56ba73739268c3d800fc33774a80c12dcdc36f2bf391.json,2026-07-21T02:19:35.988Z,2026-07-21T02:19:35.988Z,manual_negative
smoke,negative,loop:fire_smoke_web_candidates_v3,images/review/87f236d7f55578bd99ad0586.jpg,negative,NO,0,0,/home/admin1/jgzj/.runtime/yolo_loop/datasets/fire_smoke_web_candidates_v3/images/review/87f236d7f55578bd99ad0586.jpg,.runtime/yolo_label_review/manual_annotations_v1/79/79c5fc2eeed0603138c15545cb9c9d59a9fed0dfb0615c34d5debc5f39dc5203.json,2026-07-21T02:50:27.242Z,2026-07-21T02:50:27.242Z,manual_negative
smoke,negative,loop:fire_smoke_web_candidates_v3,images/review/89f2c59e6b45b6a8714a455c.jpg,negative,NO,0,0,/home/admin1/jgzj/.runtime/yolo_loop/datasets/fire_smoke_web_candidates_v3/images/review/89f2c59e6b45b6a8714a455c.jpg,.runtime/yolo_label_review/manual_annotations_v1/f0/f0a92e39820f15211cdfc744d933514697aadcb6146673fc2778bf1302df88ca.json,2026-07-21T03:07:47.736Z,2026-07-21T03:07:47.736Z,manual_negative
smoke,negative,loop:fire_smoke_web_candidates_v3,images/review/8b49bec8a7638fdb7fd0de0d.jpg,negative,NO,0,0,/home/admin1/jgzj/.runtime/yolo_loop/datasets/fire_smoke_web_candidates_v3/images/review/8b49bec8a7638fdb7fd0de0d.jpg,.runtime/yolo_label_review/manual_annotations_v1/13/1354841dc5c6fd1ffc73496eb5c8f9b0424b51a83252eb2914b4a88c98b3cfa9.json,2026-07-21T01:55:34.750Z,2026-07-21T01:55:34.750Z,manual_negative
smoke,negative,loop:fire_smoke_web_candidates_v3,images/review/8bf11c1ef043c1e81b6261cc.jpg,negative,NO,0,0,/home/admin1/jgzj/.runtime/yolo_loop/datasets/fire_smoke_web_candidates_v3/images/review/8bf11c1ef043c1e81b6261cc.jpg,.runtime/yolo_label_review/manual_annotations_v1/79/7904703a14c24e8ac0dd860350539505a3b46053063bee0894b65287be770389.json,2026-07-21T03:17:58.912Z,2026-07-21T03:17:58.912Z,manual_negative
smoke,negative,loop:fire_smoke_web_candidates_v3,images/review/8c49cb3b9ea7830bdfe764d9.jpg,negative,NO,0,0,/home/admin1/jgzj/.runtime/yolo_loop/datasets/fire_smoke_web_candidates_v3/images/review/8c49cb3b9ea7830bdfe764d9.jpg,.runtime/yolo_label_review/manual_annotations_v1/cd/cdc66bcf186d37e335e50b9b9fda0d4ec221523e168942ec55eda9bb9ee08cb2.json,2026-07-21T02:19:16.960Z,2026-07-21T02:19:16.960Z,manual_negative
smoke,negative,loop:fire_smoke_web_candidates_v3,images/review/8e9f32c8dfd55564dbee1569.jpg,negative,NO,0,0,/home/admin1/jgzj/.runtime/yolo_loop/datasets/fire_smoke_web_candidates_v3/images/review/8e9f32c8dfd55564dbee1569.jpg,.runtime/yolo_label_review/manual_annotations_v1/97/971e38097c51836f446def724b05c946aebf48670a4dffe613c536a508b2842d.json,2026-07-21T01:54:21.429Z,2026-07-21T01:54:21.429Z,manual_negative
smoke,negative,loop:fire_smoke_web_candidates_v3,images/review/8ecf0dffdff603790d3e639e.jpg,negative,NO,0,0,/home/admin1/jgzj/.runtime/yolo_loop/datasets/fire_smoke_web_candidates_v3/images/review/8ecf0dffdff603790d3e639e.jpg,.runtime/yolo_label_review/manual_annotations_v1/61/6152dabf14f2bc0e7a7633c7a4547c27e265066ae4fba8421955f4c301e8c008.json,2026-07-21T02:52:26.032Z,2026-07-21T02:52:26.032Z,manual_negative
smoke,negative,loop:fire_smoke_web_candidates_v3,images/review/90b9529451c9d0b1c436d7f6.jpg,pass,YES,0,2,/home/admin1/jgzj/.runtime/yolo_loop/datasets/fire_smoke_web_candidates_v3/images/review/90b9529451c9d0b1c436d7f6.jpg,.runtime/yolo_label_review/manual_annotations_v1/ed/ed607c346646c7820d78bcb3f9f122b186b1277bf8d5c2398d7eaad02dab722c.json,2026-07-21T03:07:00.302Z,2026-07-21T03:07:00.302Z,pass_other_class_or_empty
smoke,negative,loop:fire_smoke_web_candidates_v3,images/review/914c699e3dfae171ed21afc2.jpg,negative,NO,0,0,/home/admin1/jgzj/.runtime/yolo_loop/datasets/fire_smoke_web_candidates_v3/images/review/914c699e3dfae171ed21afc2.jpg,.runtime/yolo_label_review/manual_annotations_v1/88/88adf57a2b30a9edc31c07fffdc51f964cc06aebb4d3475b2f3082d0ccf67980.json,2026-07-21T01:53:54.739Z,2026-07-21T01:53:54.739Z,manual_negative
smoke,negative,loop:fire_smoke_web_candidates_v3,images/review/91a5ed2e3f96e5249e23e86d.jpg,negative,NO,0,0,/home/admin1/jgzj/.runtime/yolo_loop/datasets/fire_smoke_web_candidates_v3/images/review/91a5ed2e3f96e5249e23e86d.jpg,.runtime/yolo_label_review/manual_annotations_v1/b5/b593e6531c9325355bc75af4683a32a549bdd2644a05d0d00a08fcb60831b646.json,2026-07-21T01:54:29.917Z,2026-07-21T01:54:29.917Z,manual_negative
smoke,negative,loop:fire_smoke_web_candidates_v3,images/review/9243d13cd106fd63756d19a9.jpg,negative,NO,0,0,/home/admin1/jgzj/.runtime/yolo_loop/datasets/fire_smoke_web_candidates_v3/images/review/9243d13cd106fd63756d19a9.jpg,.runtime/yolo_label_review/manual_annotations_v1/16/16fdf6d3bd1238bc6f2054e36882c6912a72a32d674c94193fb5b43472aa038c.json,2026-07-27T03:22:22.508Z,2026-07-27T03:22:22.508Z,manual_negative
smoke,negative,loop:fire_smoke_web_candidates_v3,images/review/932540774c1ce435fe4068e1.jpg,negative,NO,0,0,/home/admin1/jgzj/.runtime/yolo_loop/datasets/fire_smoke_web_candidates_v3/images/review/932540774c1ce435fe4068e1.jpg,.runtime/yolo_label_review/manual_annotations_v1/76/76a8134059a94be2b3b93d50de9c860c4b849f10baca91057f44f0539fb64f20.json,2026-07-21T03:03:42.736Z,2026-07-21T03:03:42.736Z,manual_negative
smoke,negative,loop:fire_smoke_web_candidates_v3,images/review/93efbab44a14850eaa4a2b6f.jpg,pass,YES,0,1,/home/admin1/jgzj/.runtime/yolo_loop/datasets/fire_smoke_web_candidates_v3/images/review/93efbab44a14850eaa4a2b6f.jpg,.runtime/yolo_label_review/manual_annotations_v1/3d/3dbc7d871f37237d607b6990f02961e95ccb569296e4ced67d85cb899ab9339c.json,2026-07-27T04:43:36.694Z,2026-07-27T04:43:36.694Z,pass_other_class_or_empty
smoke,negative,loop:fire_smoke_web_candidates_v3,images/review/94cd0a8791f3bb24d2a90989.jpg,negative,NO,0,0,/home/admin1/jgzj/.runtime/yolo_loop/datasets/fire_smoke_web_candidates_v3/images/review/94cd0a8791f3bb24d2a90989.jpg,.runtime/yolo_label_review/manual_annotations_v1/e2/e202fc688bf5b552ef2f374832a1e04502d15ab29d2755dfc72fac738e58d8e3.json,2026-07-27T02:49:44.057Z,2026-07-27T02:49:44.057Z,manual_negative
smoke,negative,loop:fire_smoke_web_candidates_v3,images/review/96059cf86709bb9ef11dd5bb.jpg,negative,NO,0,0,/home/admin1/jgzj/.runtime/yolo_loop/datasets/fire_smoke_web_candidates_v3/images/review/96059cf86709bb9ef11dd5bb.jpg,.runtime/yolo_label_review/manual_annotations_v1/80/8019f354f70f8e2715f3d05bf6df7d7d4a5ae57380c4b66f384f7fc96f7bca1a.json,2026-07-27T03:16:32.270Z,2026-07-27T03:16:32.270Z,manual_negative
smoke,negative,loop:fire_smoke_web_candidates_v3,images/review/97784b3722fd601fbf0f008c.jpg,negative,NO,0,0,/home/admin1/jgzj/.runtime/yolo_loop/datasets/fire_smoke_web_candidates_v3/images/review/97784b3722fd601fbf0f008c.jpg,.runtime/yolo_label_review/manual_annotations_v1/bc/bc6293fe1fea648804670c275dba4a3df9ad2b96c5b010b6f5aac530ec04397f.json,2026-07-27T03:04:11.489Z,2026-07-27T03:04:11.489Z,manual_negative
smoke,negative,loop:fire_smoke_web_candidates_v3,images/review/98deabe5cc79435e5ddb3fc5.jpg,negative,NO,0,0,/home/admin1/jgzj/.runtime/yolo_loop/datasets/fire_smoke_web_candidates_v3/images/review/98deabe5cc79435e5ddb3fc5.jpg,.runtime/yolo_label_review/manual_annotations_v1/48/487a5dd2dd8e247a0717fbc910fce4390c724fd8ef52d3bb7f04a553eaa59b9f.json,2026-07-21T02:38:51.661Z,2026-07-21T02:38:51.661Z,manual_negative
smoke,negative,loop:fire_smoke_web_candidates_v3,images/review/992c942150993d707fcd179f.jpg,negative,NO,0,0,/home/admin1/jgzj/.runtime/yolo_loop/datasets/fire_smoke_web_candidates_v3/images/review/992c942150993d707fcd179f.jpg,.runtime/yolo_label_review/manual_annotations_v1/b4/b4962e3823e5ad7e4a16976f236c04c44f705c509ac3247e9e3e560e7c69ca35.json,2026-07-21T02:14:40.367Z,2026-07-21T02:14:40.367Z,manual_negative
smoke,negative,loop:fire_smoke_web_candidates_v3,images/review/9a41a6312f3d1165306352e1.jpg,negative,NO,0,0,/home/admin1/jgzj/.runtime/yolo_loop/datasets/fire_smoke_web_candidates_v3/images/review/9a41a6312f3d1165306352e1.jpg,.runtime/yolo_label_review/manual_annotations_v1/ab/ab31c0cdb4e17e3e31ea99e01d07fcfd92cf24db15885b87a0ca1fb6c046355a.json,2026-07-21T02:22:09.725Z,2026-07-21T02:22:09.725Z,manual_negative
smoke,negative,loop:fire_smoke_web_candidates_v3,images/review/9ad453c94261ee9514b06c1e.jpg,negative,NO,0,0,/home/admin1/jgzj/.runtime/yolo_loop/datasets/fire_smoke_web_candidates_v3/images/review/9ad453c94261ee9514b06c1e.jpg,.runtime/yolo_label_review/manual_annotations_v1/ef/ef50f317617d433bf1eced39ff65dac9072b5ab76f407b637cd37c7bd546e4e0.json,2026-07-21T01:46:11.111Z,2026-07-21T01:46:11.111Z,manual_negative
smoke,negative,loop:fire_smoke_web_candidates_v3,images/review/9b2856bdd1a60e94edcfb08d.jpg,pass,YES,0,1,/home/admin1/jgzj/.runtime/yolo_loop/datasets/fire_smoke_web_candidates_v3/images/review/9b2856bdd1a60e94edcfb08d.jpg,.runtime/yolo_label_review/manual_annotations_v1/bb/bbf767d208a145d3bbc6d0268ccff48b58358683aed580f62dc81ac5ace02b19.json,2026-07-27T04:30:49.060Z,2026-07-27T04:30:49.060Z,pass_other_class_or_empty
smoke,negative,loop:fire_smoke_web_candidates_v3,images/review/9fd99ea998ef395a69a4669a.jpg,negative,NO,0,0,/home/admin1/jgzj/.runtime/yolo_loop/datasets/fire_smoke_web_candidates_v3/images/review/9fd99ea998ef395a69a4669a.jpg,.runtime/yolo_label_review/manual_annotations_v1/52/52b4fd81bddbbf3dac566c5a9ad1bede865e1274f4c604406561267543be7c62.json,2026-07-27T03:02:30.971Z,2026-07-27T03:02:30.971Z,manual_negative
smoke,negative,loop:fire_smoke_web_candidates_v3,images/review/a1ffdf846d0feb1bf3e3237d.jpg,negative,NO,0,0,/home/admin1/jgzj/.runtime/yolo_loop/datasets/fire_smoke_web_candidates_v3/images/review/a1ffdf846d0feb1bf3e3237d.jpg,.runtime/yolo_label_review/manual_annotations_v1/7b/7bdaa52de9d0aae156a03a5c177de0b2fd3bdcf6e229f2126f9265f8e137685f.json,2026-07-21T01:48:05.852Z,2026-07-21T01:48:05.852Z,manual_negative
smoke,negative,loop:fire_smoke_web_candidates_v3,images/review/a273bef399eda76f50557b38.jpg,negative,NO,0,0,/home/admin1/jgzj/.runtime/yolo_loop/datasets/fire_smoke_web_candidates_v3/images/review/a273bef399eda76f50557b38.jpg,.runtime/yolo_label_review/manual_annotations_v1/88/88793506b1b9cd71fb4440dde1d45efc51826e44b077747d04de6dfcfbed1be9.json,2026-07-21T02:34:46.472Z,2026-07-21T02:34:46.472Z,manual_negative
smoke,negative,loop:fire_smoke_web_candidates_v3,images/review/a331d62c281cf45b732e82d8.jpg,negative,NO,0,0,/home/admin1/jgzj/.runtime/yolo_loop/datasets/fire_smoke_web_candidates_v3/images/review/a331d62c281cf45b732e82d8.jpg,.runtime/yolo_label_review/manual_annotations_v1/02/0294cea1ac26c1d4fc97908f2fda4dc9253d8060e1375fb9e2a3408a818507b1.json,2026-07-27T02:59:15.743Z,2026-07-27T02:59:15.743Z,manual_negative
smoke,negative,loop:fire_smoke_web_candidates_v3,images/review/a4beea7b51a4cdc46ca45ede.jpg,negative,NO,0,0,/home/admin1/jgzj/.runtime/yolo_loop/datasets/fire_smoke_web_candidates_v3/images/review/a4beea7b51a4cdc46ca45ede.jpg,.runtime/yolo_label_review/manual_annotations_v1/aa/aa8fe2e316ecc28b4ffbf4dcb1bc1cb2446ff81678603e28a4ed27ec2d46bce2.json,2026-07-27T02:50:08.068Z,2026-07-27T02:50:08.068Z,manual_negative
smoke,negative,loop:fire_smoke_web_candidates_v3,images/review/a686558b1efd8a10e7cd2cf6.jpg,negative,NO,0,0,/home/admin1/jgzj/.runtime/yolo_loop/datasets/fire_smoke_web_candidates_v3/images/review/a686558b1efd8a10e7cd2cf6.jpg,.runtime/yolo_label_review/manual_annotations_v1/2f/2fd168baab5ece94f871ff14dc5de02691a10b1631fdaa6939a4bbd3ce07f039.json,2026-07-27T04:33:01.056Z,2026-07-27T04:33:01.056Z,manual_negative
smoke,negative,loop:fire_smoke_web_candidates_v3,images/review/a743269f4999fb02ed5b2325.jpg,negative,NO,0,0,/home/admin1/jgzj/.runtime/yolo_loop/datasets/fire_smoke_web_candidates_v3/images/review/a743269f4999fb02ed5b2325.jpg,.runtime/yolo_label_review/manual_annotations_v1/5a/5aac97fe5aa4f90931eb915a42ab473b7b6a4682fa871df5d4dcfcb18e555df7.json,2026-07-21T02:19:41.463Z,2026-07-21T02:19:41.463Z,manual_negative
smoke,negative,loop:fire_smoke_web_candidates_v3,images/review/a8207e04c2bab4b21f95fe39.jpg,negative,NO,0,0,/home/admin1/jgzj/.runtime/yolo_loop/datasets/fire_smoke_web_candidates_v3/images/review/a8207e04c2bab4b21f95fe39.jpg,.runtime/yolo_label_review/manual_annotations_v1/65/650efa4e4e1625e7f572313115a044c2d2030576b793329367952d74b1a032f5.json,2026-07-21T01:55:49.315Z,2026-07-21T01:55:49.315Z,manual_negative
smoke,negative,loop:fire_smoke_web_candidates_v3,images/review/a89e98c39b212813357d194a.jpg,negative,NO,0,0,/home/admin1/jgzj/.runtime/yolo_loop/datasets/fire_smoke_web_candidates_v3/images/review/a89e98c39b212813357d194a.jpg,.runtime/yolo_label_review/manual_annotations_v1/e7/e70de6f97a83afec6618ad8e2e15f0ad242d5b65ab3211ccaaf2032cb0d1c64a.json,2026-07-27T03:17:31.094Z,2026-07-27T03:17:31.094Z,manual_negative
smoke,negative,loop:fire_smoke_web_candidates_v3,images/review/a9094048970c01511d31ccfa.jpg,negative,NO,0,0,/home/admin1/jgzj/.runtime/yolo_loop/datasets/fire_smoke_web_candidates_v3/images/review/a9094048970c01511d31ccfa.jpg,.runtime/yolo_label_review/manual_annotations_v1/b8/b8c298f85c232622a3f614812336c5175ad53274b79ea4c94a494378744e2578.json,2026-07-21T03:16:11.230Z,2026-07-21T03:16:11.230Z,manual_negative
smoke,negative,loop:fire_smoke_web_candidates_v3,images/review/aa7cc54d1f5975ae39718076.jpg,negative,NO,0,0,/home/admin1/jgzj/.runtime/yolo_loop/datasets/fire_smoke_web_candidates_v3/images/review/aa7cc54d1f5975ae39718076.jpg,.runtime/yolo_label_review/manual_annotations_v1/85/85a48e3aaa4e8182fbf7717e7d86829eb451f79e9021b19b5684385f21e0c31d.json,2026-07-21T02:42:50.031Z,2026-07-21T02:42:50.031Z,manual_negative
smoke,negative,loop:fire_smoke_web_candidates_v3,images/review/af81b61b3c704203de7512a1.jpg,negative,NO,0,0,/home/admin1/jgzj/.runtime/yolo_loop/datasets/fire_smoke_web_candidates_v3/images/review/af81b61b3c704203de7512a1.jpg,.runtime/yolo_label_review/manual_annotations_v1/4a/4a3638fb1219eaa001833d385f43b7e493ffa9855d1d203d3006679a5bd7178e.json,2026-07-21T02:19:12.299Z,2026-07-21T02:19:12.299Z,manual_negative
smoke,negative,loop:fire_smoke_web_candidates_v3,images/review/b107ee14a10b692daedc0941.jpg,negative,NO,0,0,/home/admin1/jgzj/.runtime/yolo_loop/datasets/fire_smoke_web_candidates_v3/images/review/b107ee14a10b692daedc0941.jpg,.runtime/yolo_label_review/manual_annotations_v1/a1/a1a613342bbce44c083a1932180ec658a2cd0e3976147dd08ef495cc0ae92920.json,2026-07-27T03:01:11.717Z,2026-07-27T03:01:11.717Z,manual_negative
smoke,negative,loop:fire_smoke_web_candidates_v3,images/review/b207b74b4431d0a3688586e8.jpg,negative,NO,0,0,/home/admin1/jgzj/.runtime/yolo_loop/datasets/fire_smoke_web_candidates_v3/images/review/b207b74b4431d0a3688586e8.jpg,.runtime/yolo_label_review/manual_annotations_v1/ee/ee2b41f35c42d70b3304ca663be7a6a56748d621c3e4f419f5319b4bef0c95e3.json,2026-07-21T03:21:26.727Z,2026-07-21T03:21:26.727Z,manual_negative
smoke,negative,loop:fire_smoke_web_candidates_v3,images/review/b2247b1f6e948eb8cd5f13ca.jpg,negative,NO,0,0,/home/admin1/jgzj/.runtime/yolo_loop/datasets/fire_smoke_web_candidates_v3/images/review/b2247b1f6e948eb8cd5f13ca.jpg,.runtime/yolo_label_review/manual_annotations_v1/c6/c63962b28a81258d991207765a52a5ee65df7502f224707e622dcd214f8fd676.json,2026-07-21T01:45:07.264Z,2026-07-21T01:45:07.264Z,manual_negative
smoke,negative,loop:fire_smoke_web_candidates_v3,images/review/b55cd3b85ea29d5b2e8d263a.jpg,pass,YES,0,1,/home/admin1/jgzj/.runtime/yolo_loop/datasets/fire_smoke_web_candidates_v3/images/review/b55cd3b85ea29d5b2e8d263a.jpg,.runtime/yolo_label_review/manual_annotations_v1/0f/0f8ec8cf7aaf7a15a2ba1f1fdec0a2ed5069c9f110d9af64895ffe01117b5168.json,2026-07-24T02:14:14.007Z,2026-07-24T02:14:14.007Z,pass_other_class_or_empty
smoke,negative,loop:fire_smoke_web_candidates_v3,images/review/b64073d5b95caa9ad6d8bc0a.jpg,negative,NO,0,0,/home/admin1/jgzj/.runtime/yolo_loop/datasets/fire_smoke_web_candidates_v3/images/review/b64073d5b95caa9ad6d8bc0a.jpg,.runtime/yolo_label_review/manual_annotations_v1/fa/faf1b777331d71c17e3d57bb3077eabc6f95de4ec0894ee140e368947001930f.json,2026-07-21T02:29:07.287Z,2026-07-21T02:29:07.287Z,manual_negative
smoke,negative,loop:fire_smoke_web_candidates_v3,images/review/b6aa80c26b364bc1329435a2.jpg,negative,NO,0,0,/home/admin1/jgzj/.runtime/yolo_loop/datasets/fire_smoke_web_candidates_v3/images/review/b6aa80c26b364bc1329435a2.jpg,.runtime/yolo_label_review/manual_annotations_v1/83/834616fe441c31eead561f80232d6ce11f7f6d322a62115765f674d7327c123a.json,2026-07-21T03:15:33.778Z,2026-07-21T03:15:33.778Z,manual_negative
smoke,negative,loop:fire_smoke_web_candidates_v3,images/review/b8f1cda418e0be73eee38e66.jpg,negative,NO,0,0,/home/admin1/jgzj/.runtime/yolo_loop/datasets/fire_smoke_web_candidates_v3/images/review/b8f1cda418e0be73eee38e66.jpg,.runtime/yolo_label_review/manual_annotations_v1/57/57080dd8a192685fc183755b7c05a28da3337738e1dfe7d713d1ae11190e2c2e.json,2026-07-27T02:54:54.153Z,2026-07-27T02:54:54.153Z,manual_negative
smoke,negative,loop:fire_smoke_web_candidates_v3,images/review/bad9b167ca861a731c0507bf.jpg,negative,NO,0,0,/home/admin1/jgzj/.runtime/yolo_loop/datasets/fire_smoke_web_candidates_v3/images/review/bad9b167ca861a731c0507bf.jpg,.runtime/yolo_label_review/manual_annotations_v1/8f/8f35be145d5fb53b8b0d2cb8f49d04a2be9a5c32297afdb961bb50b8001fe51d.json,2026-07-21T01:53:01.907Z,2026-07-21T01:53:01.907Z,manual_negative
smoke,negative,loop:fire_smoke_web_candidates_v3,images/review/bb2c17d5e4d080982e2fa933.jpg,negative,NO,0,0,/home/admin1/jgzj/.runtime/yolo_loop/datasets/fire_smoke_web_candidates_v3/images/review/bb2c17d5e4d080982e2fa933.jpg,.runtime/yolo_label_review/manual_annotations_v1/87/87a7911a677274cd6ca4bfc9cc510abbfb28884e3b0a58ba03f6f65a6d27fdfd.json,2026-07-21T03:17:44.451Z,2026-07-21T03:17:44.451Z,manual_negative
smoke,negative,loop:fire_smoke_web_candidates_v3,images/review/bb389f6646a2bc29b453fea7.jpg,negative,NO,0,0,/home/admin1/jgzj/.runtime/yolo_loop/datasets/fire_smoke_web_candidates_v3/images/review/bb389f6646a2bc29b453fea7.jpg,.runtime/yolo_label_review/manual_annotations_v1/7b/7bde670ed136a7209ac1980a1dd68c385e7ce06be7df595578f83deed15054e2.json,2026-07-21T02:21:55.049Z,2026-07-21T02:21:55.049Z,manual_negative
smoke,negative,loop:fire_smoke_web_candidates_v3,images/review/bc00ec84baff42d6e613e09b.jpg,negative,NO,0,0,/home/admin1/jgzj/.runtime/yolo_loop/datasets/fire_smoke_web_candidates_v3/images/review/bc00ec84baff42d6e613e09b.jpg,.runtime/yolo_label_review/manual_annotations_v1/89/8978eb76666366bb4efd194fa80c94e9236d502e3b0ab1d1b35a946db872c0c5.json,2026-07-21T02:18:05.151Z,2026-07-21T02:18:05.151Z,manual_negative
smoke,negative,loop:fire_smoke_web_candidates_v3,images/review/bd04d38da3304e1ccd0139e3.jpg,negative,NO,0,0,/home/admin1/jgzj/.runtime/yolo_loop/datasets/fire_smoke_web_candidates_v3/images/review/bd04d38da3304e1ccd0139e3.jpg,.runtime/yolo_label_review/manual_annotations_v1/55/55db0bd4ca15ad36cc4571e23f0a3ee8b7c8122d5283f248974339a725366850.json,2026-07-21T02:38:44.908Z,2026-07-21T02:38:44.908Z,manual_negative
smoke,negative,loop:fire_smoke_web_candidates_v3,images/review/be39d2113f9235792242d2b3.jpg,negative,NO,0,0,/home/admin1/jgzj/.runtime/yolo_loop/datasets/fire_smoke_web_candidates_v3/images/review/be39d2113f9235792242d2b3.jpg,.runtime/yolo_label_review/manual_annotations_v1/bc/bc35ecc6e9b4be8e30092a507badb3ed16a32b2355cffc4fc526f73c837f87da.json,2026-07-21T03:13:05.149Z,2026-07-21T03:13:05.149Z,manual_negative
smoke,negative,loop:fire_smoke_web_candidates_v3,images/review/becdb17a88110e42feadcc56.jpg,negative,NO,0,0,/home/admin1/jgzj/.runtime/yolo_loop/datasets/fire_smoke_web_candidates_v3/images/review/becdb17a88110e42feadcc56.jpg,.runtime/yolo_label_review/manual_annotations_v1/61/61e336a338d078bac14d27b2e6675ac90c290356a2924a16dccdda7449c12867.json,2026-07-21T01:47:14.326Z,2026-07-21T01:47:14.326Z,manual_negative
smoke,negative,loop:fire_smoke_web_candidates_v3,images/review/bfd8094ada969d9e2f0d3688.jpg,negative,NO,0,0,/home/admin1/jgzj/.runtime/yolo_loop/datasets/fire_smoke_web_candidates_v3/images/review/bfd8094ada969d9e2f0d3688.jpg,.runtime/yolo_label_review/manual_annotations_v1/33/33671e6fc953ae7c56f8c75c6fa4be11e1e3161e045fd62d949f943a64b2d167.json,2026-07-21T02:28:21.891Z,2026-07-21T02:28:21.891Z,manual_negative
smoke,negative,loop:fire_smoke_web_candidates_v3,images/review/c0e9921016bbd059f4b1714a.jpg,negative,NO,0,0,/home/admin1/jgzj/.runtime/yolo_loop/datasets/fire_smoke_web_candidates_v3/images/review/c0e9921016bbd059f4b1714a.jpg,.runtime/yolo_label_review/manual_annotations_v1/fb/fb3df89b9d91a9560c42ae19a7f793f6ae042035c824fb2a446702bfe6e98dc9.json,2026-07-21T03:07:24.020Z,2026-07-21T03:07:24.020Z,manual_negative
smoke,negative,loop:fire_smoke_web_candidates_v3,images/review/c17f2ea212ad8e1587849e4e.jpg,pass,YES,0,1,/home/admin1/jgzj/.runtime/yolo_loop/datasets/fire_smoke_web_candidates_v3/images/review/c17f2ea212ad8e1587849e4e.jpg,.runtime/yolo_label_review/manual_annotations_v1/90/90abebcc75d2b60f5f252f611e286b594b333b5004b8d0a454507b245827e550.json,2026-07-27T03:00:35.744Z,2026-07-27T03:00:35.744Z,pass_other_class_or_empty
smoke,negative,loop:fire_smoke_web_candidates_v3,images/review/c1f472fbd22c0a6cb3e14e45.jpg,negative,NO,0,0,/home/admin1/jgzj/.runtime/yolo_loop/datasets/fire_smoke_web_candidates_v3/images/review/c1f472fbd22c0a6cb3e14e45.jpg,.runtime/yolo_label_review/manual_annotations_v1/01/0165367b651ecdbd6248686a00d4a3f3b1d031269c232106901f7b73f7879e4a.json,2026-07-21T03:20:46.684Z,2026-07-21T03:20:46.684Z,manual_negative
smoke,negative,loop:fire_smoke_web_candidates_v3,images/review/c1f8aaf95c8f173a493bd9e9.jpg,negative,NO,0,0,/home/admin1/jgzj/.runtime/yolo_loop/datasets/fire_smoke_web_candidates_v3/images/review/c1f8aaf95c8f173a493bd9e9.jpg,.runtime/yolo_label_review/manual_annotations_v1/9c/9cc61d6455d6dd86712a20f2a8170ceeb3a27945c91b20d5c74df22a7a6ec513.json,2026-07-21T02:33:06.707Z,2026-07-21T02:33:06.707Z,manual_negative
smoke,negative,loop:fire_smoke_web_candidates_v3,images/review/c233ca084abccf427a3044d1.jpg,negative,NO,0,0,/home/admin1/jgzj/.runtime/yolo_loop/datasets/fire_smoke_web_candidates_v3/images/review/c233ca084abccf427a3044d1.jpg,.runtime/yolo_label_review/manual_annotations_v1/63/634f32684be61cc858475344d69bb25fd1480fe0d89a12954fe2eef44126d6f3.json,2026-07-21T03:18:51.729Z,2026-07-21T03:18:51.729Z,manual_negative
smoke,negative,loop:fire_smoke_web_candidates_v3,images/review/c35da4bea599e0e413915db4.jpg,negative,NO,0,0,/home/admin1/jgzj/.runtime/yolo_loop/datasets/fire_smoke_web_candidates_v3/images/review/c35da4bea599e0e413915db4.jpg,.runtime/yolo_label_review/manual_annotations_v1/08/087141948228b8cff7cc5bad1970c5c020f939622b86646580d8906e209a993b.json,2026-07-21T02:15:13.168Z,2026-07-21T02:15:13.168Z,manual_negative
smoke,negative,loop:fire_smoke_web_candidates_v3,images/review/c4748f2d23d5f008371e6205.jpg,negative,NO,0,0,/home/admin1/jgzj/.runtime/yolo_loop/datasets/fire_smoke_web_candidates_v3/images/review/c4748f2d23d5f008371e6205.jpg,.runtime/yolo_label_review/manual_annotations_v1/e6/e6918ec838d5bd285c2c75430a77fefeee3a877def31ba8e1a270d9042c6f920.json,2026-07-21T01:47:48.081Z,2026-07-21T01:47:48.081Z,manual_negative
smoke,negative,loop:fire_smoke_web_candidates_v3,images/review/c7d0669f57b7b32dee15d896.jpg,negative,NO,0,0,/home/admin1/jgzj/.runtime/yolo_loop/datasets/fire_smoke_web_candidates_v3/images/review/c7d0669f57b7b32dee15d896.jpg,.runtime/yolo_label_review/manual_annotations_v1/3e/3ef51793903f83ea2a807de1531e1a3510a4eec9db419dd359919fc46f3c2cc7.json,2026-07-21T02:22:15.479Z,2026-07-21T02:22:15.479Z,manual_negative
smoke,negative,loop:fire_smoke_web_candidates_v3,images/review/c7e859e8da3c093156104500.jpg,negative,NO,0,0,/home/admin1/jgzj/.runtime/yolo_loop/datasets/fire_smoke_web_candidates_v3/images/review/c7e859e8da3c093156104500.jpg,.runtime/yolo_label_review/manual_annotations_v1/31/31d04d61b4757b07a69d2f21cf2eb80bac55b9fe50f4bbb20ddc67dac76ce16a.json,2026-07-21T01:45:55.012Z,2026-07-21T01:45:55.012Z,manual_negative
smoke,negative,loop:fire_smoke_web_candidates_v3,images/review/c814bfa327a57d8337d98e24.jpg,pass,YES,0,1,/home/admin1/jgzj/.runtime/yolo_loop/datasets/fire_smoke_web_candidates_v3/images/review/c814bfa327a57d8337d98e24.jpg,.runtime/yolo_label_review/manual_annotations_v1/81/81f744f51829733e6f4452d2f434e4123c6bc1d6c1f003528d5f45a0d0e0aff1.json,2026-07-27T04:27:02.011Z,2026-07-27T04:27:02.011Z,pass_other_class_or_empty
smoke,negative,loop:fire_smoke_web_candidates_v3,images/review/ca05e870cf44d30252e31e8a.jpg,negative,NO,0,0,/home/admin1/jgzj/.runtime/yolo_loop/datasets/fire_smoke_web_candidates_v3/images/review/ca05e870cf44d30252e31e8a.jpg,.runtime/yolo_label_review/manual_annotations_v1/e6/e63b80f987efb5bdcdb67d0bc6927c2bacffc57464c0f54b9ef4a111518958ef.json,2026-07-21T01:53:47.619Z,2026-07-21T01:53:47.619Z,manual_negative
smoke,negative,loop:fire_smoke_web_candidates_v3,images/review/cc84e7c658f88e0ec615c40f.jpg,negative,NO,0,0,/home/admin1/jgzj/.runtime/yolo_loop/datasets/fire_smoke_web_candidates_v3/images/review/cc84e7c658f88e0ec615c40f.jpg,.runtime/yolo_label_review/manual_annotations_v1/0b/0b080378eb0e3b65be73871c920548ec74010e27b377600edbc82bd8bd4cd234.json,2026-07-21T03:07:29.114Z,2026-07-21T03:07:29.114Z,manual_negative
smoke,negative,loop:fire_smoke_web_candidates_v3,images/review/cea262fc12051b41426ef646.jpg,negative,NO,0,0,/home/admin1/jgzj/.runtime/yolo_loop/datasets/fire_smoke_web_candidates_v3/images/review/cea262fc12051b41426ef646.jpg,.runtime/yolo_label_review/manual_annotations_v1/03/03b891f863b8435caa3e04b66d3c8a42ff55910a532f35c6530daa76ae69cabc.json,2026-07-21T02:50:48.503Z,2026-07-21T02:50:48.503Z,manual_negative
smoke,negative,loop:fire_smoke_web_candidates_v3,images/review/d02036f840c8be22bd006053.jpg,negative,NO,0,0,/home/admin1/jgzj/.runtime/yolo_loop/datasets/fire_smoke_web_candidates_v3/images/review/d02036f840c8be22bd006053.jpg,.runtime/yolo_label_review/manual_annotations_v1/f7/f786c29aeea098bb73cfd52f84937e40017dfad16587c06a99a9697e0c0f3f6d.json,2026-07-27T02:38:21.120Z,2026-07-27T02:38:21.120Z,manual_negative
smoke,negative,loop:fire_smoke_web_candidates_v3,images/review/d1c8dff25ffee88ae2ba8b71.jpg,negative,NO,0,0,/home/admin1/jgzj/.runtime/yolo_loop/datasets/fire_smoke_web_candidates_v3/images/review/d1c8dff25ffee88ae2ba8b71.jpg,.runtime/yolo_label_review/manual_annotations_v1/c9/c9043cbb04aeb5a872dcd2c42988ec9e776470ae92b1d45502db5005bb6a4ba7.json,2026-07-24T01:27:29.127Z,2026-07-24T01:27:29.127Z,manual_negative
smoke,negative,loop:fire_smoke_web_candidates_v3,images/review/d43fa83f5e462991cedb3082.jpg,negative,NO,0,0,/home/admin1/jgzj/.runtime/yolo_loop/datasets/fire_smoke_web_candidates_v3/images/review/d43fa83f5e462991cedb3082.jpg,.runtime/yolo_label_review/manual_annotations_v1/a3/a39006fae2aa678bef24852fa5c1e1e22818e3c294d3c3ac9c9c173819319256.json,2026-07-21T03:07:38.820Z,2026-07-21T03:07:38.820Z,manual_negative
smoke,negative,loop:fire_smoke_web_candidates_v3,images/review/d7ceb51cb81becc07fbe3793.jpg,negative,NO,0,0,/home/admin1/jgzj/.runtime/yolo_loop/datasets/fire_smoke_web_candidates_v3/images/review/d7ceb51cb81becc07fbe3793.jpg,.runtime/yolo_label_review/manual_annotations_v1/1f/1fc0ac3ca98f1cadc5cad10c7dd48b45a482c9c1555a5bb5243ecc73db75c47f.json,2026-07-27T02:49:48.714Z,2026-07-27T02:49:48.714Z,manual_negative
smoke,negative,loop:fire_smoke_web_candidates_v3,images/review/d9e96a6e5fe6da58ef8ac342.jpg,pass,YES,0,1,/home/admin1/jgzj/.runtime/yolo_loop/datasets/fire_smoke_web_candidates_v3/images/review/d9e96a6e5fe6da58ef8ac342.jpg,.runtime/yolo_label_review/manual_annotations_v1/a7/a75d79994a5291248003f871f6b0fa1a0c1fb559aed08688a49bdcf0e61f14a6.json,2026-07-27T03:00:07.509Z,2026-07-27T03:00:07.509Z,pass_other_class_or_empty
smoke,negative,loop:fire_smoke_web_candidates_v3,images/review/daa5eea35a7429356a0992da.jpg,pass,YES,0,1,/home/admin1/jgzj/.runtime/yolo_loop/datasets/fire_smoke_web_candidates_v3/images/review/daa5eea35a7429356a0992da.jpg,.runtime/yolo_label_review/manual_annotations_v1/bd/bd2615bd6b4ea5fa8b7f0fb330446d83cf078ac8b4402644d197fb9575b80809.json,2026-07-27T04:41:08.799Z,2026-07-27T04:41:08.799Z,pass_other_class_or_empty
smoke,negative,loop:fire_smoke_web_candidates_v3,images/review/dba912459a2f9440edc242a1.jpg,negative,NO,0,0,/home/admin1/jgzj/.runtime/yolo_loop/datasets/fire_smoke_web_candidates_v3/images/review/dba912459a2f9440edc242a1.jpg,.runtime/yolo_label_review/manual_annotations_v1/79/79203da04b4fbb8c73937716db69f86d93487fae2af905dc149e362544358c74.json,2026-07-21T03:14:24.174Z,2026-07-21T03:14:24.174Z,manual_negative
smoke,negative,loop:fire_smoke_web_candidates_v3,images/review/dd8fa440e459bfa82b62698a.jpg,pass,YES,0,1,/home/admin1/jgzj/.runtime/yolo_loop/datasets/fire_smoke_web_candidates_v3/images/review/dd8fa440e459bfa82b62698a.jpg,.runtime/yolo_label_review/manual_annotations_v1/62/62223982cdace9d3eeed6ec0ac5288ff85e8b2e8b23f6e5203d823716112d482.json,2026-07-21T03:17:20.071Z,2026-07-21T03:17:20.071Z,pass_other_class_or_empty
smoke,negative,loop:fire_smoke_web_candidates_v3,images/review/de313cc0ce73472b501a29d9.jpg,negative,NO,0,0,/home/admin1/jgzj/.runtime/yolo_loop/datasets/fire_smoke_web_candidates_v3/images/review/de313cc0ce73472b501a29d9.jpg,.runtime/yolo_label_review/manual_annotations_v1/45/45712c54f235f95324c3afdc3821e00b0e14631962f037337ac743b4e39f551f.json,2026-07-21T02:25:35.746Z,2026-07-21T02:25:35.746Z,manual_negative
smoke,negative,loop:fire_smoke_web_candidates_v3,images/review/dfcfd5961128568c21cbb809.jpg,pass,YES,0,1,/home/admin1/jgzj/.runtime/yolo_loop/datasets/fire_smoke_web_candidates_v3/images/review/dfcfd5961128568c21cbb809.jpg,.runtime/yolo_label_review/manual_annotations_v1/10/10d42fb03e36bb9e7610cb31df8926fa4016fb0ed20c6de25b3a7f3f2405bfc1.json,2026-07-21T03:17:31.743Z,2026-07-21T03:17:31.743Z,pass_other_class_or_empty
smoke,negative,loop:fire_smoke_web_candidates_v3,images/review/e11af2a436b6120966c90e2b.jpg,negative,NO,0,0,/home/admin1/jgzj/.runtime/yolo_loop/datasets/fire_smoke_web_candidates_v3/images/review/e11af2a436b6120966c90e2b.jpg,.runtime/yolo_label_review/manual_annotations_v1/45/45c1d6f1b7d6a16e295a5646408b8b7c22671256e4cd94c04df8d1cbc63aad78.json,2026-07-21T02:34:34.760Z,2026-07-21T02:34:34.760Z,manual_negative
smoke,negative,loop:fire_smoke_web_candidates_v3,images/review/e264f62a040f7a6e5e04c88c.jpg,negative,NO,0,0,/home/admin1/jgzj/.runtime/yolo_loop/datasets/fire_smoke_web_candidates_v3/images/review/e264f62a040f7a6e5e04c88c.jpg,.runtime/yolo_label_review/manual_annotations_v1/67/676bff4539a17a607b83c4ec631a38c9a6cb210dee923d7dbaa2ab4e0fb76208.json,2026-07-21T01:45:16.402Z,2026-07-21T01:45:16.402Z,manual_negative
smoke,negative,loop:fire_smoke_web_candidates_v3,images/review/e26c38328bebbc70ff0dbe4d.jpg,negative,NO,0,0,/home/admin1/jgzj/.runtime/yolo_loop/datasets/fire_smoke_web_candidates_v3/images/review/e26c38328bebbc70ff0dbe4d.jpg,.runtime/yolo_label_review/manual_annotations_v1/b5/b5a7a02aae289a32ec7b368ce9f0006681e5c4f0d2ceb3807379ef4e8c638257.json,2026-07-21T02:35:03.805Z,2026-07-21T02:35:03.805Z,manual_negative
smoke,negative,loop:fire_smoke_web_candidates_v3,images/review/e3e8bfe728d7d10d5d9ab165.jpg,negative,NO,0,0,/home/admin1/jgzj/.runtime/yolo_loop/datasets/fire_smoke_web_candidates_v3/images/review/e3e8bfe728d7d10d5d9ab165.jpg,.runtime/yolo_label_review/manual_annotations_v1/c7/c79da886b63fde0d8e9bb3abb02f04432516318f7dc5d99e6322820b335e8f8a.json,2026-07-21T02:30:49.825Z,2026-07-21T02:30:49.825Z,manual_negative
smoke,negative,loop:fire_smoke_web_candidates_v3,images/review/e5ba4aaf342d8eeb44248ba5.jpg,negative,NO,0,0,/home/admin1/jgzj/.runtime/yolo_loop/datasets/fire_smoke_web_candidates_v3/images/review/e5ba4aaf342d8eeb44248ba5.jpg,.runtime/yolo_label_review/manual_annotations_v1/b7/b7c2e18cc736f0d378addbfc525b8cf6080210ff5682bd401f4ce8da1a126c4d.json,2026-07-21T02:14:45.209Z,2026-07-21T02:14:45.209Z,manual_negative
smoke,negative,loop:fire_smoke_web_candidates_v3,images/review/e60af0ee32d859689130b137.jpg,negative,NO,0,0,/home/admin1/jgzj/.runtime/yolo_loop/datasets/fire_smoke_web_candidates_v3/images/review/e60af0ee32d859689130b137.jpg,.runtime/yolo_label_review/manual_annotations_v1/5d/5d5f4cd512a3eaf3f53e841f408fae68a7697385e49ee433b694385432864576.json,2026-07-27T03:16:08.135Z,2026-07-27T03:16:08.135Z,manual_negative
smoke,negative,loop:fire_smoke_web_candidates_v3,images/review/e9bd106eed19fe94a120de62.jpg,pass,YES,0,1,/home/admin1/jgzj/.runtime/yolo_loop/datasets/fire_smoke_web_candidates_v3/images/review/e9bd106eed19fe94a120de62.jpg,.runtime/yolo_label_review/manual_annotations_v1/f1/f1c41cc2f639e1b0c7162c4f0a6e3e19c1a238c81086be220d95c031a16f63b8.json,2026-07-27T02:51:40.870Z,2026-07-27T02:51:40.870Z,pass_other_class_or_empty
smoke,negative,loop:fire_smoke_web_candidates_v3,images/review/ebd145abb33cee0b3813cef4.jpg,pass,YES,0,2,/home/admin1/jgzj/.runtime/yolo_loop/datasets/fire_smoke_web_candidates_v3/images/review/ebd145abb33cee0b3813cef4.jpg,.runtime/yolo_label_review/manual_annotations_v1/90/902f9e49c1e6f966dfd53f9e5d8257dc03ba17bead55a43a77427eb649c5ca38.json,2026-07-21T02:49:44.000Z,2026-07-21T02:49:44.000Z,pass_other_class_or_empty
smoke,negative,loop:fire_smoke_web_candidates_v3,images/review/ecd842a23241fcfc4d90dd2f.jpg,negative,NO,0,0,/home/admin1/jgzj/.runtime/yolo_loop/datasets/fire_smoke_web_candidates_v3/images/review/ecd842a23241fcfc4d90dd2f.jpg,.runtime/yolo_label_review/manual_annotations_v1/8e/8e85df9bcff221df60c33943b7b9bd43e63c12559b6f5778e2ab3ea8ec5f8f86.json,2026-07-21T02:34:12.963Z,2026-07-21T02:34:12.963Z,manual_negative
smoke,negative,loop:fire_smoke_web_candidates_v3,images/review/ed525405f757bad9e9b2aeac.jpg,negative,NO,0,0,/home/admin1/jgzj/.runtime/yolo_loop/datasets/fire_smoke_web_candidates_v3/images/review/ed525405f757bad9e9b2aeac.jpg,.runtime/yolo_label_review/manual_annotations_v1/6b/6b59fe747065c3b5b43769af8fc81b267c09ba1d5779853c4f3ef72208595e01.json,2026-07-27T04:25:24.572Z,2026-07-27T04:25:24.572Z,manual_negative
smoke,negative,loop:fire_smoke_web_candidates_v3,images/review/ee421d23323009618214637f.jpg,negative,NO,0,0,/home/admin1/jgzj/.runtime/yolo_loop/datasets/fire_smoke_web_candidates_v3/images/review/ee421d23323009618214637f.jpg,.runtime/yolo_label_review/manual_annotations_v1/5b/5b693aacfc5403b88c7fab2a3518cd0c4187c3f385bd013c79b96609c8bd6e6f.json,2026-07-21T03:16:32.367Z,2026-07-21T03:16:32.367Z,manual_negative
smoke,negative,loop:fire_smoke_web_candidates_v3,images/review/eee4624212d8b26388e9ae13.jpg,negative,NO,0,0,/home/admin1/jgzj/.runtime/yolo_loop/datasets/fire_smoke_web_candidates_v3/images/review/eee4624212d8b26388e9ae13.jpg,.runtime/yolo_label_review/manual_annotations_v1/22/22b02df136502c8a2412135d8d353ac288011a729f72084ed1179f7cef3fb936.json,2026-07-21T02:37:33.190Z,2026-07-21T02:37:33.190Z,manual_negative
smoke,negative,loop:fire_smoke_web_candidates_v3,images/review/f01152679ac6fa18102862e6.jpg,negative,NO,0,0,/home/admin1/jgzj/.runtime/yolo_loop/datasets/fire_smoke_web_candidates_v3/images/review/f01152679ac6fa18102862e6.jpg,.runtime/yolo_label_review/manual_annotations_v1/6a/6a82ba906fc049e1b1a6ce556163b1fc1eaba3de24e7470b3dbd3b2f25f9831c.json,2026-07-27T02:55:48.221Z,2026-07-27T02:55:48.221Z,manual_negative
smoke,negative,loop:fire_smoke_web_candidates_v3,images/review/f0728553df2f2e43ad5f98cf.jpg,pass,YES,0,1,/home/admin1/jgzj/.runtime/yolo_loop/datasets/fire_smoke_web_candidates_v3/images/review/f0728553df2f2e43ad5f98cf.jpg,.runtime/yolo_label_review/manual_annotations_v1/25/25da789673add5267143624df7030b5d3495bcaa9eae39de26f3c8d1070e65f7.json,2026-07-27T04:14:48.935Z,2026-07-27T04:14:48.935Z,pass_other_class_or_empty
smoke,negative,loop:fire_smoke_web_candidates_v3,images/review/f1d2d31c9df5c7c696129d0f.jpg,pass,YES,0,1,/home/admin1/jgzj/.runtime/yolo_loop/datasets/fire_smoke_web_candidates_v3/images/review/f1d2d31c9df5c7c696129d0f.jpg,.runtime/yolo_label_review/manual_annotations_v1/28/2835c92f8868727a275b274e5fea83ea88444d66acb0e1a8df1673f92116fe50.json,2026-07-27T02:38:47.579Z,2026-07-27T02:38:47.579Z,pass_other_class_or_empty
smoke,negative,loop:fire_smoke_web_candidates_v3,images/review/f1ee86c90cea94dd7a4135dc.jpg,negative,NO,0,0,/home/admin1/jgzj/.runtime/yolo_loop/datasets/fire_smoke_web_candidates_v3/images/review/f1ee86c90cea94dd7a4135dc.jpg,.runtime/yolo_label_review/manual_annotations_v1/74/74dcb9990b6e13871724f9c20d44a20521f751e0c01c3f13f81935c836968c62.json,2026-07-21T03:01:10.971Z,2026-07-21T03:01:10.971Z,manual_negative
smoke,negative,loop:fire_smoke_web_candidates_v3,images/review/f27637e4c63a746348a5eeab.jpg,negative,NO,0,0,/home/admin1/jgzj/.runtime/yolo_loop/datasets/fire_smoke_web_candidates_v3/images/review/f27637e4c63a746348a5eeab.jpg,.runtime/yolo_label_review/manual_annotations_v1/eb/ebfd7428f0a2d122e5be1b45baf02472cf0ebefadb845ac0c88138c5ce6e5779.json,2026-07-21T02:20:35.135Z,2026-07-21T02:20:35.135Z,manual_negative
smoke,negative,loop:fire_smoke_web_candidates_v3,images/review/f2999bb1af600dd73c7f5827.jpg,negative,NO,0,0,/home/admin1/jgzj/.runtime/yolo_loop/datasets/fire_smoke_web_candidates_v3/images/review/f2999bb1af600dd73c7f5827.jpg,.runtime/yolo_label_review/manual_annotations_v1/1b/1b55621194534880d35777ac1562ce4ec27857d78ccd1718eaa5d6d0d576ae68.json,2026-07-21T02:21:43.873Z,2026-07-21T02:21:43.873Z,manual_negative
smoke,negative,loop:fire_smoke_web_candidates_v3,images/review/f375b5b518962c7f67ee12b4.jpg,negative,NO,0,0,/home/admin1/jgzj/.runtime/yolo_loop/datasets/fire_smoke_web_candidates_v3/images/review/f375b5b518962c7f67ee12b4.jpg,.runtime/yolo_label_review/manual_annotations_v1/6a/6af22eebabe7e5e54ce471f3171bd059f3bdcf93458f72625643b3f7a422661b.json,2026-07-27T02:53:35.310Z,2026-07-27T02:53:35.310Z,manual_negative
smoke,negative,loop:fire_smoke_web_candidates_v3,images/review/f4f551273205d6fbc7c64312.jpg,negative,NO,0,0,/home/admin1/jgzj/.runtime/yolo_loop/datasets/fire_smoke_web_candidates_v3/images/review/f4f551273205d6fbc7c64312.jpg,.runtime/yolo_label_review/manual_annotations_v1/46/468d3772d64dba12680faf620c40f1cdad7d9a71ef17560c68db648690cdf221.json,2026-07-21T01:55:53.980Z,2026-07-21T01:55:53.980Z,manual_negative
smoke,negative,loop:fire_smoke_web_candidates_v3,images/review/f5ed3fdf55c4f8b135293bac.jpg,negative,NO,0,0,/home/admin1/jgzj/.runtime/yolo_loop/datasets/fire_smoke_web_candidates_v3/images/review/f5ed3fdf55c4f8b135293bac.jpg,.runtime/yolo_label_review/manual_annotations_v1/9d/9d6f173eaec90994bf32c6f4a384769b767e7f0a03e3c3b6d0a18c673d632a4b.json,2026-07-21T03:11:05.021Z,2026-07-21T03:11:05.021Z,manual_negative
smoke,negative,loop:fire_smoke_web_candidates_v3,images/review/f61ece85a5550b08fed334e4.jpg,negative,NO,0,0,/home/admin1/jgzj/.runtime/yolo_loop/datasets/fire_smoke_web_candidates_v3/images/review/f61ece85a5550b08fed334e4.jpg,.runtime/yolo_label_review/manual_annotations_v1/eb/eb7e890c920be644c23d6a9348902f6430151cce57cbeef37228946439695e4b.json,2026-07-27T02:46:31.499Z,2026-07-27T02:46:31.499Z,manual_negative
smoke,negative,loop:fire_smoke_web_candidates_v3,images/review/f7cca586af775d1f4c7f6dc3.jpg,negative,NO,0,0,/home/admin1/jgzj/.runtime/yolo_loop/datasets/fire_smoke_web_candidates_v3/images/review/f7cca586af775d1f4c7f6dc3.jpg,.runtime/yolo_label_review/manual_annotations_v1/37/37f543b5c0743e71a10dd74a1d6cb4a744dc9ae5b38e1abbb8254d868b91b255.json,2026-07-21T02:49:14.116Z,2026-07-21T02:49:14.116Z,manual_negative
smoke,negative,loop:fire_smoke_web_candidates_v3,images/review/f89b1fcdaaf3e5911069617b.jpg,negative,NO,0,0,/home/admin1/jgzj/.runtime/yolo_loop/datasets/fire_smoke_web_candidates_v3/images/review/f89b1fcdaaf3e5911069617b.jpg,.runtime/yolo_label_review/manual_annotations_v1/60/602cfdabad4d45b9f854edcab392e3a5cbeffaca5bef9092dcaf663274423f5e.json,2026-07-21T02:19:23.548Z,2026-07-21T02:19:23.548Z,manual_negative
smoke,negative,loop:fire_smoke_web_candidates_v3,images/review/fadb323a97e7b709e8de15a8.jpg,negative,NO,0,0,/home/admin1/jgzj/.runtime/yolo_loop/datasets/fire_smoke_web_candidates_v3/images/review/fadb323a97e7b709e8de15a8.jpg,.runtime/yolo_label_review/manual_annotations_v1/07/0701917c2b1dd28b1cdd64908a1718ed09830752da1176c25eeee8855605d14d.json,2026-07-27T04:46:53.344Z,2026-07-27T04:46:53.344Z,manual_negative
smoke,negative,loop:fire_smoke_web_candidates_v3,images/review/fbd668e46684bc43666e7921.jpg,negative,NO,0,0,/home/admin1/jgzj/.runtime/yolo_loop/datasets/fire_smoke_web_candidates_v3/images/review/fbd668e46684bc43666e7921.jpg,.runtime/yolo_label_review/manual_annotations_v1/8a/8a291618f5a69f1fe90adce09178d395fd571ddc9a4a84b08e49d4dbb710cfd1.json,2026-07-21T02:22:21.476Z,2026-07-21T02:22:21.476Z,manual_negative
smoke,negative,loop:fire_smoke_web_candidates_v3,images/review/fc41c513069aeacddfb35c27.jpg,negative,NO,0,0,/home/admin1/jgzj/.runtime/yolo_loop/datasets/fire_smoke_web_candidates_v3/images/review/fc41c513069aeacddfb35c27.jpg,.runtime/yolo_label_review/manual_annotations_v1/3d/3dc806a209a68df6b42a53e1bcc3671c37aaf70bc85c333dc17ffa17c6a38523.json,2026-07-21T03:21:04.342Z,2026-07-21T03:21:04.342Z,manual_negative
smoke,negative,loop:fire_smoke_web_candidates_v3,images/review/fccf657fdeae29afb4610af4.jpg,negative,NO,0,0,/home/admin1/jgzj/.runtime/yolo_loop/datasets/fire_smoke_web_candidates_v3/images/review/fccf657fdeae29afb4610af4.jpg,.runtime/yolo_label_review/manual_annotations_v1/21/2101fa6319d722942df52581df61cf343705138b9d41aa927729e7dcc42d0d21.json,2026-07-21T01:53:06.983Z,2026-07-21T01:53:06.983Z,manual_negative
smoke,negative,loop:fire_smoke_web_candidates_v3,images/review/fda33fd4f06581adc6aa4984.jpg,negative,NO,0,0,/home/admin1/jgzj/.runtime/yolo_loop/datasets/fire_smoke_web_candidates_v3/images/review/fda33fd4f06581adc6aa4984.jpg,.runtime/yolo_label_review/manual_annotations_v1/54/54704e262c20b47d5e361263bde5b88e7c79cbb885e89206b0d3c1a86280d581.json,2026-07-21T02:30:57.726Z,2026-07-21T02:30:57.726Z,manual_negative
smoke,negative,loop:fire_smoke_web_candidates_v3,images/review/fda5a1bcf265f1e4873eac87.jpg,pass,YES,0,1,/home/admin1/jgzj/.runtime/yolo_loop/datasets/fire_smoke_web_candidates_v3/images/review/fda5a1bcf265f1e4873eac87.jpg,.runtime/yolo_label_review/manual_annotations_v1/04/04a80b4c5b2d6dde8ba09416d43e55443de1da65bcf0a2018349ef1c7f8be553.json,2026-07-21T03:16:06.948Z,2026-07-21T03:16:06.948Z,pass_other_class_or_empty
smoke,negative,loop:fire_smoke_web_candidates_v3,images/review/ff3762d082a77f4af1a0f70d.jpg,negative,NO,0,0,/home/admin1/jgzj/.runtime/yolo_loop/datasets/fire_smoke_web_candidates_v3/images/review/ff3762d082a77f4af1a0f70d.jpg,.runtime/yolo_label_review/manual_annotations_v1/3c/3cebe99cc28af44b8d3a6bda5a01c71b25e03ae99c7807859546365934847a50.json,2026-07-27T02:54:41.432Z,2026-07-27T02:54:41.432Z,manual_negative
