class_name,kind,dataset_id,item_key,review_verdict,answer,class_box_count,label_count,source_image_path,annotation_path,updated_at,reviewed_at
smoke,positive,loop:finetune_v2,images/test/event_feedback_001411_smoke_a1692b1b0c7f9a92.jpg,pass,YES,1,1,/home/admin1/jgzj/.runtime/yolo_loop/datasets/finetune_v2/images/test/event_feedback_001411_smoke_a1692b1b0c7f9a92.jpg,.runtime/yolo_label_review/manual_annotations_v1/7e/7ea4e13565d45d737f79e80f2d60b970ed9e7af43c7ab78dd7450746a1049052.json,2026-07-24T08:40:26.587Z,2026-07-24T08:40:26.587Z
smoke,positive,loop:finetune_v2,images/test/event_feedback_001413_smoke_a1692b1b0c7f9a92.jpg,pass,YES,1,1,/home/admin1/jgzj/.runtime/yolo_loop/datasets/finetune_v2/images/test/event_feedback_001413_smoke_a1692b1b0c7f9a92.jpg,.runtime/yolo_label_review/manual_annotations_v1/8a/8add6a28bc521d5bdcfdf4d5d980024b50478464b336b1885cce617cb2233814.json,2026-07-24T08:40:35.637Z,2026-07-24T08:40:35.637Z
smoke,positive,loop:finetune_v2,images/test/event_feedback_011751_fire_0c26396306448986.jpg,pass,YES,1,2,/home/admin1/jgzj/.runtime/yolo_loop/datasets/finetune_v2/images/test/event_feedback_011751_fire_0c26396306448986.jpg,.runtime/yolo_label_review/manual_annotations_v1/26/26cdd9ff47aff28a3bb3e07fba3fe42d2866779cdeede6e8237057d7d7b23b84.json,2026-07-24T08:43:45.900Z,2026-07-24T08:43:45.900Z
smoke,positive,loop:finetune_v2,images/test/event_feedback_011759_fire_8b61acb08330ce7a.jpg,pass,YES,1,2,/home/admin1/jgzj/.runtime/yolo_loop/datasets/finetune_v2/images/test/event_feedback_011759_fire_8b61acb08330ce7a.jpg,.runtime/yolo_label_review/manual_annotations_v1/61/6113c08d4931734490005448e13fc5c51ff71c1124f6ee3d7e185ce4033af19a.json,2026-07-24T08:44:30.011Z,2026-07-24T08:44:30.011Z
smoke,positive,loop:finetune_v2,images/test/event_feedback_011778_smoke_b4b56ecdd099d0eb.jpg,pass,YES,1,2,/home/admin1/jgzj/.runtime/yolo_loop/datasets/finetune_v2/images/test/event_feedback_011778_smoke_b4b56ecdd099d0eb.jpg,.runtime/yolo_label_review/manual_annotations_v1/24/2430acc516d59667f473da4e49f2b60dfdc9af83ad0403b1da9382ea04d2f6e4.json,2026-07-24T08:45:54.606Z,2026-07-24T08:45:54.606Z
smoke,positive,loop:finetune_v2,images/test/event_feedback_011824_smoke_ef50338d409d78ae.jpg,pass,YES,1,2,/home/admin1/jgzj/.runtime/yolo_loop/datasets/finetune_v2/images/test/event_feedback_011824_smoke_ef50338d409d78ae.jpg,.runtime/yolo_label_review/manual_annotations_v1/a1/a1c30a2d89677c6fcfaeec5d91b44d71d7099b7b3ea9c2a8da3f5645185e6385.json,2026-07-24T08:50:30.959Z,2026-07-24T08:50:30.959Z
smoke,positive,loop:finetune_v2,images/test/event_feedback_011825_smoke_562637396cd4762a.jpg,pass,YES,1,1,/home/admin1/jgzj/.runtime/yolo_loop/datasets/finetune_v2/images/test/event_feedback_011825_smoke_562637396cd4762a.jpg,.runtime/yolo_label_review/manual_annotations_v1/08/088e77a1eb5bbe7668fcc79948e2bc3da26d773ef15c65651800606a866d812d.json,2026-07-24T08:50:45.299Z,2026-07-24T08:50:45.299Z
smoke,positive,loop:finetune_v2,images/test/event_feedback_011828_smoke_c03c47bf1d72ea0c.jpg,pass,YES,1,2,/home/admin1/jgzj/.runtime/yolo_loop/datasets/finetune_v2/images/test/event_feedback_011828_smoke_c03c47bf1d72ea0c.jpg,.runtime/yolo_label_review/manual_annotations_v1/cd/cd3503b62eaebe9836a7e866b8fcf794b1b5183d14a75c295d21d33de8a09532.json,2026-07-24T08:51:10.828Z,2026-07-24T08:51:10.828Z
smoke,positive,loop:finetune_v2,images/test/event_feedback_011870_fire_6c992e4471294fd7.jpg,pass,YES,1,2,/home/admin1/jgzj/.runtime/yolo_loop/datasets/finetune_v2/images/test/event_feedback_011870_fire_6c992e4471294fd7.jpg,.runtime/yolo_label_review/manual_annotations_v1/59/59e15ed44bd731db12b6d654b7c1f83eda7ff6cb8a630a629c64d81772977f44.json,2026-07-24T08:55:48.868Z,2026-07-24T08:55:48.868Z
smoke,positive,loop:finetune_v2,images/test/event_feedback_013929_smoke_8df6336bff1a9225.jpg,pass,YES,1,1,/home/admin1/jgzj/.runtime/yolo_loop/datasets/finetune_v2/images/test/event_feedback_013929_smoke_8df6336bff1a9225.jpg,.runtime/yolo_label_review/manual_annotations_v1/4b/4b896c601d22a3630277b8282612c536916b02ed73295a4f8569be78de311f86.json,2026-07-24T09:00:50.205Z,2026-07-24T09:00:50.205Z
smoke,positive,loop:finetune_v2,images/test/event_feedback_013933_smoke_255f229c09deff1f.jpg,pass,YES,1,1,/home/admin1/jgzj/.runtime/yolo_loop/datasets/finetune_v2/images/test/event_feedback_013933_smoke_255f229c09deff1f.jpg,.runtime/yolo_label_review/manual_annotations_v1/be/be59b8b433edee70ea40e3545d3ebfacc3b9957bb2bcd217313f58d8dc1393f3.json,2026-07-24T09:01:13.978Z,2026-07-24T09:01:13.978Z
smoke,positive,loop:finetune_v2,images/test/event_feedback_022785_smoke_77b4047006eabdfb.jpg,pass,YES,1,1,/home/admin1/jgzj/.runtime/yolo_loop/datasets/finetune_v2/images/test/event_feedback_022785_smoke_77b4047006eabdfb.jpg,.runtime/yolo_label_review/manual_annotations_v1/0e/0e5fd2a4eea5238678c5e30e3ecdd8340cadde5fe496c8b92631d215e9f4c40a.json,2026-07-24T09:06:34.558Z,2026-07-24T09:06:34.558Z
smoke,positive,loop:finetune_v2,images/test/event_feedback_022993_smoke_760a768d445b43f8.jpg,pass,YES,1,1,/home/admin1/jgzj/.runtime/yolo_loop/datasets/finetune_v2/images/test/event_feedback_022993_smoke_760a768d445b43f8.jpg,.runtime/yolo_label_review/manual_annotations_v1/a4/a4026e87e9ec8350ac8dee144a3939a9cb4a9bd9b6a4b9ee4340f7c89c23cab6.json,2026-07-24T09:08:38.085Z,2026-07-24T09:08:38.085Z
smoke,positive,loop:finetune_v2,images/test/event_feedback_023087_smoke_89ff055544d70232.jpg,pass,YES,1,1,/home/admin1/jgzj/.runtime/yolo_loop/datasets/finetune_v2/images/test/event_feedback_023087_smoke_89ff055544d70232.jpg,.runtime/yolo_label_review/manual_annotations_v1/2b/2bd8b4b908e0553954331bc06d768fdef590e723c4175903e9f1f7a00cbfa88a.json,2026-07-24T09:09:39.068Z,2026-07-24T09:09:39.068Z
smoke,positive,loop:finetune_v2,images/test/event_feedback_023297_smoke_25785e26c66b514c.jpg,pass,YES,1,1,/home/admin1/jgzj/.runtime/yolo_loop/datasets/finetune_v2/images/test/event_feedback_023297_smoke_25785e26c66b514c.jpg,.runtime/yolo_label_review/manual_annotations_v1/8e/8e261bfe72d10c3f0863a5319df874b6f90edbc85a062b97bd47ae765cbf0f56.json,2026-07-24T09:13:23.417Z,2026-07-24T09:13:23.417Z
smoke,positive,loop:finetune_v2,images/test/event_feedback_023298_smoke_e893e4bc73f782db.jpg,pass,YES,1,1,/home/admin1/jgzj/.runtime/yolo_loop/datasets/finetune_v2/images/test/event_feedback_023298_smoke_e893e4bc73f782db.jpg,.runtime/yolo_label_review/manual_annotations_v1/7c/7cefe092d6424fffca8e21dff53b9072400501501bdbd300ae3fc4e345ba61c5.json,2026-07-24T09:13:32.154Z,2026-07-24T09:13:32.154Z
smoke,positive,loop:finetune_v2,images/train/event_feedback_001369_smoke_ca54b284edd3767f.jpg,pass,YES,1,1,/home/admin1/jgzj/.runtime/yolo_loop/datasets/finetune_v2/images/train/event_feedback_001369_smoke_ca54b284edd3767f.jpg,.runtime/yolo_label_review/manual_annotations_v1/27/277d9efb5d9a6fa7509e474d56fc43db4e5477bb36900291b6748468407af26b.json,2026-07-24T08:40:08.328Z,2026-07-24T08:40:08.328Z
smoke,positive,loop:finetune_v2,images/train/event_feedback_001371_smoke_9d2f4b3c726c9f3d.jpg,pass,YES,1,1,/home/admin1/jgzj/.runtime/yolo_loop/datasets/finetune_v2/images/train/event_feedback_001371_smoke_9d2f4b3c726c9f3d.jpg,.runtime/yolo_label_review/manual_annotations_v1/c7/c7e3454c50aee9299207e34c7ba2c9304849854be5f95a2e86916ecf4d26f850.json,2026-07-24T08:40:17.807Z,2026-07-24T08:40:17.807Z
smoke,positive,loop:finetune_v2,images/train/event_feedback_001417_smoke_011754795b580e2f.jpg,pass,YES,1,1,/home/admin1/jgzj/.runtime/yolo_loop/datasets/finetune_v2/images/train/event_feedback_001417_smoke_011754795b580e2f.jpg,.runtime/yolo_label_review/manual_annotations_v1/9c/9cf01bebb9091f66232ecfc502e198ecf6237eea578cbcedeeab309a73d0decd.json,2026-07-24T08:40:44.998Z,2026-07-24T08:40:44.998Z
smoke,positive,loop:finetune_v2,images/train/event_feedback_001418_smoke_011754795b580e2f.jpg,pass,YES,1,1,/home/admin1/jgzj/.runtime/yolo_loop/datasets/finetune_v2/images/train/event_feedback_001418_smoke_011754795b580e2f.jpg,.runtime/yolo_label_review/manual_annotations_v1/cb/cb75b590901d5e1be86d38677ae4472cfa0e2ad9b708d9ce99ab6f1ef90b8123.json,2026-07-24T08:40:55.973Z,2026-07-24T08:40:55.973Z
smoke,positive,loop:finetune_v2,images/train/event_feedback_002545_smoke_8cce6e930e9f7e56.jpg,pass,YES,2,2,/home/admin1/jgzj/.runtime/yolo_loop/datasets/finetune_v2/images/train/event_feedback_002545_smoke_8cce6e930e9f7e56.jpg,.runtime/yolo_label_review/manual_annotations_v1/e2/e23960cf4f3628c9f3f4e4d7c0248f214f65f1c077855cc0a2884a933d2462a2.json,2026-07-24T08:41:06.207Z,2026-07-24T08:41:06.207Z
smoke,positive,loop:finetune_v2,images/train/event_feedback_002904_smoke_abf5bb46dac93b9c.jpg,pass,YES,1,1,/home/admin1/jgzj/.runtime/yolo_loop/datasets/finetune_v2/images/train/event_feedback_002904_smoke_abf5bb46dac93b9c.jpg,.runtime/yolo_label_review/manual_annotations_v1/53/53325b2cfd8c7525619faecfa226443f6dac4b2231e4d7c65c3bb39235662d45.json,2026-07-24T08:41:22.920Z,2026-07-24T08:41:22.920Z
smoke,positive,loop:finetune_v2,images/train/event_feedback_011733_smoke_957d0989fc9bf987.jpg,pass,YES,1,1,/home/admin1/jgzj/.runtime/yolo_loop/datasets/finetune_v2/images/train/event_feedback_011733_smoke_957d0989fc9bf987.jpg,.runtime/yolo_label_review/manual_annotations_v1/2d/2d2c4ccb41c14c8cfe3ec6fa32d77083e1d429b35a0f266bfa0858d676792d88.json,2026-07-24T08:42:40.705Z,2026-07-24T08:42:40.705Z
smoke,positive,loop:finetune_v2,images/train/event_feedback_011738_smoke_d08a90f970d65196.jpg,pass,YES,1,2,/home/admin1/jgzj/.runtime/yolo_loop/datasets/finetune_v2/images/train/event_feedback_011738_smoke_d08a90f970d65196.jpg,.runtime/yolo_label_review/manual_annotations_v1/eb/eb1edd7ee9f749a09872d8b0061782a8bd3e14d0bfd8c660d645d8f6e177ddd9.json,2026-07-24T08:42:50.019Z,2026-07-24T08:42:50.019Z
smoke,positive,loop:finetune_v2,images/train/event_feedback_011739_fire_dbf1ac6190f8f72d.jpg,pass,YES,1,2,/home/admin1/jgzj/.runtime/yolo_loop/datasets/finetune_v2/images/train/event_feedback_011739_fire_dbf1ac6190f8f72d.jpg,.runtime/yolo_label_review/manual_annotations_v1/83/83500d6bb886d2120edd9857be3a33d7eabe774534270e96e11ffa73a6730b48.json,2026-07-24T08:42:58.301Z,2026-07-24T08:42:58.301Z
smoke,positive,loop:finetune_v2,images/train/event_feedback_011741_fire_8436d64dffeb6a3c.jpg,pass,YES,1,2,/home/admin1/jgzj/.runtime/yolo_loop/datasets/finetune_v2/images/train/event_feedback_011741_fire_8436d64dffeb6a3c.jpg,.runtime/yolo_label_review/manual_annotations_v1/dc/dcc060aed4284ee5668de75e1b35b22ebf29c0d1637613e80a6a90790b2fa7ba.json,2026-07-24T08:43:11.350Z,2026-07-24T08:43:11.350Z
smoke,positive,loop:finetune_v2,images/train/event_feedback_011744_fire_2d0aca22e19524af.jpg,pass,YES,1,2,/home/admin1/jgzj/.runtime/yolo_loop/datasets/finetune_v2/images/train/event_feedback_011744_fire_2d0aca22e19524af.jpg,.runtime/yolo_label_review/manual_annotations_v1/e2/e2f4219279dd5a09abafb00e1f51aa78ce09cac50651b95439f757f2037a04af.json,2026-07-24T08:43:19.754Z,2026-07-24T08:43:19.754Z
smoke,positive,loop:finetune_v2,images/train/event_feedback_011749_fire_e84f6d55e0c07ecf.jpg,pass,YES,1,2,/home/admin1/jgzj/.runtime/yolo_loop/datasets/finetune_v2/images/train/event_feedback_011749_fire_e84f6d55e0c07ecf.jpg,.runtime/yolo_label_review/manual_annotations_v1/9e/9e14d3cd71f07f82b3021d1dcd090e6366cf7db05d2ecca1f9dab91448fdc201.json,2026-07-24T08:43:36.833Z,2026-07-24T08:43:36.833Z
smoke,positive,loop:finetune_v2,images/train/event_feedback_011753_fire_2ee6e7342e4e5ec0.jpg,pass,YES,1,2,/home/admin1/jgzj/.runtime/yolo_loop/datasets/finetune_v2/images/train/event_feedback_011753_fire_2ee6e7342e4e5ec0.jpg,.runtime/yolo_label_review/manual_annotations_v1/da/da7b859b1e2b39575b44de623278e4342783d3a701620c25182e0ea0fff9b394.json,2026-07-24T08:43:55.670Z,2026-07-24T08:43:55.670Z
smoke,positive,loop:finetune_v2,images/train/event_feedback_011756_fire_d887e5ddc9994956.jpg,pass,YES,1,2,/home/admin1/jgzj/.runtime/yolo_loop/datasets/finetune_v2/images/train/event_feedback_011756_fire_d887e5ddc9994956.jpg,.runtime/yolo_label_review/manual_annotations_v1/b6/b6caad53d216e6fcf32f37617299f5a93072e33c36a4bef54585d09b0b29a54b.json,2026-07-24T08:44:20.288Z,2026-07-24T08:44:20.288Z
smoke,positive,loop:finetune_v2,images/train/event_feedback_011764_fire_b6774b54d91ef204.jpg,pass,YES,1,2,/home/admin1/jgzj/.runtime/yolo_loop/datasets/finetune_v2/images/train/event_feedback_011764_fire_b6774b54d91ef204.jpg,.runtime/yolo_label_review/manual_annotations_v1/a3/a3c7f1bf468bd1998b65120f22df6750a65643ec50fd83a4428af1cfee666e1d.json,2026-07-24T08:44:48.553Z,2026-07-24T08:44:48.553Z
smoke,positive,loop:finetune_v2,images/train/event_feedback_011765_smoke_084d8fabc4e76d3b.jpg,pass,YES,1,2,/home/admin1/jgzj/.runtime/yolo_loop/datasets/finetune_v2/images/train/event_feedback_011765_smoke_084d8fabc4e76d3b.jpg,.runtime/yolo_label_review/manual_annotations_v1/25/252f9bf94cdd0abb74f236b822d715b9b66189c60b410511ddd564625d8398d4.json,2026-07-24T08:44:57.533Z,2026-07-24T08:44:57.533Z
smoke,positive,loop:finetune_v2,images/train/event_feedback_011767_fire_551058f675b9b762.jpg,pass,YES,1,2,/home/admin1/jgzj/.runtime/yolo_loop/datasets/finetune_v2/images/train/event_feedback_011767_fire_551058f675b9b762.jpg,.runtime/yolo_label_review/manual_annotations_v1/7e/7e20c855d771e2d91bf10408f41ef8595ab7b3a532b21e8d587e6482cfc4381c.json,2026-07-24T08:45:08.811Z,2026-07-24T08:45:08.811Z
smoke,positive,loop:finetune_v2,images/train/event_feedback_011772_smoke_33facded09302c2d.jpg,pass,YES,1,2,/home/admin1/jgzj/.runtime/yolo_loop/datasets/finetune_v2/images/train/event_feedback_011772_smoke_33facded09302c2d.jpg,.runtime/yolo_label_review/manual_annotations_v1/08/0883518e7354a796651c115f266614b3ca0ef81d57017a3a45665b36f8d215fb.json,2026-07-24T08:45:18.113Z,2026-07-24T08:45:18.113Z
smoke,positive,loop:finetune_v2,images/train/event_feedback_011773_smoke_fc1c0225068b105c.jpg,pass,YES,1,2,/home/admin1/jgzj/.runtime/yolo_loop/datasets/finetune_v2/images/train/event_feedback_011773_smoke_fc1c0225068b105c.jpg,.runtime/yolo_label_review/manual_annotations_v1/33/33a5646f710a403358300d69f0b2cb2cc3806dab9755f7c5faea0df935f1a307.json,2026-07-24T08:45:35.669Z,2026-07-24T08:45:35.669Z
smoke,positive,loop:finetune_v2,images/train/event_feedback_011774_smoke_da89bc9765f722bd.jpg,pass,YES,1,2,/home/admin1/jgzj/.runtime/yolo_loop/datasets/finetune_v2/images/train/event_feedback_011774_smoke_da89bc9765f722bd.jpg,.runtime/yolo_label_review/manual_annotations_v1/68/68cba36f156197ea9d12fae33d8de4d435ccfe4f9831afd58d662b92fee91d47.json,2026-07-24T08:45:40.259Z,2026-07-24T08:45:40.259Z
smoke,positive,loop:finetune_v2,images/train/event_feedback_011776_smoke_9e0f68d550926632.jpg,pass,YES,2,2,/home/admin1/jgzj/.runtime/yolo_loop/datasets/finetune_v2/images/train/event_feedback_011776_smoke_9e0f68d550926632.jpg,.runtime/yolo_label_review/manual_annotations_v1/e8/e8d39cb6d7501b6600c5f15bddc66ea1af017c18ba10cb4184bebf64748a8c0c.json,2026-07-24T08:45:45.010Z,2026-07-24T08:45:45.010Z
smoke,positive,loop:finetune_v2,images/train/event_feedback_011777_smoke_db3073ac2988a580.jpg,pass,YES,1,2,/home/admin1/jgzj/.runtime/yolo_loop/datasets/finetune_v2/images/train/event_feedback_011777_smoke_db3073ac2988a580.jpg,.runtime/yolo_label_review/manual_annotations_v1/fa/fa47f4098a9804519cf3985c9e0587c5a2082fe10137403a561c13a0e96e08ab.json,2026-07-24T08:45:50.394Z,2026-07-24T08:45:50.394Z
smoke,positive,loop:finetune_v2,images/train/event_feedback_011780_smoke_10e78f0dbb05e5fe.jpg,pass,YES,1,2,/home/admin1/jgzj/.runtime/yolo_loop/datasets/finetune_v2/images/train/event_feedback_011780_smoke_10e78f0dbb05e5fe.jpg,.runtime/yolo_label_review/manual_annotations_v1/47/47d087da115b9468cd6eb2c0cc0cbe4a9b20b82317a2d40f9d499926af4e141c.json,2026-07-24T08:45:59.101Z,2026-07-24T08:45:59.101Z
smoke,positive,loop:finetune_v2,images/train/event_feedback_011782_smoke_b7740c4d3ce50679.jpg,pass,YES,1,2,/home/admin1/jgzj/.runtime/yolo_loop/datasets/finetune_v2/images/train/event_feedback_011782_smoke_b7740c4d3ce50679.jpg,.runtime/yolo_label_review/manual_annotations_v1/dd/dd24829f23824ab854d9e3243b986807e1bfbd8e5c1cd739b121d5524f8713e9.json,2026-07-24T08:46:09.833Z,2026-07-24T08:46:09.833Z
smoke,positive,loop:finetune_v2,images/train/event_feedback_011783_smoke_79dca00a251d332f.jpg,pass,YES,1,2,/home/admin1/jgzj/.runtime/yolo_loop/datasets/finetune_v2/images/train/event_feedback_011783_smoke_79dca00a251d332f.jpg,.runtime/yolo_label_review/manual_annotations_v1/52/527c2d87da54eb66537529e7c3db023f6f08f2c724d0ab1062be4f6c04600892.json,2026-07-24T08:46:17.720Z,2026-07-24T08:46:17.720Z
smoke,positive,loop:finetune_v2,images/train/event_feedback_011784_smoke_90c7354ae96bbaa5.jpg,pass,YES,1,2,/home/admin1/jgzj/.runtime/yolo_loop/datasets/finetune_v2/images/train/event_feedback_011784_smoke_90c7354ae96bbaa5.jpg,.runtime/yolo_label_review/manual_annotations_v1/c0/c0950214318bf37309d367bb1a05f91bce05fa2cb0a6078c1420652a4693afdb.json,2026-07-24T08:46:24.990Z,2026-07-24T08:46:24.990Z
smoke,positive,loop:finetune_v2,images/train/event_feedback_011788_smoke_45c88afcb02cefd7.jpg,pass,YES,1,2,/home/admin1/jgzj/.runtime/yolo_loop/datasets/finetune_v2/images/train/event_feedback_011788_smoke_45c88afcb02cefd7.jpg,.runtime/yolo_label_review/manual_annotations_v1/88/88071acd21490558dd6db6865eb0cce51ab8a73e3b123fe8fce892f51c314dcc.json,2026-07-24T08:45:30.861Z,2026-07-24T08:45:30.861Z
smoke,positive,loop:finetune_v2,images/train/event_feedback_011789_smoke_5a485d1e1f8c25e5.jpg,pass,YES,1,2,/home/admin1/jgzj/.runtime/yolo_loop/datasets/finetune_v2/images/train/event_feedback_011789_smoke_5a485d1e1f8c25e5.jpg,.runtime/yolo_label_review/manual_annotations_v1/1a/1a6a8519b74cc263ce1cdf7224e2d9ea72c2257f8a13ac4a5091ab08211b4abb.json,2026-07-24T08:46:41.190Z,2026-07-24T08:46:41.190Z
smoke,positive,loop:finetune_v2,images/train/event_feedback_011790_smoke_72262602a8ad7adc.jpg,pass,YES,1,2,/home/admin1/jgzj/.runtime/yolo_loop/datasets/finetune_v2/images/train/event_feedback_011790_smoke_72262602a8ad7adc.jpg,.runtime/yolo_label_review/manual_annotations_v1/4c/4c7c38d3ae68639d235b1b547b41db4ef14143b5ed396b8a5de6eefa5af3623a.json,2026-07-24T08:46:49.677Z,2026-07-24T08:46:49.677Z
smoke,positive,loop:finetune_v2,images/train/event_feedback_011791_fire_367f572fdc17d341.jpg,pass,YES,1,2,/home/admin1/jgzj/.runtime/yolo_loop/datasets/finetune_v2/images/train/event_feedback_011791_fire_367f572fdc17d341.jpg,.runtime/yolo_label_review/manual_annotations_v1/a1/a1cc33f18f46aae8c4b11d2ab61e8391d823c2fd71b46fa266c008ecc1d35ee5.json,2026-07-24T08:46:58.890Z,2026-07-24T08:46:58.890Z
smoke,positive,loop:finetune_v2,images/train/event_feedback_011793_smoke_c76fce72768c77f0.jpg,pass,YES,1,2,/home/admin1/jgzj/.runtime/yolo_loop/datasets/finetune_v2/images/train/event_feedback_011793_smoke_c76fce72768c77f0.jpg,.runtime/yolo_label_review/manual_annotations_v1/b8/b839436e0dd2b8e55162c5a533ac64b0053feaf9d49d8513c354b0ec7ac76e03.json,2026-07-24T08:47:07.351Z,2026-07-24T08:47:07.351Z
smoke,positive,loop:finetune_v2,images/train/event_feedback_011794_fire_d296043b69241698.jpg,pass,YES,1,2,/home/admin1/jgzj/.runtime/yolo_loop/datasets/finetune_v2/images/train/event_feedback_011794_fire_d296043b69241698.jpg,.runtime/yolo_label_review/manual_annotations_v1/49/499de01b54c28ff08fa87d90ffc15b0b899a91975c24a082003a2f865f83a687.json,2026-07-24T08:47:15.640Z,2026-07-24T08:47:15.640Z
smoke,positive,loop:finetune_v2,images/train/event_feedback_011796_smoke_37fc1a32ac2b0ba1.jpg,pass,YES,1,2,/home/admin1/jgzj/.runtime/yolo_loop/datasets/finetune_v2/images/train/event_feedback_011796_smoke_37fc1a32ac2b0ba1.jpg,.runtime/yolo_label_review/manual_annotations_v1/0f/0f826ba132c2b3face8aa2e3846079f273101a4200fd664872a11d1c45b53a37.json,2026-07-24T08:48:18.259Z,2026-07-24T08:48:18.259Z
smoke,positive,loop:finetune_v2,images/train/event_feedback_011797_smoke_09cdafcfcb17f7bf.jpg,pass,YES,1,2,/home/admin1/jgzj/.runtime/yolo_loop/datasets/finetune_v2/images/train/event_feedback_011797_smoke_09cdafcfcb17f7bf.jpg,.runtime/yolo_label_review/manual_annotations_v1/fa/fabf9a0d79f4298c586ac95ca491ddc6235afe29efbd7163fda49ade80a3b41f.json,2026-07-24T08:47:51.155Z,2026-07-24T08:47:51.155Z
smoke,positive,loop:finetune_v2,images/train/event_feedback_011799_smoke_478bac928bef2efe.jpg,pass,YES,1,2,/home/admin1/jgzj/.runtime/yolo_loop/datasets/finetune_v2/images/train/event_feedback_011799_smoke_478bac928bef2efe.jpg,.runtime/yolo_label_review/manual_annotations_v1/9e/9e51fa17f8da02f475e2a18cd75d1cb76a5bf793c34559ff81b7774360c52ff6.json,2026-07-24T08:48:01.940Z,2026-07-24T08:48:01.940Z
smoke,positive,loop:finetune_v2,images/train/event_feedback_011800_smoke_23b30adfffe067a7.jpg,pass,YES,1,2,/home/admin1/jgzj/.runtime/yolo_loop/datasets/finetune_v2/images/train/event_feedback_011800_smoke_23b30adfffe067a7.jpg,.runtime/yolo_label_review/manual_annotations_v1/c6/c6e1b2c583978c8263329d7eafa2843fa33e82f551100707423fee3f8da80dd9.json,2026-07-24T08:48:29.518Z,2026-07-24T08:48:29.518Z
smoke,positive,loop:finetune_v2,images/train/event_feedback_011801_smoke_1d5091381b6dc92f.jpg,pass,YES,1,2,/home/admin1/jgzj/.runtime/yolo_loop/datasets/finetune_v2/images/train/event_feedback_011801_smoke_1d5091381b6dc92f.jpg,.runtime/yolo_label_review/manual_annotations_v1/83/83ce80eec77dc1005e600fee3bdda2efc0fe765ae13a7faef5934cba67587acf.json,2026-07-24T08:48:42.080Z,2026-07-24T08:48:42.080Z
smoke,positive,loop:finetune_v2,images/train/event_feedback_011805_smoke_4705cd19564d7f01.jpg,pass,YES,1,2,/home/admin1/jgzj/.runtime/yolo_loop/datasets/finetune_v2/images/train/event_feedback_011805_smoke_4705cd19564d7f01.jpg,.runtime/yolo_label_review/manual_annotations_v1/b7/b7e573754159f12edec3aeafa5605401325c3aadc6259a17bef29a2ad50b3ac3.json,2026-07-24T08:49:01.946Z,2026-07-24T08:49:01.946Z
smoke,positive,loop:finetune_v2,images/train/event_feedback_011806_smoke_eaf0b8c9ea4621b1.jpg,pass,YES,1,2,/home/admin1/jgzj/.runtime/yolo_loop/datasets/finetune_v2/images/train/event_feedback_011806_smoke_eaf0b8c9ea4621b1.jpg,.runtime/yolo_label_review/manual_annotations_v1/d6/d622a2f51ffdce55821da06731ae7f1d2c99116ef6d8244888c21745be464ae5.json,2026-07-24T08:49:14.916Z,2026-07-24T08:49:14.916Z
smoke,positive,loop:finetune_v2,images/train/event_feedback_011811_fire_5973e096c1c8bf31.jpg,pass,YES,1,2,/home/admin1/jgzj/.runtime/yolo_loop/datasets/finetune_v2/images/train/event_feedback_011811_fire_5973e096c1c8bf31.jpg,.runtime/yolo_label_review/manual_annotations_v1/5c/5c6e407f5bab0c926631536c1945d5226bb1d0c19622d8312ec71f68bbce8df3.json,2026-07-24T08:49:39.764Z,2026-07-24T08:49:39.764Z
smoke,positive,loop:finetune_v2,images/train/event_feedback_011815_smoke_25fc5320d56c9ea1.jpg,pass,YES,1,2,/home/admin1/jgzj/.runtime/yolo_loop/datasets/finetune_v2/images/train/event_feedback_011815_smoke_25fc5320d56c9ea1.jpg,.runtime/yolo_label_review/manual_annotations_v1/5f/5f3b6662a58dcfe0b2b52611bcad70a799894f27d70c7dfa66c47e03483e483f.json,2026-07-24T08:49:44.198Z,2026-07-24T08:49:44.198Z
smoke,positive,loop:finetune_v2,images/train/event_feedback_011816_smoke_b5172830cc4970d6.jpg,pass,YES,1,2,/home/admin1/jgzj/.runtime/yolo_loop/datasets/finetune_v2/images/train/event_feedback_011816_smoke_b5172830cc4970d6.jpg,.runtime/yolo_label_review/manual_annotations_v1/cc/ccbeaed8ab85ef8bc6157f0d847d2a21ac1f98867b6890f3a775437c51712032.json,2026-07-24T08:49:49.320Z,2026-07-24T08:49:49.320Z
smoke,positive,loop:finetune_v2,images/train/event_feedback_011818_smoke_99ede038407f4c98.jpg,pass,YES,1,2,/home/admin1/jgzj/.runtime/yolo_loop/datasets/finetune_v2/images/train/event_feedback_011818_smoke_99ede038407f4c98.jpg,.runtime/yolo_label_review/manual_annotations_v1/bd/bdddd6ab722715062b99d0e481cd78b3f53960bf24fc819bfc949fa997436639.json,2026-07-24T08:49:58.593Z,2026-07-24T08:49:58.593Z
smoke,positive,loop:finetune_v2,images/train/event_feedback_011819_smoke_ba399227d9f95cde.jpg,pass,YES,1,2,/home/admin1/jgzj/.runtime/yolo_loop/datasets/finetune_v2/images/train/event_feedback_011819_smoke_ba399227d9f95cde.jpg,.runtime/yolo_label_review/manual_annotations_v1/0e/0e50f6b8335bee4f2bfb0bf0d7a425290271027652e014f7405059742e98e213.json,2026-07-24T08:50:06.093Z,2026-07-24T08:50:06.093Z
smoke,positive,loop:finetune_v2,images/train/event_feedback_011821_smoke_f00ed66904157696.jpg,pass,YES,1,2,/home/admin1/jgzj/.runtime/yolo_loop/datasets/finetune_v2/images/train/event_feedback_011821_smoke_f00ed66904157696.jpg,.runtime/yolo_label_review/manual_annotations_v1/61/614dd303ab9113e326cf4def5236e7b03a7e0436ecb749062109dcc785a5ab20.json,2026-07-24T08:50:16.213Z,2026-07-24T08:50:16.213Z
smoke,positive,loop:finetune_v2,images/train/event_feedback_011823_smoke_424973e6b0b77628.jpg,pass,YES,1,2,/home/admin1/jgzj/.runtime/yolo_loop/datasets/finetune_v2/images/train/event_feedback_011823_smoke_424973e6b0b77628.jpg,.runtime/yolo_label_review/manual_annotations_v1/e4/e4129b6c0ed253d31931e87af575377aee9f763e9b2d825780f59f08ffcd5e5b.json,2026-07-24T08:50:23.497Z,2026-07-24T08:50:23.497Z
smoke,positive,loop:finetune_v2,images/train/event_feedback_011826_smoke_65ed9ed3bbaca228.jpg,pass,YES,1,2,/home/admin1/jgzj/.runtime/yolo_loop/datasets/finetune_v2/images/train/event_feedback_011826_smoke_65ed9ed3bbaca228.jpg,.runtime/yolo_label_review/manual_annotations_v1/4f/4fc857f579866b7b0c34fb96fb72675d6d7f27a2206bfff175a193b607696eef.json,2026-07-24T08:50:53.451Z,2026-07-24T08:50:53.451Z
smoke,positive,loop:finetune_v2,images/train/event_feedback_011827_smoke_6c13c7d321f51071.jpg,pass,YES,1,1,/home/admin1/jgzj/.runtime/yolo_loop/datasets/finetune_v2/images/train/event_feedback_011827_smoke_6c13c7d321f51071.jpg,.runtime/yolo_label_review/manual_annotations_v1/92/9297746ef7c75b59f7771f440302b337d83274324b098402a6c13a2e9d4bb97e.json,2026-07-24T08:51:01.758Z,2026-07-24T08:51:01.758Z
smoke,positive,loop:finetune_v2,images/train/event_feedback_011830_smoke_5123a1dd844867c8.jpg,pass,YES,1,1,/home/admin1/jgzj/.runtime/yolo_loop/datasets/finetune_v2/images/train/event_feedback_011830_smoke_5123a1dd844867c8.jpg,.runtime/yolo_label_review/manual_annotations_v1/06/063595d922b448c3d35b940de63a9b31655674f4f4f1845194df829e89b51172.json,2026-07-24T08:51:43.591Z,2026-07-24T08:51:43.591Z
smoke,positive,loop:finetune_v2,images/train/event_feedback_011832_smoke_4768fce8efa7b93d.jpg,pass,YES,1,1,/home/admin1/jgzj/.runtime/yolo_loop/datasets/finetune_v2/images/train/event_feedback_011832_smoke_4768fce8efa7b93d.jpg,.runtime/yolo_label_review/manual_annotations_v1/ae/ae5b023a1b802f6365daca83d09fd744f7b05e24e96bd60d75314294a76bc9b9.json,2026-07-24T08:51:55.397Z,2026-07-24T08:51:55.397Z
smoke,positive,loop:finetune_v2,images/train/event_feedback_011835_smoke_c571e0b11b558ae3.jpg,pass,YES,1,1,/home/admin1/jgzj/.runtime/yolo_loop/datasets/finetune_v2/images/train/event_feedback_011835_smoke_c571e0b11b558ae3.jpg,.runtime/yolo_label_review/manual_annotations_v1/f1/f1af502d0883c633520edc838216281507fdf623c520b0a66c9c16290b78aaf2.json,2026-07-24T08:52:18.711Z,2026-07-24T08:52:18.711Z
smoke,positive,loop:finetune_v2,images/train/event_feedback_011836_smoke_96e513da8057ed0b.jpg,pass,YES,1,2,/home/admin1/jgzj/.runtime/yolo_loop/datasets/finetune_v2/images/train/event_feedback_011836_smoke_96e513da8057ed0b.jpg,.runtime/yolo_label_review/manual_annotations_v1/db/db01df590175db4ecb72e53e8430761fc830976619f650e6355bcb0dd1ed9d1a.json,2026-07-24T08:52:31.233Z,2026-07-24T08:52:31.233Z
smoke,positive,loop:finetune_v2,images/train/event_feedback_011838_smoke_cb573bbb3c153c3d.jpg,pass,YES,1,2,/home/admin1/jgzj/.runtime/yolo_loop/datasets/finetune_v2/images/train/event_feedback_011838_smoke_cb573bbb3c153c3d.jpg,.runtime/yolo_label_review/manual_annotations_v1/65/65506ec187154c6746d98943f25dab39840834112b8b9e043e013acfb27a644c.json,2026-07-24T08:52:44.131Z,2026-07-24T08:52:44.131Z
smoke,positive,loop:finetune_v2,images/train/event_feedback_011839_smoke_91626b39351ea5b7.jpg,pass,YES,1,2,/home/admin1/jgzj/.runtime/yolo_loop/datasets/finetune_v2/images/train/event_feedback_011839_smoke_91626b39351ea5b7.jpg,.runtime/yolo_label_review/manual_annotations_v1/2f/2ffbbbe7ea74b71d65027cd6d150bef6551ac091590ef02017afe4976d8b102f.json,2026-07-24T08:52:53.197Z,2026-07-24T08:52:53.197Z
smoke,positive,loop:finetune_v2,images/train/event_feedback_011840_smoke_d92f82a666c7de44.jpg,pass,YES,1,2,/home/admin1/jgzj/.runtime/yolo_loop/datasets/finetune_v2/images/train/event_feedback_011840_smoke_d92f82a666c7de44.jpg,.runtime/yolo_label_review/manual_annotations_v1/8d/8d3014d8f1b9edb5f97bcac912de1ed24307715e50a795126f5373fde1182eb1.json,2026-07-24T08:53:02.239Z,2026-07-24T08:53:02.239Z
smoke,positive,loop:finetune_v2,images/train/event_feedback_011841_smoke_7fab4608dd84912b.jpg,pass,YES,1,2,/home/admin1/jgzj/.runtime/yolo_loop/datasets/finetune_v2/images/train/event_feedback_011841_smoke_7fab4608dd84912b.jpg,.runtime/yolo_label_review/manual_annotations_v1/bc/bce7bd49fa124b6ede19177f9aff070dc304c9a2504d1a0f649422b9ae26f951.json,2026-07-24T08:53:10.953Z,2026-07-24T08:53:10.953Z
smoke,positive,loop:finetune_v2,images/train/event_feedback_011842_smoke_877f61b18eb7e23c.jpg,pass,YES,1,2,/home/admin1/jgzj/.runtime/yolo_loop/datasets/finetune_v2/images/train/event_feedback_011842_smoke_877f61b18eb7e23c.jpg,.runtime/yolo_label_review/manual_annotations_v1/29/296b7847ddc48d72c8fd9a6b4c60d9cd19eb7d95bc9aa9386fa3fec71b0a176d.json,2026-07-24T08:53:23.103Z,2026-07-24T08:53:23.103Z
smoke,positive,loop:finetune_v2,images/train/event_feedback_011843_smoke_7f141302546eae03.jpg,pass,YES,1,2,/home/admin1/jgzj/.runtime/yolo_loop/datasets/finetune_v2/images/train/event_feedback_011843_smoke_7f141302546eae03.jpg,.runtime/yolo_label_review/manual_annotations_v1/de/de394300cfd77edee3b060da5fce46ba2f96c250851edac50cfa5f3db33059b1.json,2026-07-24T08:53:41.162Z,2026-07-24T08:53:41.162Z
smoke,positive,loop:finetune_v2,images/train/event_feedback_011847_smoke_b24c5b199daff1f3.jpg,pass,YES,1,2,/home/admin1/jgzj/.runtime/yolo_loop/datasets/finetune_v2/images/train/event_feedback_011847_smoke_b24c5b199daff1f3.jpg,.runtime/yolo_label_review/manual_annotations_v1/b2/b2e3e6838a6f82e2fcdb7fe27bb606e9734197b676393f8d11988c7ce2afdd5f.json,2026-07-24T08:53:50.583Z,2026-07-24T08:53:50.583Z
smoke,positive,loop:finetune_v2,images/train/event_feedback_011849_fire_bbbc70ecec2577ce.jpg,pass,YES,1,2,/home/admin1/jgzj/.runtime/yolo_loop/datasets/finetune_v2/images/train/event_feedback_011849_fire_bbbc70ecec2577ce.jpg,.runtime/yolo_label_review/manual_annotations_v1/36/3678a9738ee42ce4055b77f700b52423af6e4c44f0cf8fd76408fa69677e5800.json,2026-07-24T08:53:54.398Z,2026-07-24T08:53:54.398Z
smoke,positive,loop:finetune_v2,images/train/event_feedback_011852_fire_f7220e84fe52c60f.jpg,pass,YES,1,2,/home/admin1/jgzj/.runtime/yolo_loop/datasets/finetune_v2/images/train/event_feedback_011852_fire_f7220e84fe52c60f.jpg,.runtime/yolo_label_review/manual_annotations_v1/c4/c4e678f217cca0ff81e6771404a978271feb910615bb5c52ebca43b7020ed345.json,2026-07-24T08:53:58.897Z,2026-07-24T08:53:58.897Z
smoke,positive,loop:finetune_v2,images/train/event_feedback_011855_fire_4cb68e1adc11058b.jpg,pass,YES,1,2,/home/admin1/jgzj/.runtime/yolo_loop/datasets/finetune_v2/images/train/event_feedback_011855_fire_4cb68e1adc11058b.jpg,.runtime/yolo_label_review/manual_annotations_v1/04/04447f66f8e6d117681ed64595ac5ce6d7449332b1820b7707493d613dd26787.json,2026-07-24T08:54:10.357Z,2026-07-24T08:54:10.357Z
smoke,positive,loop:finetune_v2,images/train/event_feedback_011856_fire_8350be6766e3914c.jpg,pass,YES,1,2,/home/admin1/jgzj/.runtime/yolo_loop/datasets/finetune_v2/images/train/event_feedback_011856_fire_8350be6766e3914c.jpg,.runtime/yolo_label_review/manual_annotations_v1/18/1896e05579876c18451a6d9e4b97d48fbd7fe7e5d4f60567395933df3f51a793.json,2026-07-24T08:54:17.193Z,2026-07-24T08:54:17.193Z
smoke,positive,loop:finetune_v2,images/train/event_feedback_011857_fire_413d52a263df7bc4.jpg,pass,YES,1,2,/home/admin1/jgzj/.runtime/yolo_loop/datasets/finetune_v2/images/train/event_feedback_011857_fire_413d52a263df7bc4.jpg,.runtime/yolo_label_review/manual_annotations_v1/2b/2b8067d110633498e952cb75f6d4a80b47838c5b3bfed0e5a45d430d019a9ed0.json,2026-07-24T08:54:26.931Z,2026-07-24T08:54:26.931Z
smoke,positive,loop:finetune_v2,images/train/event_feedback_011859_fire_02c16b337357e8e3.jpg,pass,YES,1,2,/home/admin1/jgzj/.runtime/yolo_loop/datasets/finetune_v2/images/train/event_feedback_011859_fire_02c16b337357e8e3.jpg,.runtime/yolo_label_review/manual_annotations_v1/df/dfec27beafee8edb13821b26acc8cf67241f16cebee2e12ae503a2f551e823f4.json,2026-07-24T08:54:41.951Z,2026-07-24T08:54:41.951Z
smoke,positive,loop:finetune_v2,images/train/event_feedback_011860_fire_1db482c2f9fcfaa5.jpg,pass,YES,1,2,/home/admin1/jgzj/.runtime/yolo_loop/datasets/finetune_v2/images/train/event_feedback_011860_fire_1db482c2f9fcfaa5.jpg,.runtime/yolo_label_review/manual_annotations_v1/7f/7f7125e88301752757601a9da23a5d71f1a74c42c72ed331605132bf99657a94.json,2026-07-24T08:53:34.628Z,2026-07-24T08:53:34.628Z
smoke,positive,loop:finetune_v2,images/train/event_feedback_011861_fire_99cf2617354ceb35.jpg,pass,YES,1,2,/home/admin1/jgzj/.runtime/yolo_loop/datasets/finetune_v2/images/train/event_feedback_011861_fire_99cf2617354ceb35.jpg,.runtime/yolo_label_review/manual_annotations_v1/cd/cdcadeab06188e59eec1fbe8cf552dd9583918e8ab689db717e991c66ad8c96a.json,2026-07-24T08:54:49.547Z,2026-07-24T08:54:49.547Z
smoke,positive,loop:finetune_v2,images/train/event_feedback_011862_fire_53c860a9215244bf.jpg,pass,YES,1,2,/home/admin1/jgzj/.runtime/yolo_loop/datasets/finetune_v2/images/train/event_feedback_011862_fire_53c860a9215244bf.jpg,.runtime/yolo_label_review/manual_annotations_v1/c7/c769eb32e47c4b38857e7d5d0d6bd43d49543b54eff65d1194c370667fb625e4.json,2026-07-24T08:54:57.355Z,2026-07-24T08:54:57.355Z
smoke,positive,loop:finetune_v2,images/train/event_feedback_011864_fire_c656317eb5803917.jpg,pass,YES,1,2,/home/admin1/jgzj/.runtime/yolo_loop/datasets/finetune_v2/images/train/event_feedback_011864_fire_c656317eb5803917.jpg,.runtime/yolo_label_review/manual_annotations_v1/a7/a779f7ec81e827d92073a16fe36298d4a3c70bbc2902faefc6c228d1e48473b9.json,2026-07-24T08:55:05.202Z,2026-07-24T08:55:05.202Z
smoke,positive,loop:finetune_v2,images/train/event_feedback_011865_fire_42093509ca375dc1.jpg,pass,YES,1,2,/home/admin1/jgzj/.runtime/yolo_loop/datasets/finetune_v2/images/train/event_feedback_011865_fire_42093509ca375dc1.jpg,.runtime/yolo_label_review/manual_annotations_v1/1f/1f4970716643cb0c5f60283b23b4c5fb7ab6e69a7ddc594c9c282000d97fffcf.json,2026-07-24T08:55:12.706Z,2026-07-24T08:55:12.706Z
smoke,positive,loop:finetune_v2,images/train/event_feedback_011866_fire_32e507ce743b5fea.jpg,pass,YES,1,2,/home/admin1/jgzj/.runtime/yolo_loop/datasets/finetune_v2/images/train/event_feedback_011866_fire_32e507ce743b5fea.jpg,.runtime/yolo_label_review/manual_annotations_v1/ae/ae9b8702761cdc6e279c9fedcc50516c3f7189d469df22c27b1fb76a3eaecaae.json,2026-07-24T08:55:21.777Z,2026-07-24T08:55:21.777Z
smoke,positive,loop:finetune_v2,images/train/event_feedback_011867_fire_75597069b314dd2e.jpg,pass,YES,1,2,/home/admin1/jgzj/.runtime/yolo_loop/datasets/finetune_v2/images/train/event_feedback_011867_fire_75597069b314dd2e.jpg,.runtime/yolo_label_review/manual_annotations_v1/d4/d48cccfba75d61d4c177de0db565e0f6ba8b7ae7a10ba4f07960c37be9a264b0.json,2026-07-24T08:55:31.336Z,2026-07-24T08:55:31.336Z
smoke,positive,loop:finetune_v2,images/train/event_feedback_011868_fire_12f81c75c3edc379.jpg,pass,YES,1,2,/home/admin1/jgzj/.runtime/yolo_loop/datasets/finetune_v2/images/train/event_feedback_011868_fire_12f81c75c3edc379.jpg,.runtime/yolo_label_review/manual_annotations_v1/0d/0d5022be06af610eab134bfc51fef6363b7ddc45cc5c3b718620914e8cfba470.json,2026-07-24T08:55:39.953Z,2026-07-24T08:55:39.953Z
smoke,positive,loop:finetune_v2,images/train/event_feedback_011871_fire_3c491bbc4e3e8a6c.jpg,pass,YES,1,2,/home/admin1/jgzj/.runtime/yolo_loop/datasets/finetune_v2/images/train/event_feedback_011871_fire_3c491bbc4e3e8a6c.jpg,.runtime/yolo_label_review/manual_annotations_v1/0d/0defbca2809d48f2c9020fc689d37305d72e274f43c6ef552561cdaa694598e9.json,2026-07-24T08:56:08.078Z,2026-07-24T08:56:08.078Z
smoke,positive,loop:finetune_v2,images/train/event_feedback_011872_fire_b225a77a712e5c2b.jpg,pass,YES,1,2,/home/admin1/jgzj/.runtime/yolo_loop/datasets/finetune_v2/images/train/event_feedback_011872_fire_b225a77a712e5c2b.jpg,.runtime/yolo_label_review/manual_annotations_v1/13/138f5282ca6c21830f40510a3c55d1d5c8d29845f42eddcf822ee0169b914943.json,2026-07-24T08:56:19.449Z,2026-07-24T08:56:19.449Z
smoke,positive,loop:finetune_v2,images/train/event_feedback_011875_smoke_63eb28c5dbeae1ec.jpg,pass,YES,1,2,/home/admin1/jgzj/.runtime/yolo_loop/datasets/finetune_v2/images/train/event_feedback_011875_smoke_63eb28c5dbeae1ec.jpg,.runtime/yolo_label_review/manual_annotations_v1/b0/b0484205f81cbe9562091e26de518cf9877afe66e77be8aa9fabdc2da3c6397e.json,2026-07-24T08:56:28.782Z,2026-07-24T08:56:28.782Z
smoke,positive,loop:finetune_v2,images/train/event_feedback_011878_smoke_5257b69810861a85.jpg,pass,YES,1,2,/home/admin1/jgzj/.runtime/yolo_loop/datasets/finetune_v2/images/train/event_feedback_011878_smoke_5257b69810861a85.jpg,.runtime/yolo_label_review/manual_annotations_v1/97/97d67e24910517428394e4973b92ba0b89234fc171d107bb513245818698d1ff.json,2026-07-24T08:56:50.692Z,2026-07-24T08:56:50.692Z
smoke,positive,loop:finetune_v2,images/train/event_feedback_011879_smoke_6d61ff3bb9b6e1d9.jpg,pass,YES,1,2,/home/admin1/jgzj/.runtime/yolo_loop/datasets/finetune_v2/images/train/event_feedback_011879_smoke_6d61ff3bb9b6e1d9.jpg,.runtime/yolo_label_review/manual_annotations_v1/ba/ba9345864ba7b56345f9410c4419fa4be61d638db727a92834d0ac44b89774bd.json,2026-07-24T08:57:08.738Z,2026-07-24T08:57:08.738Z
smoke,positive,loop:finetune_v2,images/train/event_feedback_011882_smoke_e7906a1b68bc0dc7.jpg,pass,YES,1,2,/home/admin1/jgzj/.runtime/yolo_loop/datasets/finetune_v2/images/train/event_feedback_011882_smoke_e7906a1b68bc0dc7.jpg,.runtime/yolo_label_review/manual_annotations_v1/1f/1f4bf0d6d8a3fee8490525b5c46fba93913d43a6edf15f691be19f7904897c05.json,2026-07-24T08:57:13.532Z,2026-07-24T08:57:13.532Z
smoke,positive,loop:finetune_v2,images/train/event_feedback_011883_smoke_5d8eee0cc739c10c.jpg,pass,YES,1,2,/home/admin1/jgzj/.runtime/yolo_loop/datasets/finetune_v2/images/train/event_feedback_011883_smoke_5d8eee0cc739c10c.jpg,.runtime/yolo_label_review/manual_annotations_v1/6f/6fdf60f68fd9a0497df46ded408123ec33fb565f7ac029280ce3e8bbcc69a722.json,2026-07-24T08:57:17.805Z,2026-07-24T08:57:17.805Z
smoke,positive,loop:finetune_v2,images/train/event_feedback_011891_fire_1635e2fed0c01f2f.jpg,pass,YES,1,2,/home/admin1/jgzj/.runtime/yolo_loop/datasets/finetune_v2/images/train/event_feedback_011891_fire_1635e2fed0c01f2f.jpg,.runtime/yolo_label_review/manual_annotations_v1/4b/4befb0886d3c1376b5b9cedbc90d74980fc7c5db40d5a1cf578b51fbb438911a.json,2026-07-24T08:57:35.016Z,2026-07-24T08:57:35.016Z
smoke,positive,loop:finetune_v2,images/train/event_feedback_011892_fire_365fd48a33946168.jpg,pass,YES,1,2,/home/admin1/jgzj/.runtime/yolo_loop/datasets/finetune_v2/images/train/event_feedback_011892_fire_365fd48a33946168.jpg,.runtime/yolo_label_review/manual_annotations_v1/3b/3bba830428f5247d82509027f1be1edb569d97998ae901cde58d8fc181e31bcd.json,2026-07-24T08:57:42.158Z,2026-07-24T08:57:42.158Z
smoke,positive,loop:finetune_v2,images/train/event_feedback_011894_fire_6f6f836934b78cec.jpg,pass,YES,1,2,/home/admin1/jgzj/.runtime/yolo_loop/datasets/finetune_v2/images/train/event_feedback_011894_fire_6f6f836934b78cec.jpg,.runtime/yolo_label_review/manual_annotations_v1/34/34bc9204a32c9f983e634a3bdc03b3fc88d51b07578bd04d87c89c87a12b96c2.json,2026-07-24T08:57:49.721Z,2026-07-24T08:57:49.721Z
smoke,positive,loop:finetune_v2,images/train/event_feedback_011900_fire_5c2d83964375b3fd.jpg,pass,YES,1,2,/home/admin1/jgzj/.runtime/yolo_loop/datasets/finetune_v2/images/train/event_feedback_011900_fire_5c2d83964375b3fd.jpg,.runtime/yolo_label_review/manual_annotations_v1/63/6343f69c404794f4fac38afaeee1715c4f91811ad7adc9c8b2cf875a7a96dd54.json,2026-07-24T08:58:13.513Z,2026-07-24T08:58:13.513Z
smoke,positive,loop:finetune_v2,images/train/event_feedback_011913_smoke_383c8ea26bd67aad.jpg,pass,YES,1,1,/home/admin1/jgzj/.runtime/yolo_loop/datasets/finetune_v2/images/train/event_feedback_011913_smoke_383c8ea26bd67aad.jpg,.runtime/yolo_label_review/manual_annotations_v1/79/7963793bc7f0812f2bb5f86bd6829095282582f4f33d71db4c23cfe7f66b2826.json,2026-07-24T08:59:11.623Z,2026-07-24T08:59:11.623Z
smoke,positive,loop:finetune_v2,images/train/event_feedback_011914_fire_fcef3ae44b12b716.jpg,pass,YES,1,1,/home/admin1/jgzj/.runtime/yolo_loop/datasets/finetune_v2/images/train/event_feedback_011914_fire_fcef3ae44b12b716.jpg,.runtime/yolo_label_review/manual_annotations_v1/d5/d576372d1efee49bf4d78fc9f24c7683c2cdda8c1120c5d84cc9944db475e923.json,2026-07-24T08:59:23.219Z,2026-07-24T08:59:23.219Z
smoke,positive,loop:finetune_v2,images/train/event_feedback_011920_smoke_4efcb19a3c185cee.jpg,pass,YES,1,1,/home/admin1/jgzj/.runtime/yolo_loop/datasets/finetune_v2/images/train/event_feedback_011920_smoke_4efcb19a3c185cee.jpg,.runtime/yolo_label_review/manual_annotations_v1/65/65082ec0fc93fb4f2ba74b24f4bfac682276c3fcaa55d7084f663b785dbdf57f.json,2026-07-24T09:00:16.883Z,2026-07-24T09:00:16.883Z
smoke,positive,loop:finetune_v2,images/train/event_feedback_013930_smoke_5ae71f92614967d8.jpg,pass,YES,1,1,/home/admin1/jgzj/.runtime/yolo_loop/datasets/finetune_v2/images/train/event_feedback_013930_smoke_5ae71f92614967d8.jpg,.runtime/yolo_label_review/manual_annotations_v1/db/dbee10d49266957093a9ea7613da07094b2e710977485d885dc4c6d79b1c8c19.json,2026-07-24T09:00:59.476Z,2026-07-24T09:00:59.476Z
smoke,positive,loop:finetune_v2,images/train/event_feedback_021716_smoke_549cb46b0fb2dd76.jpg,pass,YES,1,1,/home/admin1/jgzj/.runtime/yolo_loop/datasets/finetune_v2/images/train/event_feedback_021716_smoke_549cb46b0fb2dd76.jpg,.runtime/yolo_label_review/manual_annotations_v1/24/24ba8cb641fa690538c65493a43fa85ad20e97ee0a5434e15a722369390d4b2a.json,2026-07-24T09:06:11.845Z,2026-07-24T09:06:11.845Z
smoke,positive,loop:finetune_v2,images/train/event_feedback_022704_smoke_0ade17f6182ac8a0.jpg,pass,YES,1,1,/home/admin1/jgzj/.runtime/yolo_loop/datasets/finetune_v2/images/train/event_feedback_022704_smoke_0ade17f6182ac8a0.jpg,.runtime/yolo_label_review/manual_annotations_v1/5f/5fa3bcdd01d35ffa15afd7ad727673d1613da16da0b6e06a44f05440843363e0.json,2026-07-24T09:06:30.058Z,2026-07-24T09:06:30.058Z
smoke,positive,loop:finetune_v2,images/train/event_feedback_022787_smoke_4c20d94284057411.jpg,pass,YES,1,1,/home/admin1/jgzj/.runtime/yolo_loop/datasets/finetune_v2/images/train/event_feedback_022787_smoke_4c20d94284057411.jpg,.runtime/yolo_label_review/manual_annotations_v1/fe/fe71b5769ddcb780f8f4c3bb84e932ba8b7d05fbe85d74d3febff7d4e05e02c4.json,2026-07-24T09:06:39.030Z,2026-07-24T09:06:39.030Z
smoke,positive,loop:finetune_v2,images/train/event_feedback_022846_smoke_99cc967c53f1c1dd.jpg,pass,YES,1,1,/home/admin1/jgzj/.runtime/yolo_loop/datasets/finetune_v2/images/train/event_feedback_022846_smoke_99cc967c53f1c1dd.jpg,.runtime/yolo_label_review/manual_annotations_v1/89/8965c722df6fe0d712a905f6443e1358dd777f422486c429b780c179da71e20d.json,2026-07-24T09:06:43.891Z,2026-07-24T09:06:43.891Z
smoke,positive,loop:finetune_v2,images/train/event_feedback_022914_smoke_136cdf2e44a4f71b.jpg,pass,YES,1,1,/home/admin1/jgzj/.runtime/yolo_loop/datasets/finetune_v2/images/train/event_feedback_022914_smoke_136cdf2e44a4f71b.jpg,.runtime/yolo_label_review/manual_annotations_v1/8d/8df8e0ae2a5204ec739e1219e37b352c1c8e9f0018f6871fe9c0d3bf25bf0eb8.json,2026-07-24T09:06:55.554Z,2026-07-24T09:06:55.554Z
smoke,positive,loop:finetune_v2,images/train/event_feedback_022918_smoke_691624e13f7c3fb9.jpg,pass,YES,1,1,/home/admin1/jgzj/.runtime/yolo_loop/datasets/finetune_v2/images/train/event_feedback_022918_smoke_691624e13f7c3fb9.jpg,.runtime/yolo_label_review/manual_annotations_v1/b4/b4199a735a1f4c2c7d06fa72c5de90b1740c005633b69f4e4c66f5bff7dd7dfc.json,2026-07-24T09:07:02.577Z,2026-07-24T09:07:02.577Z
smoke,positive,loop:finetune_v2,images/train/event_feedback_022920_smoke_d52fa95f29ab00dc.jpg,pass,YES,3,3,/home/admin1/jgzj/.runtime/yolo_loop/datasets/finetune_v2/images/train/event_feedback_022920_smoke_d52fa95f29ab00dc.jpg,.runtime/yolo_label_review/manual_annotations_v1/f0/f0d2c1f2dedaf5a90fdbf4757f382f7fb4d9a1b930a8d8075e200fd98e13d054.json,2026-07-24T09:07:11.355Z,2026-07-24T09:07:11.355Z
smoke,positive,loop:finetune_v2,images/train/event_feedback_022934_smoke_a15be1d1e0b17646.jpg,pass,YES,1,1,/home/admin1/jgzj/.runtime/yolo_loop/datasets/finetune_v2/images/train/event_feedback_022934_smoke_a15be1d1e0b17646.jpg,.runtime/yolo_label_review/manual_annotations_v1/ab/ab0fc2379b980b41b407dbb5e12008249e1d5cdc8fbcaf6a560efff553795d92.json,2026-07-24T09:07:19.484Z,2026-07-24T09:07:19.484Z
smoke,positive,loop:finetune_v2,images/train/event_feedback_022964_smoke_5022e6147499d1b5.jpg,pass,YES,1,1,/home/admin1/jgzj/.runtime/yolo_loop/datasets/finetune_v2/images/train/event_feedback_022964_smoke_5022e6147499d1b5.jpg,.runtime/yolo_label_review/manual_annotations_v1/30/303ff29c4408159d28523a2914895752c4bd72037c1fae8df3a14217b851c5f9.json,2026-07-24T09:07:46.236Z,2026-07-24T09:07:46.236Z
smoke,positive,loop:finetune_v2,images/train/event_feedback_022965_smoke_02ae6c19a96cf032.jpg,pass,YES,1,1,/home/admin1/jgzj/.runtime/yolo_loop/datasets/finetune_v2/images/train/event_feedback_022965_smoke_02ae6c19a96cf032.jpg,.runtime/yolo_label_review/manual_annotations_v1/9d/9d9176354cbbd69a09e3a1c8204b847800ede569ed070b8e3350b266a9555fb2.json,2026-07-24T09:07:56.024Z,2026-07-24T09:07:56.024Z
smoke,positive,loop:finetune_v2,images/train/event_feedback_022984_smoke_cb72cf475107981f.jpg,pass,YES,1,1,/home/admin1/jgzj/.runtime/yolo_loop/datasets/finetune_v2/images/train/event_feedback_022984_smoke_cb72cf475107981f.jpg,.runtime/yolo_label_review/manual_annotations_v1/35/351c249fb49ff04b3a27b0cd10f49a2eb212f888da4320a31831ace2e61d55d1.json,2026-07-24T09:08:10.954Z,2026-07-24T09:08:10.954Z
smoke,positive,loop:finetune_v2,images/train/event_feedback_022987_smoke_b11cfe4b57e9310e.jpg,pass,YES,1,1,/home/admin1/jgzj/.runtime/yolo_loop/datasets/finetune_v2/images/train/event_feedback_022987_smoke_b11cfe4b57e9310e.jpg,.runtime/yolo_label_review/manual_annotations_v1/41/4165d3f3a41b37d139130aa5c4e78599c79eea842442578b4c0796794a957984.json,2026-07-24T09:08:19.411Z,2026-07-24T09:08:19.411Z
smoke,positive,loop:finetune_v2,images/train/event_feedback_023036_smoke_345137921446df3c.jpg,pass,YES,1,1,/home/admin1/jgzj/.runtime/yolo_loop/datasets/finetune_v2/images/train/event_feedback_023036_smoke_345137921446df3c.jpg,.runtime/yolo_label_review/manual_annotations_v1/47/479f104596c6d235733cf9d9caa6e09f95f8e36a5d22be045e293eafc4fa1638.json,2026-07-24T09:08:47.942Z,2026-07-24T09:08:47.942Z
smoke,positive,loop:finetune_v2,images/train/event_feedback_023037_smoke_c8f14f1d7ec04e13.jpg,pass,YES,1,1,/home/admin1/jgzj/.runtime/yolo_loop/datasets/finetune_v2/images/train/event_feedback_023037_smoke_c8f14f1d7ec04e13.jpg,.runtime/yolo_label_review/manual_annotations_v1/4e/4e5385aa0947d449b04d8b63017c498fa30b2bd21aef4813b2275c4189ee689d.json,2026-07-24T09:08:56.731Z,2026-07-24T09:08:56.731Z
smoke,positive,loop:finetune_v2,images/train/event_feedback_023079_smoke_47991523af9366be.jpg,pass,YES,1,1,/home/admin1/jgzj/.runtime/yolo_loop/datasets/finetune_v2/images/train/event_feedback_023079_smoke_47991523af9366be.jpg,.runtime/yolo_label_review/manual_annotations_v1/af/af18dcf670e7dab4d3bf5ee939d3a07b0b78de19b9157f405263fa8c34e3e370.json,2026-07-24T09:09:18.217Z,2026-07-24T09:09:18.217Z
smoke,positive,loop:finetune_v2,images/train/event_feedback_023090_smoke_4f9209b76c2cd8d2.jpg,pass,YES,3,3,/home/admin1/jgzj/.runtime/yolo_loop/datasets/finetune_v2/images/train/event_feedback_023090_smoke_4f9209b76c2cd8d2.jpg,.runtime/yolo_label_review/manual_annotations_v1/6c/6c7cdfff7c246c3ad2fbf45315f8239b0f054ab99223c4d52587566d0032d3c1.json,2026-07-24T09:09:48.543Z,2026-07-24T09:09:48.543Z
smoke,positive,loop:finetune_v2,images/train/event_feedback_023091_smoke_8b4540f007cd6345.jpg,pass,YES,3,3,/home/admin1/jgzj/.runtime/yolo_loop/datasets/finetune_v2/images/train/event_feedback_023091_smoke_8b4540f007cd6345.jpg,.runtime/yolo_label_review/manual_annotations_v1/68/68d5935e5fb724ffc063695540574ace806164235217e049755890fb95652cc0.json,2026-07-24T09:09:57.192Z,2026-07-24T09:09:57.192Z
smoke,positive,loop:finetune_v2,images/train/event_feedback_023127_smoke_55b6915158221da1.jpg,pass,YES,1,1,/home/admin1/jgzj/.runtime/yolo_loop/datasets/finetune_v2/images/train/event_feedback_023127_smoke_55b6915158221da1.jpg,.runtime/yolo_label_review/manual_annotations_v1/b5/b528b72672c873e6ddb80b7bc0854efd55a02985482c705710d55652ea0537a5.json,2026-07-24T09:11:11.970Z,2026-07-24T09:11:11.970Z
smoke,positive,loop:finetune_v2,images/train/event_feedback_023128_smoke_55b6915158221da1.jpg,pass,YES,1,1,/home/admin1/jgzj/.runtime/yolo_loop/datasets/finetune_v2/images/train/event_feedback_023128_smoke_55b6915158221da1.jpg,.runtime/yolo_label_review/manual_annotations_v1/48/48e93647b9959df83c9e26d4748d1c8f31322f01fac1af8d5c30f9ee90e5b7e1.json,2026-07-24T09:11:20.391Z,2026-07-24T09:11:20.391Z
smoke,positive,loop:finetune_v2,images/train/event_feedback_023129_smoke_976da831aa0808f2.jpg,pass,YES,1,1,/home/admin1/jgzj/.runtime/yolo_loop/datasets/finetune_v2/images/train/event_feedback_023129_smoke_976da831aa0808f2.jpg,.runtime/yolo_label_review/manual_annotations_v1/f8/f8f01096546ee62813dcbd77c6e547f6ac0cf66a39a7db218c92e95855740801.json,2026-07-24T09:11:29.178Z,2026-07-24T09:11:29.178Z
smoke,positive,loop:finetune_v2,images/train/event_feedback_023131_smoke_168ad761d0342930.jpg,pass,YES,1,1,/home/admin1/jgzj/.runtime/yolo_loop/datasets/finetune_v2/images/train/event_feedback_023131_smoke_168ad761d0342930.jpg,.runtime/yolo_label_review/manual_annotations_v1/74/741d719c2a0a473ad19512035a354475a55e4acaa4e9ff5b259cdd6568c573da.json,2026-07-24T09:11:35.855Z,2026-07-24T09:11:35.855Z
smoke,positive,loop:finetune_v2,images/train/event_feedback_023132_smoke_51ad490d195e7236.jpg,pass,YES,1,1,/home/admin1/jgzj/.runtime/yolo_loop/datasets/finetune_v2/images/train/event_feedback_023132_smoke_51ad490d195e7236.jpg,.runtime/yolo_label_review/manual_annotations_v1/cc/cc9f7eb20b13a1e18c2d58514e17ff4bbb2519788591e20022423100d2f28122.json,2026-07-24T09:11:39.996Z,2026-07-24T09:11:39.996Z
smoke,positive,loop:finetune_v2,images/train/event_feedback_023286_smoke_2569811c3e89a5a0.jpg,pass,YES,1,1,/home/admin1/jgzj/.runtime/yolo_loop/datasets/finetune_v2/images/train/event_feedback_023286_smoke_2569811c3e89a5a0.jpg,.runtime/yolo_label_review/manual_annotations_v1/87/87a16621fbf6ce83f75c94786e217dd40c34e1582b1eab4926303409c0694370.json,2026-07-24T09:12:33.260Z,2026-07-24T09:12:33.260Z
smoke,positive,loop:finetune_v2,images/train/event_feedback_023289_smoke_fe3fd2bbc4c84d10.jpg,pass,YES,1,1,/home/admin1/jgzj/.runtime/yolo_loop/datasets/finetune_v2/images/train/event_feedback_023289_smoke_fe3fd2bbc4c84d10.jpg,.runtime/yolo_label_review/manual_annotations_v1/b7/b7ff7c5053707377d9718b481126d462819d34328ca413673d0fcc60f61895f8.json,2026-07-24T09:12:42.365Z,2026-07-24T09:12:42.365Z
smoke,positive,loop:finetune_v2,images/train/event_feedback_023290_smoke_8ee3b47d9eef3a43.jpg,pass,YES,1,1,/home/admin1/jgzj/.runtime/yolo_loop/datasets/finetune_v2/images/train/event_feedback_023290_smoke_8ee3b47d9eef3a43.jpg,.runtime/yolo_label_review/manual_annotations_v1/b7/b778250ee06b41371b425aab2a8804d3b491f12d6b48aae094d07332d1ed1c23.json,2026-07-24T09:12:50.825Z,2026-07-24T09:12:50.825Z
smoke,positive,loop:finetune_v2,images/train/event_feedback_023292_smoke_f581293d35a35794.jpg,pass,YES,1,1,/home/admin1/jgzj/.runtime/yolo_loop/datasets/finetune_v2/images/train/event_feedback_023292_smoke_f581293d35a35794.jpg,.runtime/yolo_label_review/manual_annotations_v1/8b/8b2031394dd99d01e063a487b44b0aadf2dfccf51acc3e3c0b3687582ae0b698.json,2026-07-24T09:12:58.793Z,2026-07-24T09:12:58.793Z
smoke,positive,loop:finetune_v2,images/train/event_feedback_023294_smoke_b2138c5ff2be4d01.jpg,pass,YES,1,1,/home/admin1/jgzj/.runtime/yolo_loop/datasets/finetune_v2/images/train/event_feedback_023294_smoke_b2138c5ff2be4d01.jpg,.runtime/yolo_label_review/manual_annotations_v1/84/849b0a38beff68c4d17117148b4e28f725250384cba89d11d7a816fa2c2eba35.json,2026-07-24T09:13:06.670Z,2026-07-24T09:13:06.670Z
smoke,positive,loop:finetune_v2,images/train/event_feedback_023296_smoke_cf86ae0897976163.jpg,pass,YES,1,1,/home/admin1/jgzj/.runtime/yolo_loop/datasets/finetune_v2/images/train/event_feedback_023296_smoke_cf86ae0897976163.jpg,.runtime/yolo_label_review/manual_annotations_v1/5e/5e262dc97704509c55fa84f296cbd9688d9248b2b6f9b271914d04de32497f1e.json,2026-07-24T09:13:14.567Z,2026-07-24T09:13:14.567Z
smoke,positive,loop:finetune_v2,images/train/event_feedback_023332_smoke_815de13423e5c48c.jpg,pass,YES,1,1,/home/admin1/jgzj/.runtime/yolo_loop/datasets/finetune_v2/images/train/event_feedback_023332_smoke_815de13423e5c48c.jpg,.runtime/yolo_label_review/manual_annotations_v1/92/928236a1656b0cb237ede0fd83e63218ac6ba061401c3faae20a44dd87b47bbd.json,2026-07-24T09:14:13.295Z,2026-07-24T09:14:13.295Z
smoke,positive,loop:finetune_v2,images/train/event_feedback_023341_smoke_9406b9dfaa75fd63.jpg,pass,YES,1,1,/home/admin1/jgzj/.runtime/yolo_loop/datasets/finetune_v2/images/train/event_feedback_023341_smoke_9406b9dfaa75fd63.jpg,.runtime/yolo_label_review/manual_annotations_v1/eb/eba11b26cc39e0750ce013a3efe0d22704f5143ce290bf32c3facd4863df1a82.json,2026-07-24T09:14:23.033Z,2026-07-24T09:14:23.033Z
smoke,positive,loop:finetune_v2,images/val/event_feedback_011746_fire_832d15a17305cdb4.jpg,pass,YES,1,2,/home/admin1/jgzj/.runtime/yolo_loop/datasets/finetune_v2/images/val/event_feedback_011746_fire_832d15a17305cdb4.jpg,.runtime/yolo_label_review/manual_annotations_v1/db/db42c41dd6bf949f9c5a2f134836417546d117a7e6d8510f6e5f3f9e41deedb6.json,2026-07-24T08:43:27.806Z,2026-07-24T08:43:27.806Z
smoke,positive,loop:finetune_v2,images/val/event_feedback_011760_smoke_4b5799f0e5826071.jpg,pass,YES,1,2,/home/admin1/jgzj/.runtime/yolo_loop/datasets/finetune_v2/images/val/event_feedback_011760_smoke_4b5799f0e5826071.jpg,.runtime/yolo_label_review/manual_annotations_v1/83/83ec8b84a50b2a8b5133fbce54049c3fdf5265f223af57c8a46421abf3b09a19.json,2026-07-24T08:44:38.781Z,2026-07-24T08:44:38.781Z
smoke,positive,loop:finetune_v2,images/val/event_feedback_011787_smoke_6f51fcc419961edf.jpg,pass,YES,1,2,/home/admin1/jgzj/.runtime/yolo_loop/datasets/finetune_v2/images/val/event_feedback_011787_smoke_6f51fcc419961edf.jpg,.runtime/yolo_label_review/manual_annotations_v1/79/795ba71fc6551d23be5a9d9011887a6609998e5f22848341d777a67764b465e4.json,2026-07-24T08:46:32.883Z,2026-07-24T08:46:32.883Z
smoke,positive,loop:finetune_v2,images/val/event_feedback_011829_smoke_3c2ee6f62c6a3497.jpg,pass,YES,1,1,/home/admin1/jgzj/.runtime/yolo_loop/datasets/finetune_v2/images/val/event_feedback_011829_smoke_3c2ee6f62c6a3497.jpg,.runtime/yolo_label_review/manual_annotations_v1/ff/ffcd9f52f111578060f391c931afd72f6d3f1257617e9f29488a56f84554dbde.json,2026-07-24T08:51:30.727Z,2026-07-24T08:51:30.727Z
smoke,positive,loop:finetune_v2,images/val/event_feedback_011854_fire_918491d30fa00bd0.jpg,pass,YES,1,2,/home/admin1/jgzj/.runtime/yolo_loop/datasets/finetune_v2/images/val/event_feedback_011854_fire_918491d30fa00bd0.jpg,.runtime/yolo_label_review/manual_annotations_v1/b9/b98280bce3b51b6976a23a3c225260e089921bdff7219780c8fd42b3b7f0c8f6.json,2026-07-24T08:54:03.442Z,2026-07-24T08:54:03.442Z
smoke,positive,loop:finetune_v2,images/val/event_feedback_011858_fire_b4af8e5e03c3cc09.jpg,pass,YES,1,2,/home/admin1/jgzj/.runtime/yolo_loop/datasets/finetune_v2/images/val/event_feedback_011858_fire_b4af8e5e03c3cc09.jpg,.runtime/yolo_label_review/manual_annotations_v1/c4/c4ebf08e0e24416eb564eae8a0516ae236cd17f1dfe7dcf6b41fe09ea206e040.json,2026-07-24T08:54:34.380Z,2026-07-24T08:54:34.380Z
smoke,positive,loop:finetune_v2,images/val/event_feedback_011877_smoke_d6bd0666a89f020c.jpg,pass,YES,1,2,/home/admin1/jgzj/.runtime/yolo_loop/datasets/finetune_v2/images/val/event_feedback_011877_smoke_d6bd0666a89f020c.jpg,.runtime/yolo_label_review/manual_annotations_v1/b9/b9cfcddf08d3dd2ba28650554fea237875c04fa4f0d9f1bfca7dd63ae7d6d320.json,2026-07-24T08:56:37.603Z,2026-07-24T08:56:37.603Z
smoke,positive,loop:finetune_v2,images/val/event_feedback_011917_smoke_827ca43d9112bcb9.jpg,pass,YES,1,1,/home/admin1/jgzj/.runtime/yolo_loop/datasets/finetune_v2/images/val/event_feedback_011917_smoke_827ca43d9112bcb9.jpg,.runtime/yolo_label_review/manual_annotations_v1/c1/c1fb126fd2f09f3ce82523f6d306506be5b261550f46ed65c97716001f6a26d5.json,2026-07-24T09:00:07.017Z,2026-07-24T09:00:07.017Z
smoke,positive,loop:finetune_v2,images/val/event_feedback_022980_smoke_9992b172c1a6c3b1.jpg,pass,YES,1,1,/home/admin1/jgzj/.runtime/yolo_loop/datasets/finetune_v2/images/val/event_feedback_022980_smoke_9992b172c1a6c3b1.jpg,.runtime/yolo_label_review/manual_annotations_v1/93/935c5e31621a5c40a9116c4f8c273f01986b353dc78f750614156dc50dc86d69.json,2026-07-24T09:08:03.057Z,2026-07-24T09:08:03.057Z
smoke,positive,loop:finetune_v2,images/val/event_feedback_022991_smoke_4adec26c871c7a73.jpg,pass,YES,1,1,/home/admin1/jgzj/.runtime/yolo_loop/datasets/finetune_v2/images/val/event_feedback_022991_smoke_4adec26c871c7a73.jpg,.runtime/yolo_label_review/manual_annotations_v1/dc/dcbf55525a0f9999ad4cdb2ab676c8d3e54f8199baa578d9479bad866283a430.json,2026-07-24T09:08:28.203Z,2026-07-24T09:08:28.203Z
smoke,positive,loop:fire_smoke_web_candidates_v3,images/review/023488b29e3b79032d61312f.jpg,pass,YES,1,2,/home/admin1/jgzj/.runtime/yolo_loop/datasets/fire_smoke_web_candidates_v3/images/review/023488b29e3b79032d61312f.jpg,.runtime/yolo_label_review/manual_annotations_v1/2b/2be6c0a39fffec063e43419a9c88a591ca388a206cfc0a540726830c945bce20.json,2026-07-27T04:44:20.998Z,2026-07-27T04:44:20.998Z
smoke,positive,loop:fire_smoke_web_candidates_v3,images/review/0244482e5337ebf9644856fa.jpg,pass,YES,1,2,/home/admin1/jgzj/.runtime/yolo_loop/datasets/fire_smoke_web_candidates_v3/images/review/0244482e5337ebf9644856fa.jpg,.runtime/yolo_label_review/manual_annotations_v1/30/300fe9111c855988e39c5c50d76f54666170bcd96508f109832de75e2081f88e.json,2026-07-27T02:40:52.662Z,2026-07-27T02:40:52.662Z
smoke,positive,loop:fire_smoke_web_candidates_v3,images/review/03cd5914eb968e22697c4ae0.jpg,pass,YES,1,1,/home/admin1/jgzj/.runtime/yolo_loop/datasets/fire_smoke_web_candidates_v3/images/review/03cd5914eb968e22697c4ae0.jpg,.runtime/yolo_label_review/manual_annotations_v1/9c/9cfc2131a85b5b91d852dc4b619734a1b595d9f523cf903e00230c163a87c2e0.json,2026-07-27T03:17:13.802Z,2026-07-27T03:17:13.802Z
smoke,positive,loop:fire_smoke_web_candidates_v3,images/review/0671b86fbd4cca603d2ac9f8.jpg,pass,YES,1,1,/home/admin1/jgzj/.runtime/yolo_loop/datasets/fire_smoke_web_candidates_v3/images/review/0671b86fbd4cca603d2ac9f8.jpg,.runtime/yolo_label_review/manual_annotations_v1/0f/0fda2af55b42f10f0bf3226a8330f5d5e5f933a0ffcaa5ca7e30b19069a54fc4.json,2026-07-21T03:19:12.667Z,2026-07-21T03:19:12.667Z
smoke,positive,loop:fire_smoke_web_candidates_v3,images/review/0770d340b4d2811f20cfa3f8.jpg,pass,YES,1,4,/home/admin1/jgzj/.runtime/yolo_loop/datasets/fire_smoke_web_candidates_v3/images/review/0770d340b4d2811f20cfa3f8.jpg,.runtime/yolo_label_review/manual_annotations_v1/86/863f4450b6b2261a9f0d334067d79e3ee31403cb43f8bcf283d57f787f983898.json,2026-07-27T03:04:52.066Z,2026-07-27T03:04:52.066Z
smoke,positive,loop:fire_smoke_web_candidates_v3,images/review/09cdad440156bc6dc81b66cf.jpg,pass,YES,2,2,/home/admin1/jgzj/.runtime/yolo_loop/datasets/fire_smoke_web_candidates_v3/images/review/09cdad440156bc6dc81b66cf.jpg,.runtime/yolo_label_review/manual_annotations_v1/3b/3b1bd2f1f1d8f91944267a40131582e832d0e7b8f26e437168d0dc40304a0bdc.json,2026-07-21T03:08:39.615Z,2026-07-21T03:08:39.615Z
smoke,positive,loop:fire_smoke_web_candidates_v3,images/review/0a5f3d12eb42e869c1c40b39.jpg,pass,YES,1,1,/home/admin1/jgzj/.runtime/yolo_loop/datasets/fire_smoke_web_candidates_v3/images/review/0a5f3d12eb42e869c1c40b39.jpg,.runtime/yolo_label_review/manual_annotations_v1/f5/f5f8e7de7ccc2551ba2cfb6a9f9e516b8e44d93551e7e003b53d700c4e7e8bee.json,2026-07-21T02:12:30.101Z,2026-07-21T02:12:30.101Z
smoke,positive,loop:fire_smoke_web_candidates_v3,images/review/0be80cfe36cf8acf73333f11.jpg,pass,YES,1,1,/home/admin1/jgzj/.runtime/yolo_loop/datasets/fire_smoke_web_candidates_v3/images/review/0be80cfe36cf8acf73333f11.jpg,.runtime/yolo_label_review/manual_annotations_v1/21/21e72a9d5b04a8d58a977d4b721c268e075a3accf8a02035e0b5c69506d96745.json,2026-07-21T02:13:24.476Z,2026-07-21T02:13:24.476Z
smoke,positive,loop:fire_smoke_web_candidates_v3,images/review/0d50bbb822011672d989d90c.jpg,pass,YES,1,1,/home/admin1/jgzj/.runtime/yolo_loop/datasets/fire_smoke_web_candidates_v3/images/review/0d50bbb822011672d989d90c.jpg,.runtime/yolo_label_review/manual_annotations_v1/34/34b6955d2cf232610d63e6d82669bc27ea0a445841f5e1a28eaf1ff02b33b46a.json,2026-07-21T02:30:10.356Z,2026-07-21T02:30:10.356Z
smoke,positive,loop:fire_smoke_web_candidates_v3,images/review/0e1fd4bfd462ae8ee863d98b.jpg,pass,YES,1,1,/home/admin1/jgzj/.runtime/yolo_loop/datasets/fire_smoke_web_candidates_v3/images/review/0e1fd4bfd462ae8ee863d98b.jpg,.runtime/yolo_label_review/manual_annotations_v1/b0/b03705a62e422706f28c00a8a2498e94b3d6f50b24a1167b2db4a98880191aea.json,2026-07-27T04:15:14.747Z,2026-07-27T04:15:14.747Z
smoke,positive,loop:fire_smoke_web_candidates_v3,images/review/0ebe6ef4ad9885abf90762a2.jpg,pass,YES,1,1,/home/admin1/jgzj/.runtime/yolo_loop/datasets/fire_smoke_web_candidates_v3/images/review/0ebe6ef4ad9885abf90762a2.jpg,.runtime/yolo_label_review/manual_annotations_v1/84/849bf8e2d17a8824060403bc75e7576b60a94bf5fc2713f652e176ac6b6125b3.json,2026-07-21T02:51:53.432Z,2026-07-21T02:51:53.432Z
smoke,positive,loop:fire_smoke_web_candidates_v3,images/review/119c144c383eef9be3c7571d.jpg,pass,YES,1,1,/home/admin1/jgzj/.runtime/yolo_loop/datasets/fire_smoke_web_candidates_v3/images/review/119c144c383eef9be3c7571d.jpg,.runtime/yolo_label_review/manual_annotations_v1/7f/7f83ee947cc7c96c6b684d9287d1a984cda2ecd173457d5172856891fe77a4a6.json,2026-07-27T02:53:02.185Z,2026-07-27T02:53:02.185Z
smoke,positive,loop:fire_smoke_web_candidates_v3,images/review/1359455dfde62e759ae77987.jpg,pass,YES,1,2,/home/admin1/jgzj/.runtime/yolo_loop/datasets/fire_smoke_web_candidates_v3/images/review/1359455dfde62e759ae77987.jpg,.runtime/yolo_label_review/manual_annotations_v1/7e/7ea7b8f2689740d0149fb264b50acdca314a560032d35ed6299c9fb7f8fe5353.json,2026-07-27T03:17:57.296Z,2026-07-27T03:17:57.296Z
smoke,positive,loop:fire_smoke_web_candidates_v3,images/review/13959e00830936d041cc1ada.jpg,pass,YES,1,1,/home/admin1/jgzj/.runtime/yolo_loop/datasets/fire_smoke_web_candidates_v3/images/review/13959e00830936d041cc1ada.jpg,.runtime/yolo_label_review/manual_annotations_v1/45/45be55c1b128313da82067dfb766c8e79b56af9533cd636f2b42b2a2c094f6f6.json,2026-07-27T03:21:13.299Z,2026-07-27T03:21:13.299Z
smoke,positive,loop:fire_smoke_web_candidates_v3,images/review/1444648a19d8840872a165bb.jpg,pass,YES,1,2,/home/admin1/jgzj/.runtime/yolo_loop/datasets/fire_smoke_web_candidates_v3/images/review/1444648a19d8840872a165bb.jpg,.runtime/yolo_label_review/manual_annotations_v1/d5/d5474ada5026757fbc1848568554b1ac5e345d36fd8e7dc818f6479fd71287b4.json,2026-07-27T04:19:35.625Z,2026-07-27T04:19:35.625Z
smoke,positive,loop:fire_smoke_web_candidates_v3,images/review/1527e95bd9522a66b83324ec.jpg,pass,YES,1,1,/home/admin1/jgzj/.runtime/yolo_loop/datasets/fire_smoke_web_candidates_v3/images/review/1527e95bd9522a66b83324ec.jpg,.runtime/yolo_label_review/manual_annotations_v1/20/20a9c5996f50e947c5b7a831c74c965a17d4492617bdfe673b8b23f64ad66e09.json,2026-07-27T02:47:31.175Z,2026-07-27T02:47:31.175Z
smoke,positive,loop:fire_smoke_web_candidates_v3,images/review/15bf42938cb4472e59be09ba.jpg,pass,YES,1,1,/home/admin1/jgzj/.runtime/yolo_loop/datasets/fire_smoke_web_candidates_v3/images/review/15bf42938cb4472e59be09ba.jpg,.runtime/yolo_label_review/manual_annotations_v1/df/dfbfe490704dfb69e2ca44378404c4bb4eca61d473199451f89f14a2c1b1ce48.json,2026-07-21T02:00:09.333Z,2026-07-21T02:00:09.333Z
smoke,positive,loop:fire_smoke_web_candidates_v3,images/review/1658b042cc3f442bafa98bc4.jpg,pass,YES,1,1,/home/admin1/jgzj/.runtime/yolo_loop/datasets/fire_smoke_web_candidates_v3/images/review/1658b042cc3f442bafa98bc4.jpg,.runtime/yolo_label_review/manual_annotations_v1/30/30992cdadb7ab0ffaf6373df62ef9f9aca3bb959963abb212a3f05a54f34c69c.json,2026-07-21T02:36:20.168Z,2026-07-21T02:36:20.168Z
smoke,positive,loop:fire_smoke_web_candidates_v3,images/review/166b0d32f2cb4976d4b954cc.jpg,pass,YES,1,1,/home/admin1/jgzj/.runtime/yolo_loop/datasets/fire_smoke_web_candidates_v3/images/review/166b0d32f2cb4976d4b954cc.jpg,.runtime/yolo_label_review/manual_annotations_v1/be/befa09850afb5f2ba42a2135550d8dfc98d627ba5ae182640245c09942976c8f.json,2026-07-27T03:23:46.923Z,2026-07-27T03:23:46.923Z
smoke,positive,loop:fire_smoke_web_candidates_v3,images/review/17d8da30651934b60d8c43e0.jpg,pass,YES,1,2,/home/admin1/jgzj/.runtime/yolo_loop/datasets/fire_smoke_web_candidates_v3/images/review/17d8da30651934b60d8c43e0.jpg,.runtime/yolo_label_review/manual_annotations_v1/4d/4d492f1ec17b84648b048a8edd150074190d2fbf8d6f546a40bc2a5c0d2c4da4.json,2026-07-27T04:35:56.174Z,2026-07-27T04:35:56.174Z
smoke,positive,loop:fire_smoke_web_candidates_v3,images/review/18adefba6300a128c9961079.jpg,pass,YES,1,4,/home/admin1/jgzj/.runtime/yolo_loop/datasets/fire_smoke_web_candidates_v3/images/review/18adefba6300a128c9961079.jpg,.runtime/yolo_label_review/manual_annotations_v1/4c/4cde5a23acfcbd7671b6e85cb4ce552922d47bfa9f942a547890a14b95815128.json,2026-07-27T04:40:37.079Z,2026-07-27T04:40:37.079Z
smoke,positive,loop:fire_smoke_web_candidates_v3,images/review/1ad116b12a0af0d9fc4650e0.jpg,pass,YES,1,1,/home/admin1/jgzj/.runtime/yolo_loop/datasets/fire_smoke_web_candidates_v3/images/review/1ad116b12a0af0d9fc4650e0.jpg,.runtime/yolo_label_review/manual_annotations_v1/76/76ab11801744f38647c9e35bbbc16a715ffd0bec1677313ff1df6b4d150b30e6.json,2026-07-27T02:44:06.672Z,2026-07-27T02:44:06.672Z
smoke,positive,loop:fire_smoke_web_candidates_v3,images/review/1ad86dcf751d84d28287f78a.jpg,pass,YES,1,1,/home/admin1/jgzj/.runtime/yolo_loop/datasets/fire_smoke_web_candidates_v3/images/review/1ad86dcf751d84d28287f78a.jpg,.runtime/yolo_label_review/manual_annotations_v1/c7/c7304fbd63bc72fc3eea9168be6abd718e6a03d812e70341e3ea6690bf63543c.json,2026-07-27T04:34:52.811Z,2026-07-27T04:34:52.811Z
smoke,positive,loop:fire_smoke_web_candidates_v3,images/review/1c6376fc861beaf211d4057b.jpg,pass,YES,1,1,/home/admin1/jgzj/.runtime/yolo_loop/datasets/fire_smoke_web_candidates_v3/images/review/1c6376fc861beaf211d4057b.jpg,.runtime/yolo_label_review/manual_annotations_v1/f6/f62d351464da0912326dd745b35f91241e5d897a1551b7ed0ed0df2ddb14a61f.json,2026-07-21T02:32:43.766Z,2026-07-21T02:32:43.766Z
smoke,positive,loop:fire_smoke_web_candidates_v3,images/review/2030c0247f48c4751858c0af.jpg,pass,YES,1,1,/home/admin1/jgzj/.runtime/yolo_loop/datasets/fire_smoke_web_candidates_v3/images/review/2030c0247f48c4751858c0af.jpg,.runtime/yolo_label_review/manual_annotations_v1/bf/bf6bdffffc8d0a2217777988612d58294a5d4bc6296fda01ba3b7da342081971.json,2026-07-21T02:27:21.767Z,2026-07-21T02:27:21.767Z
smoke,positive,loop:fire_smoke_web_candidates_v3,images/review/21ca0280ac22eec8c74457d1.jpg,pass,YES,1,1,/home/admin1/jgzj/.runtime/yolo_loop/datasets/fire_smoke_web_candidates_v3/images/review/21ca0280ac22eec8c74457d1.jpg,.runtime/yolo_label_review/manual_annotations_v1/bc/bc359af19fd4719ddfc6fcbd4b8fce3a10ac44aa4fa009950c6388a23b428778.json,2026-07-21T02:01:24.512Z,2026-07-21T02:01:24.512Z
smoke,positive,loop:fire_smoke_web_candidates_v3,images/review/228e07d3d992712ae494fd37.jpg,pass,YES,1,2,/home/admin1/jgzj/.runtime/yolo_loop/datasets/fire_smoke_web_candidates_v3/images/review/228e07d3d992712ae494fd37.jpg,.runtime/yolo_label_review/manual_annotations_v1/f6/f6fd9f1bbdbd4837c6e8c55e15d0965effc117c1e7b1e5ca79899e594bb0fce2.json,2026-07-27T04:30:57.476Z,2026-07-27T04:30:57.476Z
smoke,positive,loop:fire_smoke_web_candidates_v3,images/review/22c804ec6fb948614fa7b2af.jpg,pass,YES,2,3,/home/admin1/jgzj/.runtime/yolo_loop/datasets/fire_smoke_web_candidates_v3/images/review/22c804ec6fb948614fa7b2af.jpg,.runtime/yolo_label_review/manual_annotations_v1/70/7024c70aa1b674878ed0ff5caeb101f4bf91bd25858882850229b423ba04eac8.json,2026-07-27T04:37:54.390Z,2026-07-27T04:37:54.390Z
smoke,positive,loop:fire_smoke_web_candidates_v3,images/review/2349d8f2781094fb6f78ce38.jpg,pass,YES,1,2,/home/admin1/jgzj/.runtime/yolo_loop/datasets/fire_smoke_web_candidates_v3/images/review/2349d8f2781094fb6f78ce38.jpg,.runtime/yolo_label_review/manual_annotations_v1/7b/7b0e2bd18401b710f95236a93aa0bbdcf79e01866cbc3009730568cb474dfd04.json,2026-07-21T03:20:27.769Z,2026-07-21T03:20:27.769Z
smoke,positive,loop:fire_smoke_web_candidates_v3,images/review/23b2e946403fd6a3999cb172.jpg,pass,YES,1,2,/home/admin1/jgzj/.runtime/yolo_loop/datasets/fire_smoke_web_candidates_v3/images/review/23b2e946403fd6a3999cb172.jpg,.runtime/yolo_label_review/manual_annotations_v1/27/2739ef7022bfde9584bfab9db2fe5798f0e8794e1ad8236ae7eef8d22a81e0e7.json,2026-07-27T02:39:34.875Z,2026-07-27T02:39:34.875Z
smoke,positive,loop:fire_smoke_web_candidates_v3,images/review/243eea3f9aff497707f67224.jpg,pass,YES,2,2,/home/admin1/jgzj/.runtime/yolo_loop/datasets/fire_smoke_web_candidates_v3/images/review/243eea3f9aff497707f67224.jpg,.runtime/yolo_label_review/manual_annotations_v1/89/892afedcae99a7f1940879011a4985775313dee6c017198c0520fe6b826355d8.json,2026-07-21T02:06:47.113Z,2026-07-21T02:06:47.113Z
smoke,positive,loop:fire_smoke_web_candidates_v3,images/review/246e0d284c8621554b422662.jpg,pass,YES,1,1,/home/admin1/jgzj/.runtime/yolo_loop/datasets/fire_smoke_web_candidates_v3/images/review/246e0d284c8621554b422662.jpg,.runtime/yolo_label_review/manual_annotations_v1/e5/e58a5e8da50b55644b2b4af221b0362f675a53d5c69f29b299423099cb0a3a1f.json,2026-07-21T02:31:25.298Z,2026-07-21T02:31:25.298Z
smoke,positive,loop:fire_smoke_web_candidates_v3,images/review/26be12810830562ced2f5304.jpg,pass,YES,1,2,/home/admin1/jgzj/.runtime/yolo_loop/datasets/fire_smoke_web_candidates_v3/images/review/26be12810830562ced2f5304.jpg,.runtime/yolo_label_review/manual_annotations_v1/30/30961abc7620d0797382da4ef96241b9aa4aa97af5fe9bfd53b893191e591837.json,2026-07-27T03:00:21.330Z,2026-07-27T03:00:21.330Z
smoke,positive,loop:fire_smoke_web_candidates_v3,images/review/298e9e3527168266ee4a4216.jpg,pass,YES,1,1,/home/admin1/jgzj/.runtime/yolo_loop/datasets/fire_smoke_web_candidates_v3/images/review/298e9e3527168266ee4a4216.jpg,.runtime/yolo_label_review/manual_annotations_v1/5e/5e5666bd1ed727ffec349e363682a16cf50e992fbec838dfa2e8fd262588e4ea.json,2026-07-21T02:48:52.694Z,2026-07-21T02:48:52.694Z
smoke,positive,loop:fire_smoke_web_candidates_v3,images/review/29bf35c96b52af55496a2433.jpg,pass,YES,1,1,/home/admin1/jgzj/.runtime/yolo_loop/datasets/fire_smoke_web_candidates_v3/images/review/29bf35c96b52af55496a2433.jpg,.runtime/yolo_label_review/manual_annotations_v1/7f/7f2b7806fae6b9d8e62f8be5935486f44e2d4510279e6fe29d83ccbadd04afdf.json,2026-07-21T02:52:14.143Z,2026-07-21T02:52:14.143Z
smoke,positive,loop:fire_smoke_web_candidates_v3,images/review/2a43ca0509b389301b218557.jpg,pass,YES,1,1,/home/admin1/jgzj/.runtime/yolo_loop/datasets/fire_smoke_web_candidates_v3/images/review/2a43ca0509b389301b218557.jpg,.runtime/yolo_label_review/manual_annotations_v1/73/73bc1d5d9510629c21d4e8f7c6b93d7b57b00a6519ae6ef85ca71b5569621f9f.json,2026-07-21T03:15:19.341Z,2026-07-21T03:15:19.341Z
smoke,positive,loop:fire_smoke_web_candidates_v3,images/review/2b2054572f28665e973be265.jpg,pass,YES,1,2,/home/admin1/jgzj/.runtime/yolo_loop/datasets/fire_smoke_web_candidates_v3/images/review/2b2054572f28665e973be265.jpg,.runtime/yolo_label_review/manual_annotations_v1/71/71337cc1643df5614afb44ca636db6a1a838e835dcbc6d7ed167ee5bcd08529c.json,2026-07-27T04:21:47.561Z,2026-07-27T04:21:47.561Z
smoke,positive,loop:fire_smoke_web_candidates_v3,images/review/2b6be3e1d449218e89185289.jpg,pass,YES,1,1,/home/admin1/jgzj/.runtime/yolo_loop/datasets/fire_smoke_web_candidates_v3/images/review/2b6be3e1d449218e89185289.jpg,.runtime/yolo_label_review/manual_annotations_v1/52/522fc13bf2ea850845867af37a67216de9068f94c67539e19392f1b6d0124829.json,2026-07-27T04:39:41.925Z,2026-07-27T04:39:41.925Z
smoke,positive,loop:fire_smoke_web_candidates_v3,images/review/2b99ececbff59dc81ec30ed0.jpg,pass,YES,1,1,/home/admin1/jgzj/.runtime/yolo_loop/datasets/fire_smoke_web_candidates_v3/images/review/2b99ececbff59dc81ec30ed0.jpg,.runtime/yolo_label_review/manual_annotations_v1/ca/cac67431d70c7ecccee7bb0020d42973af1aae5b8e8e58fdaa3304d5820454f6.json,2026-07-27T04:42:21.022Z,2026-07-27T04:42:21.022Z
smoke,positive,loop:fire_smoke_web_candidates_v3,images/review/2d9720de5d60209adcfb4253.jpg,pass,YES,1,1,/home/admin1/jgzj/.runtime/yolo_loop/datasets/fire_smoke_web_candidates_v3/images/review/2d9720de5d60209adcfb4253.jpg,.runtime/yolo_label_review/manual_annotations_v1/85/854634d5dd8eb4aed2e16e5e297531b5d7fd97b95a4995f74d236cafbe9da65b.json,2026-07-21T02:35:55.199Z,2026-07-21T02:35:55.199Z
smoke,positive,loop:fire_smoke_web_candidates_v3,images/review/3359b3f9047cce682f06d1b8.jpg,pass,YES,1,1,/home/admin1/jgzj/.runtime/yolo_loop/datasets/fire_smoke_web_candidates_v3/images/review/3359b3f9047cce682f06d1b8.jpg,.runtime/yolo_label_review/manual_annotations_v1/9e/9e9f9c3945a60d8a1eb75f11042370de299b5992639e3e75819e23d73b1d9828.json,2026-07-27T04:20:51.038Z,2026-07-27T04:20:51.038Z
smoke,positive,loop:fire_smoke_web_candidates_v3,images/review/348bd6dddf3591fe0f37d117.jpg,pass,YES,1,4,/home/admin1/jgzj/.runtime/yolo_loop/datasets/fire_smoke_web_candidates_v3/images/review/348bd6dddf3591fe0f37d117.jpg,.runtime/yolo_label_review/manual_annotations_v1/af/aff105ebc3c70aa2245919d32c79c562933443a9f21c5585f7b378863dccaaf8.json,2026-07-27T02:48:50.485Z,2026-07-27T02:48:50.485Z
smoke,positive,loop:fire_smoke_web_candidates_v3,images/review/356e2bd312af94a692c5b3ac.jpg,pass,YES,1,1,/home/admin1/jgzj/.runtime/yolo_loop/datasets/fire_smoke_web_candidates_v3/images/review/356e2bd312af94a692c5b3ac.jpg,.runtime/yolo_label_review/manual_annotations_v1/54/54246e21144b7404c932848e46744a052b2d41ee8216c7730f87678c42aeddc2.json,2026-07-21T01:57:38.860Z,2026-07-21T01:57:38.860Z
smoke,positive,loop:fire_smoke_web_candidates_v3,images/review/36a8b1f704e39b97b29bffd9.jpg,pass,YES,1,1,/home/admin1/jgzj/.runtime/yolo_loop/datasets/fire_smoke_web_candidates_v3/images/review/36a8b1f704e39b97b29bffd9.jpg,.runtime/yolo_label_review/manual_annotations_v1/6a/6a4c233ed5277f6d5161f659cd50ebe1eab8f6061909b5cdad3cf120c8f4e176.json,2026-07-27T04:37:18.068Z,2026-07-27T04:37:18.068Z
smoke,positive,loop:fire_smoke_web_candidates_v3,images/review/3767c1f9f9606d0abce07437.jpg,pass,YES,1,1,/home/admin1/jgzj/.runtime/yolo_loop/datasets/fire_smoke_web_candidates_v3/images/review/3767c1f9f9606d0abce07437.jpg,.runtime/yolo_label_review/manual_annotations_v1/cc/cc573b6aa5bd23c14944c9fb3fc9a664bc620277a72f90ee6b65eecaeb4207ef.json,2026-07-27T04:41:51.010Z,2026-07-27T04:41:51.010Z
smoke,positive,loop:fire_smoke_web_candidates_v3,images/review/38fa435345862e7bb378a245.jpg,pass,YES,1,1,/home/admin1/jgzj/.runtime/yolo_loop/datasets/fire_smoke_web_candidates_v3/images/review/38fa435345862e7bb378a245.jpg,.runtime/yolo_label_review/manual_annotations_v1/55/55aa6c3f4c27a5c062cc9086bad3945a460ac5e354e4686d60c6a34356fc2e41.json,2026-07-27T04:35:09.365Z,2026-07-27T04:35:09.365Z
smoke,positive,loop:fire_smoke_web_candidates_v3,images/review/3bd8599bbf064fb8e031df03.jpg,pass,YES,1,1,/home/admin1/jgzj/.runtime/yolo_loop/datasets/fire_smoke_web_candidates_v3/images/review/3bd8599bbf064fb8e031df03.jpg,.runtime/yolo_label_review/manual_annotations_v1/c0/c0334ce4be28631dad3571ad9f2c837c3a2ccc05669d1263e29b221c2547e82e.json,2026-07-21T01:58:54.584Z,2026-07-21T01:58:54.584Z
smoke,positive,loop:fire_smoke_web_candidates_v3,images/review/3f2931cde0f58e2e9e544fa1.jpg,pass,YES,1,2,/home/admin1/jgzj/.runtime/yolo_loop/datasets/fire_smoke_web_candidates_v3/images/review/3f2931cde0f58e2e9e544fa1.jpg,.runtime/yolo_label_review/manual_annotations_v1/d0/d0de547101f532af734e194bf681f28e9b9812ef939e5ae03d4027e15bbed512.json,2026-07-27T02:35:26.266Z,2026-07-27T02:35:26.266Z
smoke,positive,loop:fire_smoke_web_candidates_v3,images/review/422bdf9c61d0acbe4e555813.jpg,pass,YES,4,4,/home/admin1/jgzj/.runtime/yolo_loop/datasets/fire_smoke_web_candidates_v3/images/review/422bdf9c61d0acbe4e555813.jpg,.runtime/yolo_label_review/manual_annotations_v1/4d/4deee32f8bd4b6a6aa1ff3ec0426cc8485cf3195ceb87d5d1da6b56a55b19b47.json,2026-07-21T03:00:46.421Z,2026-07-21T03:00:46.421Z
smoke,positive,loop:fire_smoke_web_candidates_v3,images/review/438c853ad5bdb0adcffc036a.jpg,pass,YES,1,1,/home/admin1/jgzj/.runtime/yolo_loop/datasets/fire_smoke_web_candidates_v3/images/review/438c853ad5bdb0adcffc036a.jpg,.runtime/yolo_label_review/manual_annotations_v1/43/43528351422eed4d7a8a84bb8cb722b4d89f60388852521ba451d5ec473f384a.json,2026-07-21T02:00:24.860Z,2026-07-21T02:00:24.860Z
smoke,positive,loop:fire_smoke_web_candidates_v3,images/review/4443788eed52587016f1e3e3.jpg,pass,YES,1,1,/home/admin1/jgzj/.runtime/yolo_loop/datasets/fire_smoke_web_candidates_v3/images/review/4443788eed52587016f1e3e3.jpg,.runtime/yolo_label_review/manual_annotations_v1/9b/9baa6303d4e983500d8b983dad88f1187ab4adf4fd41c27cdfafcf2ef014bae8.json,2026-07-27T03:02:07.738Z,2026-07-27T03:02:07.738Z
smoke,positive,loop:fire_smoke_web_candidates_v3,images/review/44bbfd7892d10ceee172377e.jpg,pass,YES,1,1,/home/admin1/jgzj/.runtime/yolo_loop/datasets/fire_smoke_web_candidates_v3/images/review/44bbfd7892d10ceee172377e.jpg,.runtime/yolo_label_review/manual_annotations_v1/6d/6d9579e4ebd2496afd2fdfb0bacefd4f646443d9380ae17637d2191b836c86ec.json,2026-07-27T02:41:22.086Z,2026-07-27T02:41:22.086Z
smoke,positive,loop:fire_smoke_web_candidates_v3,images/review/46e0309cf3213510fc5089c0.jpg,pass,YES,1,1,/home/admin1/jgzj/.runtime/yolo_loop/datasets/fire_smoke_web_candidates_v3/images/review/46e0309cf3213510fc5089c0.jpg,.runtime/yolo_label_review/manual_annotations_v1/ed/ede4bdb97766e95f457a0b9bc250ccd8d4adc9aef39ff769cfc9ace2ebdb6e7a.json,2026-07-27T04:33:49.407Z,2026-07-27T04:33:49.407Z
smoke,positive,loop:fire_smoke_web_candidates_v3,images/review/4a74b518713ada12f7c8a730.jpg,pass,YES,1,2,/home/admin1/jgzj/.runtime/yolo_loop/datasets/fire_smoke_web_candidates_v3/images/review/4a74b518713ada12f7c8a730.jpg,.runtime/yolo_label_review/manual_annotations_v1/ff/fff33fa4f823385f4eb9f616add22e7bfd679ab96b385cc861c332591c1ed4f6.json,2026-07-27T04:35:32.998Z,2026-07-27T04:35:32.998Z
smoke,positive,loop:fire_smoke_web_candidates_v3,images/review/4ac98e8c0c29074d51c4720a.jpg,pass,YES,1,1,/home/admin1/jgzj/.runtime/yolo_loop/datasets/fire_smoke_web_candidates_v3/images/review/4ac98e8c0c29074d51c4720a.jpg,.runtime/yolo_label_review/manual_annotations_v1/61/61477afe65c9a672802dbda0c757aac28ff6310cc30f311c7b70ab92d3de9713.json,2026-07-27T03:23:24.443Z,2026-07-27T03:23:24.443Z
smoke,positive,loop:fire_smoke_web_candidates_v3,images/review/4e4aa2972dfb18203f7bf42b.jpg,pass,YES,1,1,/home/admin1/jgzj/.runtime/yolo_loop/datasets/fire_smoke_web_candidates_v3/images/review/4e4aa2972dfb18203f7bf42b.jpg,.runtime/yolo_label_review/manual_annotations_v1/99/99279940e5c2afa07c036f5e866386bf3f1569d767d7b349a55fe23cee6754a9.json,2026-07-21T02:26:41.604Z,2026-07-21T02:26:41.604Z
smoke,positive,loop:fire_smoke_web_candidates_v3,images/review/4e99965edfcace333a181e3b.jpg,pass,YES,1,1,/home/admin1/jgzj/.runtime/yolo_loop/datasets/fire_smoke_web_candidates_v3/images/review/4e99965edfcace333a181e3b.jpg,.runtime/yolo_label_review/manual_annotations_v1/3d/3d238fcae64582eedac94d442ab7081be34922c4d9c248a31965830f43af8081.json,2026-07-21T02:25:53.408Z,2026-07-21T02:25:53.408Z
smoke,positive,loop:fire_smoke_web_candidates_v3,images/review/50ee8833d3d4d20c69846ee6.jpg,pass,YES,1,1,/home/admin1/jgzj/.runtime/yolo_loop/datasets/fire_smoke_web_candidates_v3/images/review/50ee8833d3d4d20c69846ee6.jpg,.runtime/yolo_label_review/manual_annotations_v1/49/49fcb38d00641d2756d3cbb11dbd5c578cb9dcb07a28eaa8058d8a323f2ed5e9.json,2026-07-27T03:21:49.417Z,2026-07-27T03:21:49.417Z
smoke,positive,loop:fire_smoke_web_candidates_v3,images/review/553175e2ae7cb102dfe6229b.jpg,pass,YES,1,1,/home/admin1/jgzj/.runtime/yolo_loop/datasets/fire_smoke_web_candidates_v3/images/review/553175e2ae7cb102dfe6229b.jpg,.runtime/yolo_label_review/manual_annotations_v1/18/187444162d6e9aa37a763c8d48db2fb6d35f8ef72c454cadd63f9015c908065b.json,2026-07-21T03:09:07.119Z,2026-07-21T03:09:07.119Z
smoke,positive,loop:fire_smoke_web_candidates_v3,images/review/58c29c984acc0c611bcd1c22.jpg,pass,YES,2,2,/home/admin1/jgzj/.runtime/yolo_loop/datasets/fire_smoke_web_candidates_v3/images/review/58c29c984acc0c611bcd1c22.jpg,.runtime/yolo_label_review/manual_annotations_v1/b6/b672edf1f5e2915fa0f5cdb566736d1dc4c2b5ebb7a74d4abd56d4a78bd6458c.json,2026-07-21T02:23:20.229Z,2026-07-21T02:23:20.229Z
smoke,positive,loop:fire_smoke_web_candidates_v3,images/review/591d3fac93c8d0ab670ced20.jpg,pass,YES,1,1,/home/admin1/jgzj/.runtime/yolo_loop/datasets/fire_smoke_web_candidates_v3/images/review/591d3fac93c8d0ab670ced20.jpg,.runtime/yolo_label_review/manual_annotations_v1/61/61174720570893d4f52fc67cce5e430f9168fa3c95792814bd6100614c4cb91b.json,2026-07-27T03:23:34.416Z,2026-07-27T03:23:34.416Z
smoke,positive,loop:fire_smoke_web_candidates_v3,images/review/59652eee6ad3b8a42a8220f3.jpg,pass,YES,1,1,/home/admin1/jgzj/.runtime/yolo_loop/datasets/fire_smoke_web_candidates_v3/images/review/59652eee6ad3b8a42a8220f3.jpg,.runtime/yolo_label_review/manual_annotations_v1/d0/d03e55b60a025e798cee19a06a4c6f47710d054a59adf7e07980ed672537683b.json,2026-07-27T04:45:45.901Z,2026-07-27T04:45:45.901Z
smoke,positive,loop:fire_smoke_web_candidates_v3,images/review/5aeceb346f5eb94e7c999738.jpg,pass,YES,1,1,/home/admin1/jgzj/.runtime/yolo_loop/datasets/fire_smoke_web_candidates_v3/images/review/5aeceb346f5eb94e7c999738.jpg,.runtime/yolo_label_review/manual_annotations_v1/75/7589bc8760db6cc2c751a1ed8cba3844207187f58e4fd2fad1cccce52fb8ca78.json,2026-07-21T03:05:04.331Z,2026-07-21T03:05:04.331Z
smoke,positive,loop:fire_smoke_web_candidates_v3,images/review/5d25a8b1f7ddcd7957914ebc.jpg,pass,YES,1,2,/home/admin1/jgzj/.runtime/yolo_loop/datasets/fire_smoke_web_candidates_v3/images/review/5d25a8b1f7ddcd7957914ebc.jpg,.runtime/yolo_label_review/manual_annotations_v1/10/10996731ee0ee884dca2e6ddea055f31d1d3fb17bfae11aaa3dba32920778df6.json,2026-07-27T04:14:11.945Z,2026-07-27T04:14:11.945Z
smoke,positive,loop:fire_smoke_web_candidates_v3,images/review/5efe80dc610086e1f8eea0a7.jpg,pass,YES,1,1,/home/admin1/jgzj/.runtime/yolo_loop/datasets/fire_smoke_web_candidates_v3/images/review/5efe80dc610086e1f8eea0a7.jpg,.runtime/yolo_label_review/manual_annotations_v1/be/be92210599c1cbc9382fc24e1b44c061e84c3441380667d0dfd4aeac98981473.json,2026-07-21T02:31:42.925Z,2026-07-21T02:31:42.925Z
smoke,positive,loop:fire_smoke_web_candidates_v3,images/review/61cf322e7653f51fdf1d5469.jpg,pass,YES,1,1,/home/admin1/jgzj/.runtime/yolo_loop/datasets/fire_smoke_web_candidates_v3/images/review/61cf322e7653f51fdf1d5469.jpg,.runtime/yolo_label_review/manual_annotations_v1/2e/2e58250b430d1b6ebb067e69cc14d68d62483acf05edc5bce0161155f3e440a6.json,2026-07-27T02:34:21.809Z,2026-07-27T02:34:21.809Z
smoke,positive,loop:fire_smoke_web_candidates_v3,images/review/6252778eceda330708d45f24.jpg,pass,YES,1,2,/home/admin1/jgzj/.runtime/yolo_loop/datasets/fire_smoke_web_candidates_v3/images/review/6252778eceda330708d45f24.jpg,.runtime/yolo_label_review/manual_annotations_v1/2f/2f80aefb1b3d845988d4320a7d918762f08e1dbdb37d7dbeaf73a2996d23e322.json,2026-07-27T02:39:13.533Z,2026-07-27T02:39:13.533Z
smoke,positive,loop:fire_smoke_web_candidates_v3,images/review/631cd71811d314e26c40f463.jpg,pass,YES,1,1,/home/admin1/jgzj/.runtime/yolo_loop/datasets/fire_smoke_web_candidates_v3/images/review/631cd71811d314e26c40f463.jpg,.runtime/yolo_label_review/manual_annotations_v1/bf/bfe7dc60f069fe17c1feae062225ab20f287923f096944364829f6a8af8bc201.json,2026-07-21T02:00:45.500Z,2026-07-21T02:00:45.500Z
smoke,positive,loop:fire_smoke_web_candidates_v3,images/review/65480f584141531604db7ffb.jpg,pass,YES,1,1,/home/admin1/jgzj/.runtime/yolo_loop/datasets/fire_smoke_web_candidates_v3/images/review/65480f584141531604db7ffb.jpg,.runtime/yolo_label_review/manual_annotations_v1/64/642b6dbfa2e9d6bb66242b11784262eb962a21cd7e200c6542dec4014255408e.json,2026-07-27T02:41:33.386Z,2026-07-27T02:41:33.386Z
smoke,positive,loop:fire_smoke_web_candidates_v3,images/review/65cb993e3dc8b73189f5449a.jpg,pass,YES,1,1,/home/admin1/jgzj/.runtime/yolo_loop/datasets/fire_smoke_web_candidates_v3/images/review/65cb993e3dc8b73189f5449a.jpg,.runtime/yolo_label_review/manual_annotations_v1/1c/1c67dfb574b9e12d485c39a239764fe177c154b0b8e7481dcd57b0f2f5d59599.json,2026-07-21T02:29:26.290Z,2026-07-21T02:29:26.290Z
smoke,positive,loop:fire_smoke_web_candidates_v3,images/review/6a12ddeaf1f18e188343120a.jpg,pass,YES,1,1,/home/admin1/jgzj/.runtime/yolo_loop/datasets/fire_smoke_web_candidates_v3/images/review/6a12ddeaf1f18e188343120a.jpg,.runtime/yolo_label_review/manual_annotations_v1/ef/ef6cb2746ebb058284e841f4fc45efd741177fa2c6cb4c4f2e345957a965366c.json,2026-07-21T01:56:38.176Z,2026-07-21T01:56:38.176Z
smoke,positive,loop:fire_smoke_web_candidates_v3,images/review/6ad2adc95c7d843b9a3cda64.jpg,pass,YES,1,1,/home/admin1/jgzj/.runtime/yolo_loop/datasets/fire_smoke_web_candidates_v3/images/review/6ad2adc95c7d843b9a3cda64.jpg,.runtime/yolo_label_review/manual_annotations_v1/8c/8cc1863422a93f7646b7cf92ad8f04dd489f8f6012d2851b814af24b999b829f.json,2026-07-21T02:13:04.175Z,2026-07-21T02:13:04.175Z
smoke,positive,loop:fire_smoke_web_candidates_v3,images/review/6c16cec31c6b6661794c3907.jpg,pass,YES,1,1,/home/admin1/jgzj/.runtime/yolo_loop/datasets/fire_smoke_web_candidates_v3/images/review/6c16cec31c6b6661794c3907.jpg,.runtime/yolo_label_review/manual_annotations_v1/75/75c8bb58eb17c49d06f258f1429cc593f80640f47bf4c3d67311c28990bd9ad5.json,2026-07-21T02:08:26.725Z,2026-07-21T02:08:26.725Z
smoke,positive,loop:fire_smoke_web_candidates_v3,images/review/6d3b4d365ebe9cb95d7f32ce.jpg,pass,YES,1,1,/home/admin1/jgzj/.runtime/yolo_loop/datasets/fire_smoke_web_candidates_v3/images/review/6d3b4d365ebe9cb95d7f32ce.jpg,.runtime/yolo_label_review/manual_annotations_v1/58/58f3b602166a94475cb5babdc2899886f614475885a9b82579f9a52c359ee267.json,2026-07-27T04:42:16.084Z,2026-07-27T04:42:16.084Z
smoke,positive,loop:fire_smoke_web_candidates_v3,images/review/719ba02b059ff04d810dbefd.jpg,pass,YES,2,3,/home/admin1/jgzj/.runtime/yolo_loop/datasets/fire_smoke_web_candidates_v3/images/review/719ba02b059ff04d810dbefd.jpg,.runtime/yolo_label_review/manual_annotations_v1/81/811ddfd572b4994eea43d0d1569a5c7798bcf94a7fbedb7a7b2a0ea7936a6b90.json,2026-07-21T02:43:56.574Z,2026-07-21T02:43:56.574Z
smoke,positive,loop:fire_smoke_web_candidates_v3,images/review/744583e07df1f14fa1700de7.jpg,pass,YES,1,1,/home/admin1/jgzj/.runtime/yolo_loop/datasets/fire_smoke_web_candidates_v3/images/review/744583e07df1f14fa1700de7.jpg,.runtime/yolo_label_review/manual_annotations_v1/aa/aa468336c09305101a593d1a4c4a020dba0d2106516248853e0519712a1b572a.json,2026-07-27T04:14:24.090Z,2026-07-27T04:14:24.090Z
smoke,positive,loop:fire_smoke_web_candidates_v3,images/review/744928239399252bc67cc301.jpg,pass,YES,2,2,/home/admin1/jgzj/.runtime/yolo_loop/datasets/fire_smoke_web_candidates_v3/images/review/744928239399252bc67cc301.jpg,.runtime/yolo_label_review/manual_annotations_v1/3b/3b8976106b8c1395f9658921dcb3cc278f9a26723612b87b0df2f827cdcb2f52.json,2026-07-21T03:10:22.924Z,2026-07-21T03:10:22.924Z
smoke,positive,loop:fire_smoke_web_candidates_v3,images/review/76e67865815b448be314a64a.jpg,pass,YES,1,1,/home/admin1/jgzj/.runtime/yolo_loop/datasets/fire_smoke_web_candidates_v3/images/review/76e67865815b448be314a64a.jpg,.runtime/yolo_label_review/manual_annotations_v1/04/04f96967886179b300c3e22b37d3cdb1a3c50624a223695c0b224b7ff51e08a7.json,2026-07-27T04:30:29.896Z,2026-07-27T04:30:29.896Z
smoke,positive,loop:fire_smoke_web_candidates_v3,images/review/76f787d6faba00517babee11.jpg,pass,YES,1,1,/home/admin1/jgzj/.runtime/yolo_loop/datasets/fire_smoke_web_candidates_v3/images/review/76f787d6faba00517babee11.jpg,.runtime/yolo_label_review/manual_annotations_v1/dd/dd7fbc99d0196dec052bd3f4366bf042edf29f3ff2c33434d337f06d5fe282c7.json,2026-07-27T04:31:56.831Z,2026-07-27T04:31:56.831Z
smoke,positive,loop:fire_smoke_web_candidates_v3,images/review/7b141b551705d76e99d40cff.jpg,pass,YES,1,1,/home/admin1/jgzj/.runtime/yolo_loop/datasets/fire_smoke_web_candidates_v3/images/review/7b141b551705d76e99d40cff.jpg,.runtime/yolo_label_review/manual_annotations_v1/c1/c189d0f6642153a7b0f53af4006aa1b06758a13b0562ea0de7c7e5679019cab8.json,2026-07-21T02:48:35.897Z,2026-07-21T02:48:35.897Z
smoke,positive,loop:fire_smoke_web_candidates_v3,images/review/7bb8489582988244889f5bcb.jpg,pass,YES,1,2,/home/admin1/jgzj/.runtime/yolo_loop/datasets/fire_smoke_web_candidates_v3/images/review/7bb8489582988244889f5bcb.jpg,.runtime/yolo_label_review/manual_annotations_v1/d3/d3ae8e429b63e9ccbbb53ad36106ae70dd47faf9beeecad6c9126bf8c0068919.json,2026-07-27T04:33:37.233Z,2026-07-27T04:33:37.233Z
smoke,positive,loop:fire_smoke_web_candidates_v3,images/review/7c382e8ab0145db8a0bb8d56.jpg,pass,YES,1,2,/home/admin1/jgzj/.runtime/yolo_loop/datasets/fire_smoke_web_candidates_v3/images/review/7c382e8ab0145db8a0bb8d56.jpg,.runtime/yolo_label_review/manual_annotations_v1/24/2444e386424eb7188fdb66c7911318ea5adaa33ebe103a516e0bff94f541ed13.json,2026-07-27T04:32:50.840Z,2026-07-27T04:32:50.840Z
smoke,positive,loop:fire_smoke_web_candidates_v3,images/review/81bef6c6481473d5acf91dc8.jpg,pass,YES,1,1,/home/admin1/jgzj/.runtime/yolo_loop/datasets/fire_smoke_web_candidates_v3/images/review/81bef6c6481473d5acf91dc8.jpg,.runtime/yolo_label_review/manual_annotations_v1/ae/aeb7b12dcc37f32fa27e4630ec898a21fe7a5954fa35ddbb9df915fdf9398247.json,2026-07-27T02:44:27.949Z,2026-07-27T02:44:27.949Z
smoke,positive,loop:fire_smoke_web_candidates_v3,images/review/828ba8f5f16a500130ff5e2f.jpg,pass,YES,1,1,/home/admin1/jgzj/.runtime/yolo_loop/datasets/fire_smoke_web_candidates_v3/images/review/828ba8f5f16a500130ff5e2f.jpg,.runtime/yolo_label_review/manual_annotations_v1/3a/3a7fae2eca4e9e4c8f366e11fa91eac6366e1daf531e50725509caf9650c820d.json,2026-07-27T03:02:42.646Z,2026-07-27T03:02:42.646Z
smoke,positive,loop:fire_smoke_web_candidates_v3,images/review/8380910fa69bc6789aaff201.jpg,pass,YES,1,1,/home/admin1/jgzj/.runtime/yolo_loop/datasets/fire_smoke_web_candidates_v3/images/review/8380910fa69bc6789aaff201.jpg,.runtime/yolo_label_review/manual_annotations_v1/81/81f2bc11ed92acd600e677ebe680899fbe2f9d5ad85ebbb6343df73ba1a66529.json,2026-07-21T02:06:10.022Z,2026-07-21T02:06:10.022Z
smoke,positive,loop:fire_smoke_web_candidates_v3,images/review/8398c7ef18ffd69c5af5c65d.jpg,pass,YES,1,1,/home/admin1/jgzj/.runtime/yolo_loop/datasets/fire_smoke_web_candidates_v3/images/review/8398c7ef18ffd69c5af5c65d.jpg,.runtime/yolo_label_review/manual_annotations_v1/74/74fe08c775a326e5657ee2f5fbcc85b0ebfc0209cd1359bfa9b3fc61afed4ad0.json,2026-07-21T03:08:15.663Z,2026-07-21T03:08:15.663Z
smoke,positive,loop:fire_smoke_web_candidates_v3,images/review/83ebc1261eedd28acefaa7de.jpg,pass,YES,1,2,/home/admin1/jgzj/.runtime/yolo_loop/datasets/fire_smoke_web_candidates_v3/images/review/83ebc1261eedd28acefaa7de.jpg,.runtime/yolo_label_review/manual_annotations_v1/10/10f19bde7c4ed43321bc8333ba282ce56f15bfd38e067372a06c630c49d05ddf.json,2026-07-27T04:14:17.447Z,2026-07-27T04:14:17.447Z
smoke,positive,loop:fire_smoke_web_candidates_v3,images/review/8729151c10a939e21681134d.jpg,pass,YES,1,1,/home/admin1/jgzj/.runtime/yolo_loop/datasets/fire_smoke_web_candidates_v3/images/review/8729151c10a939e21681134d.jpg,.runtime/yolo_label_review/manual_annotations_v1/00/00cec312ad67b398d547b333160db647e60fb677175c5383dc28016c4f927b81.json,2026-07-21T02:04:09.408Z,2026-07-21T02:04:09.408Z
smoke,positive,loop:fire_smoke_web_candidates_v3,images/review/8a120b3d7892d0571b59e9f0.jpg,pass,YES,1,1,/home/admin1/jgzj/.runtime/yolo_loop/datasets/fire_smoke_web_candidates_v3/images/review/8a120b3d7892d0571b59e9f0.jpg,.runtime/yolo_label_review/manual_annotations_v1/66/66820a5e175bee7eeff9f14c9905562eabe615d4a75f76314a27b0b89705ae4b.json,2026-07-27T04:42:40.779Z,2026-07-27T04:42:40.779Z
smoke,positive,loop:fire_smoke_web_candidates_v3,images/review/8af99cf1e0d4a4b44db465bd.jpg,pass,YES,1,1,/home/admin1/jgzj/.runtime/yolo_loop/datasets/fire_smoke_web_candidates_v3/images/review/8af99cf1e0d4a4b44db465bd.jpg,.runtime/yolo_label_review/manual_annotations_v1/16/16e7c63c2e1585c6ba7cd62a7f977b34c2b30b515197075d6a769ecd7fa04954.json,2026-07-27T02:44:47.121Z,2026-07-27T02:44:47.121Z
smoke,positive,loop:fire_smoke_web_candidates_v3,images/review/8b822433b745d1d27a26427d.jpg,pass,YES,1,1,/home/admin1/jgzj/.runtime/yolo_loop/datasets/fire_smoke_web_candidates_v3/images/review/8b822433b745d1d27a26427d.jpg,.runtime/yolo_label_review/manual_annotations_v1/40/40047a3b3285dbd75e4d84df5c85e44c69010ad4a5a8beb8cb23f026796c17fc.json,2026-07-21T03:14:43.023Z,2026-07-21T03:14:43.023Z
smoke,positive,loop:fire_smoke_web_candidates_v3,images/review/8c3e256b7113503e34a80e75.jpg,pass,YES,1,1,/home/admin1/jgzj/.runtime/yolo_loop/datasets/fire_smoke_web_candidates_v3/images/review/8c3e256b7113503e34a80e75.jpg,.runtime/yolo_label_review/manual_annotations_v1/1d/1d1cbd8f6c0c3ecf76bc53508f36559cee79142ee01936f51465c8bd0bc92e97.json,2026-07-27T02:40:58.774Z,2026-07-27T02:40:58.774Z
smoke,positive,loop:fire_smoke_web_candidates_v3,images/review/8c66e53bf66213c117c9f1ea.jpg,pass,YES,1,1,/home/admin1/jgzj/.runtime/yolo_loop/datasets/fire_smoke_web_candidates_v3/images/review/8c66e53bf66213c117c9f1ea.jpg,.runtime/yolo_label_review/manual_annotations_v1/c2/c2021e23e01a9dc5283e2265a6284de5467999393bdf19a32aabd2d5f2d66dd4.json,2026-07-21T03:05:24.004Z,2026-07-21T03:05:24.004Z
smoke,positive,loop:fire_smoke_web_candidates_v3,images/review/8d19c798ea0a9e0ff5ff1cf3.jpg,pass,YES,1,1,/home/admin1/jgzj/.runtime/yolo_loop/datasets/fire_smoke_web_candidates_v3/images/review/8d19c798ea0a9e0ff5ff1cf3.jpg,.runtime/yolo_label_review/manual_annotations_v1/0d/0d2f4e04c98ea7b76a8f3e7d73dd2437bf44293dc7d871a9ca701c6a7e33f55e.json,2026-07-27T04:43:23.205Z,2026-07-27T04:43:23.205Z
smoke,positive,loop:fire_smoke_web_candidates_v3,images/review/8f0c262b8d94534a655983bc.jpg,pass,YES,1,1,/home/admin1/jgzj/.runtime/yolo_loop/datasets/fire_smoke_web_candidates_v3/images/review/8f0c262b8d94534a655983bc.jpg,.runtime/yolo_label_review/manual_annotations_v1/89/89c8802f629e866812297cb1b1cd11b96f2a96fdd7e0ce43ab8fbbf4bf44a2c0.json,2026-07-21T03:10:59.055Z,2026-07-21T03:10:59.055Z
smoke,positive,loop:fire_smoke_web_candidates_v3,images/review/8fa6f9e2fb6eb054fe86b46f.jpg,pass,YES,1,1,/home/admin1/jgzj/.runtime/yolo_loop/datasets/fire_smoke_web_candidates_v3/images/review/8fa6f9e2fb6eb054fe86b46f.jpg,.runtime/yolo_label_review/manual_annotations_v1/c7/c735c8a82a53a534a916770e31c4f47cd2c33476f9b0b6c2961f9f56e29627d3.json,2026-07-21T02:47:54.785Z,2026-07-21T02:47:54.785Z
smoke,positive,loop:fire_smoke_web_candidates_v3,images/review/90ce43f3e931957fdbba91c8.jpg,pass,YES,1,1,/home/admin1/jgzj/.runtime/yolo_loop/datasets/fire_smoke_web_candidates_v3/images/review/90ce43f3e931957fdbba91c8.jpg,.runtime/yolo_label_review/manual_annotations_v1/46/463bd4a29d64c3e91752f415087147ab20b9fb8a326caf3e26cabae6c97f314e.json,2026-07-21T02:09:00.759Z,2026-07-21T02:09:00.759Z
smoke,positive,loop:fire_smoke_web_candidates_v3,images/review/922caab45092d81d3695b4ef.jpg,pass,YES,1,2,/home/admin1/jgzj/.runtime/yolo_loop/datasets/fire_smoke_web_candidates_v3/images/review/922caab45092d81d3695b4ef.jpg,.runtime/yolo_label_review/manual_annotations_v1/9e/9ef25b1da7b57c891887708d6708564304a2da7a2d346cf668f000709b01fa3f.json,2026-07-27T03:03:08.639Z,2026-07-27T03:03:08.639Z
smoke,positive,loop:fire_smoke_web_candidates_v3,images/review/935177e717b8a9b5d5e02f64.jpg,pass,YES,1,1,/home/admin1/jgzj/.runtime/yolo_loop/datasets/fire_smoke_web_candidates_v3/images/review/935177e717b8a9b5d5e02f64.jpg,.runtime/yolo_label_review/manual_annotations_v1/71/7104625fc530a332b4ca5256f5e0aa3e70938e327246ff417e22b256f543389e.json,2026-07-27T02:58:44.744Z,2026-07-27T02:58:44.744Z
smoke,positive,loop:fire_smoke_web_candidates_v3,images/review/9a89c7ff42b7f631d0cd8276.jpg,pass,YES,1,1,/home/admin1/jgzj/.runtime/yolo_loop/datasets/fire_smoke_web_candidates_v3/images/review/9a89c7ff42b7f631d0cd8276.jpg,.runtime/yolo_label_review/manual_annotations_v1/8b/8b2c4869d2c40cfde142b3ae5479a33ab422cc608dff5f3f8258d192d110dd39.json,2026-07-27T04:32:41.338Z,2026-07-27T04:32:41.338Z
smoke,positive,loop:fire_smoke_web_candidates_v3,images/review/9b704e9b0ff29699ff63db1d.jpg,pass,YES,1,1,/home/admin1/jgzj/.runtime/yolo_loop/datasets/fire_smoke_web_candidates_v3/images/review/9b704e9b0ff29699ff63db1d.jpg,.runtime/yolo_label_review/manual_annotations_v1/9c/9c1cc7959ad67b8004be0218237167c5e66f6abd85bc8fb71fadcd4ef758e043.json,2026-07-27T04:31:18.754Z,2026-07-27T04:31:18.754Z
smoke,positive,loop:fire_smoke_web_candidates_v3,images/review/9c82b0cdf972175674076ea6.jpg,pass,YES,1,1,/home/admin1/jgzj/.runtime/yolo_loop/datasets/fire_smoke_web_candidates_v3/images/review/9c82b0cdf972175674076ea6.jpg,.runtime/yolo_label_review/manual_annotations_v1/84/84476a933508beca4fb13ffd4d0ee64cd643760e4b7e98cd0bcdea7e1e780814.json,2026-07-21T02:47:15.905Z,2026-07-21T02:47:15.905Z
smoke,positive,loop:fire_smoke_web_candidates_v3,images/review/9ce14df09f2f9e5b3a5c6269.jpg,pass,YES,1,1,/home/admin1/jgzj/.runtime/yolo_loop/datasets/fire_smoke_web_candidates_v3/images/review/9ce14df09f2f9e5b3a5c6269.jpg,.runtime/yolo_label_review/manual_annotations_v1/c3/c3b2a2d71d9c21f164c9d986893eb3466a62b6d3ca5c835e5762b7db069776d4.json,2026-07-27T02:39:54.920Z,2026-07-27T02:39:54.920Z
smoke,positive,loop:fire_smoke_web_candidates_v3,images/review/9e9fd8209e8f0069b5108458.jpg,pass,YES,1,2,/home/admin1/jgzj/.runtime/yolo_loop/datasets/fire_smoke_web_candidates_v3/images/review/9e9fd8209e8f0069b5108458.jpg,.runtime/yolo_label_review/manual_annotations_v1/55/55a9faeed39d328ccaacb44b971fe567a29c1136e30c3cec6d936fe5ca5db61b.json,2026-07-27T02:35:55.468Z,2026-07-27T02:35:55.468Z
smoke,positive,loop:fire_smoke_web_candidates_v3,images/review/9eadb94da5a23495a4691989.jpg,pass,YES,1,1,/home/admin1/jgzj/.runtime/yolo_loop/datasets/fire_smoke_web_candidates_v3/images/review/9eadb94da5a23495a4691989.jpg,.runtime/yolo_label_review/manual_annotations_v1/df/dfc334da33413ff8e8d696207942120be03b7ae89d68b35ae2eca6681be91c59.json,2026-07-27T03:21:44.362Z,2026-07-27T03:21:44.362Z
smoke,positive,loop:fire_smoke_web_candidates_v3,images/review/9f24f05695486456aab49d3c.jpg,pass,YES,1,1,/home/admin1/jgzj/.runtime/yolo_loop/datasets/fire_smoke_web_candidates_v3/images/review/9f24f05695486456aab49d3c.jpg,.runtime/yolo_label_review/manual_annotations_v1/3b/3bbbabb5391a28d905b6b571c0ebf7e33a585c5ada3068995f462f726ea684e1.json,2026-07-21T02:14:10.951Z,2026-07-21T02:14:10.951Z
smoke,positive,loop:fire_smoke_web_candidates_v3,images/review/9f8c58058ab5b7abfac4e4fc.jpg,pass,YES,1,1,/home/admin1/jgzj/.runtime/yolo_loop/datasets/fire_smoke_web_candidates_v3/images/review/9f8c58058ab5b7abfac4e4fc.jpg,.runtime/yolo_label_review/manual_annotations_v1/6b/6be751f13e0bb64c278a3c1d9435686682af6bfb5ba67b483e3e2f4ed73b05ef.json,2026-07-21T02:53:02.652Z,2026-07-21T02:53:02.652Z
smoke,positive,loop:fire_smoke_web_candidates_v3,images/review/9fb6c45a2c8d95c7a0251f6c.jpg,pass,YES,1,1,/home/admin1/jgzj/.runtime/yolo_loop/datasets/fire_smoke_web_candidates_v3/images/review/9fb6c45a2c8d95c7a0251f6c.jpg,.runtime/yolo_label_review/manual_annotations_v1/d5/d530f9658b5b591964228b62be897f3ecc024b78fe88e6226e96d5e328795a6f.json,2026-07-21T02:30:43.439Z,2026-07-21T02:30:43.439Z
smoke,positive,loop:fire_smoke_web_candidates_v3,images/review/a01376baa3f7ed08eefdc1d0.jpg,pass,YES,1,1,/home/admin1/jgzj/.runtime/yolo_loop/datasets/fire_smoke_web_candidates_v3/images/review/a01376baa3f7ed08eefdc1d0.jpg,.runtime/yolo_label_review/manual_annotations_v1/c5/c518d0015eaa8fd9190cba3420606c4775eb6436e2283deaf6cfa3f91e2716e6.json,2026-07-21T02:52:48.741Z,2026-07-21T02:52:48.741Z
smoke,positive,loop:fire_smoke_web_candidates_v3,images/review/a06d753abbdbc4327b3f116b.jpg,pass,YES,1,2,/home/admin1/jgzj/.runtime/yolo_loop/datasets/fire_smoke_web_candidates_v3/images/review/a06d753abbdbc4327b3f116b.jpg,.runtime/yolo_label_review/manual_annotations_v1/61/61aaf369926b2748d17e544bf8873bbb1cfeeb38e8def6c687a23a8f1875c883.json,2026-07-27T02:38:27.102Z,2026-07-27T02:38:27.102Z
smoke,positive,loop:fire_smoke_web_candidates_v3,images/review/a289ae5e91a26da774b68b75.jpg,pass,YES,1,1,/home/admin1/jgzj/.runtime/yolo_loop/datasets/fire_smoke_web_candidates_v3/images/review/a289ae5e91a26da774b68b75.jpg,.runtime/yolo_label_review/manual_annotations_v1/a0/a0a4edcb4abd6d1f758464ad31cc4042758188a0bd6bb7a2710395bbd9ce76c9.json,2026-07-27T03:20:30.213Z,2026-07-27T03:20:30.213Z
smoke,positive,loop:fire_smoke_web_candidates_v3,images/review/a2fda183eb6b33eff65fd5c0.jpg,pass,YES,1,1,/home/admin1/jgzj/.runtime/yolo_loop/datasets/fire_smoke_web_candidates_v3/images/review/a2fda183eb6b33eff65fd5c0.jpg,.runtime/yolo_label_review/manual_annotations_v1/66/668ca5d6e85849b666ed753ecabac1a7f480d351299f27c9c6113df8db27330b.json,2026-07-21T02:04:24.641Z,2026-07-21T02:04:24.641Z
smoke,positive,loop:fire_smoke_web_candidates_v3,images/review/a502749e1a9f077861eece6c.jpg,pass,YES,1,1,/home/admin1/jgzj/.runtime/yolo_loop/datasets/fire_smoke_web_candidates_v3/images/review/a502749e1a9f077861eece6c.jpg,.runtime/yolo_label_review/manual_annotations_v1/b6/b66f8eace7716a79e7ffe5d082d39bc951ee5c1136d962b203f84c80ea414c5f.json,2026-07-27T03:01:34.583Z,2026-07-27T03:01:34.583Z
smoke,positive,loop:fire_smoke_web_candidates_v3,images/review/a57dd5f9ad529d7d13255a32.jpg,pass,YES,1,1,/home/admin1/jgzj/.runtime/yolo_loop/datasets/fire_smoke_web_candidates_v3/images/review/a57dd5f9ad529d7d13255a32.jpg,.runtime/yolo_label_review/manual_annotations_v1/3b/3b710abc72de3c87c2b58ce463322363559a44c1af1a2f9193ec82d725e03b2f.json,2026-07-27T04:38:23.358Z,2026-07-27T04:38:23.358Z
smoke,positive,loop:fire_smoke_web_candidates_v3,images/review/a72984db8bea82a2bbe3f795.jpg,pass,YES,2,2,/home/admin1/jgzj/.runtime/yolo_loop/datasets/fire_smoke_web_candidates_v3/images/review/a72984db8bea82a2bbe3f795.jpg,.runtime/yolo_label_review/manual_annotations_v1/75/75918bc98a2c34e418961b3c76b80d9df8a7cd44da70c3415436f83469a65333.json,2026-07-21T02:05:53.539Z,2026-07-21T02:05:53.539Z
smoke,positive,loop:fire_smoke_web_candidates_v3,images/review/a7bd8521b5e5df9cf93b9426.jpg,pass,YES,1,1,/home/admin1/jgzj/.runtime/yolo_loop/datasets/fire_smoke_web_candidates_v3/images/review/a7bd8521b5e5df9cf93b9426.jpg,.runtime/yolo_label_review/manual_annotations_v1/ff/ff9656e01e5994f2f5622147defed9fe9f095d4a3d3f308f50f9fa12d987786f.json,2026-07-27T02:58:52.353Z,2026-07-27T02:58:52.353Z
smoke,positive,loop:fire_smoke_web_candidates_v3,images/review/ab5132985f3b2658550f4636.jpg,pass,YES,3,3,/home/admin1/jgzj/.runtime/yolo_loop/datasets/fire_smoke_web_candidates_v3/images/review/ab5132985f3b2658550f4636.jpg,.runtime/yolo_label_review/manual_annotations_v1/39/391a059f63a3c5f10d0509b7768e321b582bf075acec5a54a4f3c18355e738b7.json,2026-07-27T02:46:17.946Z,2026-07-27T02:46:17.946Z
smoke,positive,loop:fire_smoke_web_candidates_v3,images/review/abfa2c4b865e12654f5de14f.jpg,pass,YES,1,1,/home/admin1/jgzj/.runtime/yolo_loop/datasets/fire_smoke_web_candidates_v3/images/review/abfa2c4b865e12654f5de14f.jpg,.runtime/yolo_label_review/manual_annotations_v1/43/43bb9b96f4f25aabd230dcdfd3dff64ced5e618c18ece533bf8425e99a67492e.json,2026-07-21T01:56:56.743Z,2026-07-21T01:56:56.743Z
smoke,positive,loop:fire_smoke_web_candidates_v3,images/review/b01b45b580b82d7f2a7cce81.jpg,pass,YES,1,1,/home/admin1/jgzj/.runtime/yolo_loop/datasets/fire_smoke_web_candidates_v3/images/review/b01b45b580b82d7f2a7cce81.jpg,.runtime/yolo_label_review/manual_annotations_v1/26/264e3ffe45075f737212ba400decb981de0985cbbc5f2d19acc00459202becc2.json,2026-07-27T04:39:48.298Z,2026-07-27T04:39:48.298Z
smoke,positive,loop:fire_smoke_web_candidates_v3,images/review/b190085bf86145fdd4580341.jpg,pass,YES,1,1,/home/admin1/jgzj/.runtime/yolo_loop/datasets/fire_smoke_web_candidates_v3/images/review/b190085bf86145fdd4580341.jpg,.runtime/yolo_label_review/manual_annotations_v1/5e/5ec2559090bc1985b97f1fae8426f8d073cc76a8fce4a29ade9bbfcf24f08e39.json,2026-07-27T04:25:52.972Z,2026-07-27T04:25:52.972Z
smoke,positive,loop:fire_smoke_web_candidates_v3,images/review/b2a7dea842bbf76b23cc2b8a.jpg,pass,YES,1,1,/home/admin1/jgzj/.runtime/yolo_loop/datasets/fire_smoke_web_candidates_v3/images/review/b2a7dea842bbf76b23cc2b8a.jpg,.runtime/yolo_label_review/manual_annotations_v1/7c/7c973ff68a7a58f4689c02aff694056d0389012eeca67f707482124aa772de6e.json,2026-07-21T02:04:41.343Z,2026-07-21T02:04:41.343Z
smoke,positive,loop:fire_smoke_web_candidates_v3,images/review/b33a342ba410f72cc004e036.jpg,pass,YES,1,1,/home/admin1/jgzj/.runtime/yolo_loop/datasets/fire_smoke_web_candidates_v3/images/review/b33a342ba410f72cc004e036.jpg,.runtime/yolo_label_review/manual_annotations_v1/2d/2df92a02fe8456b6123b06b9f86660ce03dc2166f5e601a63617c3f4efef651d.json,2026-07-27T03:20:50.931Z,2026-07-27T03:20:50.931Z
smoke,positive,loop:fire_smoke_web_candidates_v3,images/review/b3993eab403f0d955e14bc48.jpg,pass,YES,1,1,/home/admin1/jgzj/.runtime/yolo_loop/datasets/fire_smoke_web_candidates_v3/images/review/b3993eab403f0d955e14bc48.jpg,.runtime/yolo_label_review/manual_annotations_v1/96/9683d238a30088bec781436af91b7fbb327097de298a2e6cd9ad481c88d3d945.json,2026-07-21T03:04:40.093Z,2026-07-21T03:04:40.093Z
smoke,positive,loop:fire_smoke_web_candidates_v3,images/review/b4962a65a2719bdeac1d79d2.jpg,pass,YES,1,2,/home/admin1/jgzj/.runtime/yolo_loop/datasets/fire_smoke_web_candidates_v3/images/review/b4962a65a2719bdeac1d79d2.jpg,.runtime/yolo_label_review/manual_annotations_v1/2a/2a1e562684f182461df2cc46e4373689c53506fbced214ce6456c9269791a1fa.json,2026-07-27T04:31:33.739Z,2026-07-27T04:31:33.739Z
smoke,positive,loop:fire_smoke_web_candidates_v3,images/review/b574932158248d102e919bef.jpg,pass,YES,1,1,/home/admin1/jgzj/.runtime/yolo_loop/datasets/fire_smoke_web_candidates_v3/images/review/b574932158248d102e919bef.jpg,.runtime/yolo_label_review/manual_annotations_v1/4e/4edd48c7be3f98d4bbf3e02dd0030f317a5a92fc97fee4eec033344652e6cc33.json,2026-07-27T03:21:24.708Z,2026-07-27T03:21:24.708Z
smoke,positive,loop:fire_smoke_web_candidates_v3,images/review/b5a4062869cc46b0ed13348c.jpg,pass,YES,1,3,/home/admin1/jgzj/.runtime/yolo_loop/datasets/fire_smoke_web_candidates_v3/images/review/b5a4062869cc46b0ed13348c.jpg,.runtime/yolo_label_review/manual_annotations_v1/07/071a5fbe591f4bb0e4353e4b60d9827ae40e00bf2b06d857eec12681b6a340a4.json,2026-07-27T04:48:12.037Z,2026-07-27T04:48:12.037Z
smoke,positive,loop:fire_smoke_web_candidates_v3,images/review/b6258385dc3a8ee568dc5a72.jpg,pass,YES,1,2,/home/admin1/jgzj/.runtime/yolo_loop/datasets/fire_smoke_web_candidates_v3/images/review/b6258385dc3a8ee568dc5a72.jpg,.runtime/yolo_label_review/manual_annotations_v1/d4/d498a2880ba394e82aafc5a538776c4600f4e41ea6f4d5d2cca3fa3b6fe07182.json,2026-07-27T04:25:40.145Z,2026-07-27T04:25:40.145Z
smoke,positive,loop:fire_smoke_web_candidates_v3,images/review/b649ad5f3f3a500cf559c77b.jpg,pass,YES,1,1,/home/admin1/jgzj/.runtime/yolo_loop/datasets/fire_smoke_web_candidates_v3/images/review/b649ad5f3f3a500cf559c77b.jpg,.runtime/yolo_label_review/manual_annotations_v1/2f/2f30fffc7a04313942a53c6fb3bb80ff88d5d645315ca53ddd065c8d3ed7174f.json,2026-07-21T03:09:45.918Z,2026-07-21T03:09:45.918Z
smoke,positive,loop:fire_smoke_web_candidates_v3,images/review/b64b9ade4e0383bb4cd62830.jpg,pass,YES,1,2,/home/admin1/jgzj/.runtime/yolo_loop/datasets/fire_smoke_web_candidates_v3/images/review/b64b9ade4e0383bb4cd62830.jpg,.runtime/yolo_label_review/manual_annotations_v1/0d/0d22a330005e88d4166d3901a63f5a0f69215fb97c173ddb705123795c778b40.json,2026-07-27T04:41:22.935Z,2026-07-27T04:41:22.935Z
smoke,positive,loop:fire_smoke_web_candidates_v3,images/review/b959142d3c31cd1be023a4ae.jpg,pass,YES,1,1,/home/admin1/jgzj/.runtime/yolo_loop/datasets/fire_smoke_web_candidates_v3/images/review/b959142d3c31cd1be023a4ae.jpg,.runtime/yolo_label_review/manual_annotations_v1/1d/1d1c7a48a14e4e3ff3981bc5464ecc276b3986bb3be61082d5d22323795201cf.json,2026-07-21T02:25:12.151Z,2026-07-21T02:25:12.151Z
smoke,positive,loop:fire_smoke_web_candidates_v3,images/review/b9b842208f67156f6c9f33db.jpg,pass,YES,1,2,/home/admin1/jgzj/.runtime/yolo_loop/datasets/fire_smoke_web_candidates_v3/images/review/b9b842208f67156f6c9f33db.jpg,.runtime/yolo_label_review/manual_annotations_v1/f3/f35dc1581fa793b9dc15fba920a236679b7f62d804a3036ba4556c6ed1e44f63.json,2026-07-27T04:43:13.908Z,2026-07-27T04:43:13.908Z
smoke,positive,loop:fire_smoke_web_candidates_v3,images/review/b9bb62c53c4221cd519f2646.jpg,pass,YES,1,1,/home/admin1/jgzj/.runtime/yolo_loop/datasets/fire_smoke_web_candidates_v3/images/review/b9bb62c53c4221cd519f2646.jpg,.runtime/yolo_label_review/manual_annotations_v1/6f/6f3be020df07934569a2b5e65eebacf03d9e3d3901554419a75bbaee1eb42001.json,2026-07-27T04:32:16.341Z,2026-07-27T04:32:16.341Z
smoke,positive,loop:fire_smoke_web_candidates_v3,images/review/bbb3c6b8aa7759b5951afa6e.jpg,pass,YES,4,4,/home/admin1/jgzj/.runtime/yolo_loop/datasets/fire_smoke_web_candidates_v3/images/review/bbb3c6b8aa7759b5951afa6e.jpg,.runtime/yolo_label_review/manual_annotations_v1/6d/6d1ea430676c0e7ad1f12def715b4ed805aed2952045b2e4b55c7de89dc820c9.json,2026-07-21T02:12:07.168Z,2026-07-21T02:12:07.168Z
smoke,positive,loop:fire_smoke_web_candidates_v3,images/review/bc84ad25c68eb87f646a8f1a.jpg,pass,YES,1,1,/home/admin1/jgzj/.runtime/yolo_loop/datasets/fire_smoke_web_candidates_v3/images/review/bc84ad25c68eb87f646a8f1a.jpg,.runtime/yolo_label_review/manual_annotations_v1/2a/2ab9a7125c1af2f207243a9d388078c861da3c58364a811c824303d51b4f2a11.json,2026-07-21T02:28:06.586Z,2026-07-21T02:28:06.586Z
smoke,positive,loop:fire_smoke_web_candidates_v3,images/review/bd3b560b2e488744b5c74c17.jpg,pass,YES,1,1,/home/admin1/jgzj/.runtime/yolo_loop/datasets/fire_smoke_web_candidates_v3/images/review/bd3b560b2e488744b5c74c17.jpg,.runtime/yolo_label_review/manual_annotations_v1/27/27f58bff61908624bce59cff9d1f3f860dd88ad9d82e5ac5c737aa88ab73914e.json,2026-07-27T02:41:51.452Z,2026-07-27T02:41:51.452Z
smoke,positive,loop:fire_smoke_web_candidates_v3,images/review/bdb84392b0ccdaf5eb9b7f90.jpg,pass,YES,1,1,/home/admin1/jgzj/.runtime/yolo_loop/datasets/fire_smoke_web_candidates_v3/images/review/bdb84392b0ccdaf5eb9b7f90.jpg,.runtime/yolo_label_review/manual_annotations_v1/06/0645a1fc1108ab59e5d795466149e7ca74f5e35cbd2e205e42cf950333439a54.json,2026-07-27T02:42:16.278Z,2026-07-27T02:42:16.278Z
smoke,positive,loop:fire_smoke_web_candidates_v3,images/review/bde754c4d59d9a5b61f3f78f.jpg,pass,YES,1,1,/home/admin1/jgzj/.runtime/yolo_loop/datasets/fire_smoke_web_candidates_v3/images/review/bde754c4d59d9a5b61f3f78f.jpg,.runtime/yolo_label_review/manual_annotations_v1/3e/3ee7775e15a2a116b1e1489a4ceff6a121fcc1c71f2bba83a0d7a01ddec45fc3.json,2026-07-21T03:20:40.766Z,2026-07-21T03:20:40.766Z
smoke,positive,loop:fire_smoke_web_candidates_v3,images/review/be3eed51af8d5c1d494ff4ec.jpg,pass,YES,1,1,/home/admin1/jgzj/.runtime/yolo_loop/datasets/fire_smoke_web_candidates_v3/images/review/be3eed51af8d5c1d494ff4ec.jpg,.runtime/yolo_label_review/manual_annotations_v1/df/dfa08f3dd198c8b6ee820d31c9379426f9edd618f13cf83cb0b7d0bf1f4eb451.json,2026-07-27T04:26:02.620Z,2026-07-27T04:26:02.620Z
smoke,positive,loop:fire_smoke_web_candidates_v3,images/review/bebd6c3446262751978fac2a.jpg,pass,YES,1,1,/home/admin1/jgzj/.runtime/yolo_loop/datasets/fire_smoke_web_candidates_v3/images/review/bebd6c3446262751978fac2a.jpg,.runtime/yolo_label_review/manual_annotations_v1/4a/4aa79f08e9de0e8c46fad46108d86cc975b52d7cf7cc4a51cf55e4aad5be68fb.json,2026-07-27T02:42:02.684Z,2026-07-27T02:42:02.684Z
smoke,positive,loop:fire_smoke_web_candidates_v3,images/review/bf80cf395ea97ec3911f3406.jpg,pass,YES,1,6,/home/admin1/jgzj/.runtime/yolo_loop/datasets/fire_smoke_web_candidates_v3/images/review/bf80cf395ea97ec3911f3406.jpg,.runtime/yolo_label_review/manual_annotations_v1/f7/f7ef4846c07e549ca042224d74cfb4da494cb238f49a0ff021e2d3c9e177a195.json,2026-07-27T02:58:25.568Z,2026-07-27T02:58:25.568Z
smoke,positive,loop:fire_smoke_web_candidates_v3,images/review/c0923a70dd59fce44ed5d721.jpg,pass,YES,1,1,/home/admin1/jgzj/.runtime/yolo_loop/datasets/fire_smoke_web_candidates_v3/images/review/c0923a70dd59fce44ed5d721.jpg,.runtime/yolo_label_review/manual_annotations_v1/4b/4bea0ad2b29388abad0b97bad6818d382deb3ef6846dc7925307ab65ba57cdff.json,2026-07-27T04:23:49.109Z,2026-07-27T04:23:49.109Z
smoke,positive,loop:fire_smoke_web_candidates_v3,images/review/c092ef2795d2d8d2d90d3090.jpg,pass,YES,1,1,/home/admin1/jgzj/.runtime/yolo_loop/datasets/fire_smoke_web_candidates_v3/images/review/c092ef2795d2d8d2d90d3090.jpg,.runtime/yolo_label_review/manual_annotations_v1/58/58dd8472bf2621ea48496c1a67896e403bd4367ecd56139124de1704490eafad.json,2026-07-27T04:21:12.063Z,2026-07-27T04:21:12.063Z
smoke,positive,loop:fire_smoke_web_candidates_v3,images/review/c2aef7f6f1597b3e94f04772.jpg,pass,YES,1,1,/home/admin1/jgzj/.runtime/yolo_loop/datasets/fire_smoke_web_candidates_v3/images/review/c2aef7f6f1597b3e94f04772.jpg,.runtime/yolo_label_review/manual_annotations_v1/6b/6b8aeeaf547d145b5680cdd6947cba433de303611429150f7a01d458a55fefe2.json,2026-07-27T04:37:04.148Z,2026-07-27T04:37:04.148Z
smoke,positive,loop:fire_smoke_web_candidates_v3,images/review/c329d53967ea49638238eda2.jpg,pass,YES,1,3,/home/admin1/jgzj/.runtime/yolo_loop/datasets/fire_smoke_web_candidates_v3/images/review/c329d53967ea49638238eda2.jpg,.runtime/yolo_label_review/manual_annotations_v1/1c/1c111832aeff66875ea823dfc217bd8e7c1e5b30b39b30b43f5a6a891a5b93e7.json,2026-07-27T04:42:49.608Z,2026-07-27T04:42:49.608Z
smoke,positive,loop:fire_smoke_web_candidates_v3,images/review/c34aee297d0dcb0db17f1b18.jpg,pass,YES,1,1,/home/admin1/jgzj/.runtime/yolo_loop/datasets/fire_smoke_web_candidates_v3/images/review/c34aee297d0dcb0db17f1b18.jpg,.runtime/yolo_label_review/manual_annotations_v1/d6/d6e9a2a8d204d2157db8ddf52d8679e599d9a62864beb190e30ebcdae02feddd.json,2026-07-27T04:43:52.177Z,2026-07-27T04:43:52.177Z
smoke,positive,loop:fire_smoke_web_candidates_v3,images/review/c494fe4e20d624e52caf13e6.jpg,pass,YES,1,1,/home/admin1/jgzj/.runtime/yolo_loop/datasets/fire_smoke_web_candidates_v3/images/review/c494fe4e20d624e52caf13e6.jpg,.runtime/yolo_label_review/manual_annotations_v1/79/79be26416fbd6623dde488457a6f1c8dcb03137e21d124553854727c5b5a93ef.json,2026-07-21T02:48:40.887Z,2026-07-21T02:48:40.887Z
smoke,positive,loop:fire_smoke_web_candidates_v3,images/review/c4b30a9fb048cb7c2adaaa60.jpg,pass,YES,1,1,/home/admin1/jgzj/.runtime/yolo_loop/datasets/fire_smoke_web_candidates_v3/images/review/c4b30a9fb048cb7c2adaaa60.jpg,.runtime/yolo_label_review/manual_annotations_v1/5c/5c94f3dd1be40b31c089e59e70aa561a5df40c60315e35a35f04347cf4e7cd9c.json,2026-07-21T02:19:07.519Z,2026-07-21T02:19:07.519Z
smoke,positive,loop:fire_smoke_web_candidates_v3,images/review/c53bacdc6cfb92a172a3ebc0.jpg,pass,YES,1,1,/home/admin1/jgzj/.runtime/yolo_loop/datasets/fire_smoke_web_candidates_v3/images/review/c53bacdc6cfb92a172a3ebc0.jpg,.runtime/yolo_label_review/manual_annotations_v1/df/df7500228b0f0b9091b20d73629e7c7d2255d9d87e4d4ce15197bb15af5dfd77.json,2026-07-21T02:13:55.645Z,2026-07-21T02:13:55.645Z
smoke,positive,loop:fire_smoke_web_candidates_v3,images/review/c66f5fadb83e87ce106ca921.jpg,pass,YES,1,1,/home/admin1/jgzj/.runtime/yolo_loop/datasets/fire_smoke_web_candidates_v3/images/review/c66f5fadb83e87ce106ca921.jpg,.runtime/yolo_label_review/manual_annotations_v1/4b/4b70684a603ba406889dba15a86e97fe90c963758d00fee714e370bfe4f61cb5.json,2026-07-21T03:04:17.310Z,2026-07-21T03:04:17.310Z
smoke,positive,loop:fire_smoke_web_candidates_v3,images/review/c75021b4193a26046dcd3a19.jpg,pass,YES,1,1,/home/admin1/jgzj/.runtime/yolo_loop/datasets/fire_smoke_web_candidates_v3/images/review/c75021b4193a26046dcd3a19.jpg,.runtime/yolo_label_review/manual_annotations_v1/d2/d24cb7341cef31e34d645dd2ed8a8c3275ccf5163973ccf3cfc04420e119f079.json,2026-07-27T03:03:21.598Z,2026-07-27T03:03:21.598Z
smoke,positive,loop:fire_smoke_web_candidates_v3,images/review/ca32b88a2895cf178d8cf716.jpg,pass,YES,1,1,/home/admin1/jgzj/.runtime/yolo_loop/datasets/fire_smoke_web_candidates_v3/images/review/ca32b88a2895cf178d8cf716.jpg,.runtime/yolo_label_review/manual_annotations_v1/23/23840eb21673344f4050508f4f0cca930b29c0019e5ca7a4b17afac661e03484.json,2026-07-20T06:59:01.017Z,2026-07-20T06:59:01.017Z
smoke,positive,loop:fire_smoke_web_candidates_v3,images/review/cdccd00de703f7871f9952cf.jpg,pass,YES,1,1,/home/admin1/jgzj/.runtime/yolo_loop/datasets/fire_smoke_web_candidates_v3/images/review/cdccd00de703f7871f9952cf.jpg,.runtime/yolo_label_review/manual_annotations_v1/08/083be6592072482923554ae76e0a08b2710c769931c60e61adbc8e20b8d1d145.json,2026-07-21T03:10:39.192Z,2026-07-21T03:10:39.192Z
smoke,positive,loop:fire_smoke_web_candidates_v3,images/review/cf4e19ffdd3a709fc62df862.jpg,pass,YES,1,2,/home/admin1/jgzj/.runtime/yolo_loop/datasets/fire_smoke_web_candidates_v3/images/review/cf4e19ffdd3a709fc62df862.jpg,.runtime/yolo_label_review/manual_annotations_v1/a4/a46b72fdae37f223edf1e7699956cc831ed9bd45345400f7e069b5ac2c89b042.json,2026-07-27T02:49:24.057Z,2026-07-27T02:49:24.057Z
smoke,positive,loop:fire_smoke_web_candidates_v3,images/review/d1ed50c320d1d8cf9d836246.jpg,pass,YES,1,1,/home/admin1/jgzj/.runtime/yolo_loop/datasets/fire_smoke_web_candidates_v3/images/review/d1ed50c320d1d8cf9d836246.jpg,.runtime/yolo_label_review/manual_annotations_v1/63/63cca4f7339341301ea33f4748417ceaf9f28a4bfeee977ca08fe33171d09e03.json,2026-07-21T02:05:25.898Z,2026-07-21T02:05:25.898Z
smoke,positive,loop:fire_smoke_web_candidates_v3,images/review/d2285ccf27c90a9cf1e40feb.jpg,pass,YES,1,1,/home/admin1/jgzj/.runtime/yolo_loop/datasets/fire_smoke_web_candidates_v3/images/review/d2285ccf27c90a9cf1e40feb.jpg,.runtime/yolo_label_review/manual_annotations_v1/6b/6b0575ea1161b5f162ada333554a7419f86c7f2e7ac250b07cd1af5bded5718e.json,2026-07-21T02:45:04.320Z,2026-07-21T02:45:04.320Z
smoke,positive,loop:fire_smoke_web_candidates_v3,images/review/d2ebe660fe8c96fd038b1f06.jpg,pass,YES,1,1,/home/admin1/jgzj/.runtime/yolo_loop/datasets/fire_smoke_web_candidates_v3/images/review/d2ebe660fe8c96fd038b1f06.jpg,.runtime/yolo_label_review/manual_annotations_v1/c0/c0cf00021147240e4483545d783bb86b46f6a6deb53b0d38435e3b35e55bc515.json,2026-07-21T02:07:09.097Z,2026-07-21T02:07:09.097Z
smoke,positive,loop:fire_smoke_web_candidates_v3,images/review/d53a1c2168d9704f0e7f5b06.jpg,pass,YES,1,1,/home/admin1/jgzj/.runtime/yolo_loop/datasets/fire_smoke_web_candidates_v3/images/review/d53a1c2168d9704f0e7f5b06.jpg,.runtime/yolo_label_review/manual_annotations_v1/6f/6ff121f22d99771fd00e9ac3c00f20bda24c1acc1ce89367b48f13507d6a9fa5.json,2026-07-27T02:41:13.904Z,2026-07-27T02:41:13.904Z
smoke,positive,loop:fire_smoke_web_candidates_v3,images/review/d5732e4b0b0892e552dd90bd.jpg,pass,YES,1,1,/home/admin1/jgzj/.runtime/yolo_loop/datasets/fire_smoke_web_candidates_v3/images/review/d5732e4b0b0892e552dd90bd.jpg,.runtime/yolo_label_review/manual_annotations_v1/c1/c12f61c9deb9f710d0451835bcc3289985fd8cfa1ae422761f28f779ab3f9a3e.json,2026-07-27T04:38:12.002Z,2026-07-27T04:38:12.002Z
smoke,positive,loop:fire_smoke_web_candidates_v3,images/review/d5bb96438fa77ca093151e50.jpg,pass,YES,1,1,/home/admin1/jgzj/.runtime/yolo_loop/datasets/fire_smoke_web_candidates_v3/images/review/d5bb96438fa77ca093151e50.jpg,.runtime/yolo_label_review/manual_annotations_v1/60/60c5e6585a4e2e5d000c7c4955114d09659192f128d2c1ef418af54203f3871c.json,2026-07-21T03:19:29.236Z,2026-07-21T03:19:29.236Z
smoke,positive,loop:fire_smoke_web_candidates_v3,images/review/d68fd1e936bf32479f68978d.jpg,pass,YES,1,1,/home/admin1/jgzj/.runtime/yolo_loop/datasets/fire_smoke_web_candidates_v3/images/review/d68fd1e936bf32479f68978d.jpg,.runtime/yolo_label_review/manual_annotations_v1/9e/9e5cbd689ba2933c21f96a53a04fe08ab19777f8a5d2dd9b20297fda29f537e3.json,2026-07-27T04:38:36.570Z,2026-07-27T04:38:36.570Z
smoke,positive,loop:fire_smoke_web_candidates_v3,images/review/da41f012b101c4f74692dc16.jpg,pass,YES,1,1,/home/admin1/jgzj/.runtime/yolo_loop/datasets/fire_smoke_web_candidates_v3/images/review/da41f012b101c4f74692dc16.jpg,.runtime/yolo_label_review/manual_annotations_v1/a5/a543d489b928395e2d000a73b9aac0c7b687d1e3d125df16b7269c836aee99f3.json,2026-07-21T02:47:59.173Z,2026-07-21T02:47:59.173Z
smoke,positive,loop:fire_smoke_web_candidates_v3,images/review/dbd5b2ff87eb871e00a9db5c.jpg,pass,YES,1,1,/home/admin1/jgzj/.runtime/yolo_loop/datasets/fire_smoke_web_candidates_v3/images/review/dbd5b2ff87eb871e00a9db5c.jpg,.runtime/yolo_label_review/manual_annotations_v1/f0/f062e080e1a54f7346a877d97380cd826d68c97eb44fc829c2c6d8e4ee0f124a.json,2026-07-27T02:37:57.683Z,2026-07-27T02:37:57.683Z
smoke,positive,loop:fire_smoke_web_candidates_v3,images/review/dda772ad94ae0a8e899b6b92.jpg,pass,YES,1,1,/home/admin1/jgzj/.runtime/yolo_loop/datasets/fire_smoke_web_candidates_v3/images/review/dda772ad94ae0a8e899b6b92.jpg,.runtime/yolo_label_review/manual_annotations_v1/90/905c4a07a72d4620ceac455246be169511352f660c828e021dc1d73af821c806.json,2026-07-21T03:20:03.158Z,2026-07-21T03:20:03.158Z
smoke,positive,loop:fire_smoke_web_candidates_v3,images/review/dfb4971b7c8a1c6fcf1683eb.jpg,pass,YES,1,1,/home/admin1/jgzj/.runtime/yolo_loop/datasets/fire_smoke_web_candidates_v3/images/review/dfb4971b7c8a1c6fcf1683eb.jpg,.runtime/yolo_label_review/manual_annotations_v1/b9/b9a46f0356658e6c3af05373e8525829cd12d64a11134d3750ed02119d88bb50.json,2026-07-27T04:28:12.329Z,2026-07-27T04:28:12.329Z
smoke,positive,loop:fire_smoke_web_candidates_v3,images/review/e1ea11eda6cb46fc35a4fb24.jpg,pass,YES,1,2,/home/admin1/jgzj/.runtime/yolo_loop/datasets/fire_smoke_web_candidates_v3/images/review/e1ea11eda6cb46fc35a4fb24.jpg,.runtime/yolo_label_review/manual_annotations_v1/fd/fd02db8a63d9d226ecafc585c4d4a49b94342ed9345969e31b70707ada53688c.json,2026-07-27T04:24:14.272Z,2026-07-27T04:24:14.272Z
smoke,positive,loop:fire_smoke_web_candidates_v3,images/review/e3f184ea66f079454e06f47e.jpg,pass,YES,1,1,/home/admin1/jgzj/.runtime/yolo_loop/datasets/fire_smoke_web_candidates_v3/images/review/e3f184ea66f079454e06f47e.jpg,.runtime/yolo_label_review/manual_annotations_v1/5a/5aadba2c251e9e4cec98cf32b6ea3b6eadb2b4d870afa042434d406283e870b6.json,2026-07-21T03:19:48.447Z,2026-07-21T03:19:48.447Z
smoke,positive,loop:fire_smoke_web_candidates_v3,images/review/e4e4c63b038965f35239bb84.jpg,pass,YES,1,1,/home/admin1/jgzj/.runtime/yolo_loop/datasets/fire_smoke_web_candidates_v3/images/review/e4e4c63b038965f35239bb84.jpg,.runtime/yolo_label_review/manual_annotations_v1/83/830c59f2bb5d9340df5b9917fa4cc35358a6ea460daf4ef71a0ce81f3964f247.json,2026-07-27T04:46:01.858Z,2026-07-27T04:46:01.858Z
smoke,positive,loop:fire_smoke_web_candidates_v3,images/review/e78a0a5ca014b279bafba4c7.jpg,pass,YES,1,1,/home/admin1/jgzj/.runtime/yolo_loop/datasets/fire_smoke_web_candidates_v3/images/review/e78a0a5ca014b279bafba4c7.jpg,.runtime/yolo_label_review/manual_annotations_v1/53/53ae557e72b006976a4e8a0b8e0899e3254fb97cba2c8dbf8478423a147ca42f.json,2026-07-27T04:33:08.695Z,2026-07-27T04:33:08.695Z
smoke,positive,loop:fire_smoke_web_candidates_v3,images/review/ea1b049871a53f247008857d.jpg,pass,YES,1,1,/home/admin1/jgzj/.runtime/yolo_loop/datasets/fire_smoke_web_candidates_v3/images/review/ea1b049871a53f247008857d.jpg,.runtime/yolo_label_review/manual_annotations_v1/ac/ac04892e0e29471595937df1f585edafffbebd9854ee9c2fb915521a05ce4287.json,2026-07-27T04:40:01.792Z,2026-07-27T04:40:01.792Z
smoke,positive,loop:fire_smoke_web_candidates_v3,images/review/eab066666561a461b7509fb1.jpg,pass,YES,1,1,/home/admin1/jgzj/.runtime/yolo_loop/datasets/fire_smoke_web_candidates_v3/images/review/eab066666561a461b7509fb1.jpg,.runtime/yolo_label_review/manual_annotations_v1/2b/2b7fe0eb04cbabbe83019020269e2d5c64aff3e6637df1d43a6fdb4941062d9a.json,2026-07-27T02:37:39.307Z,2026-07-27T02:37:39.307Z
smoke,positive,loop:fire_smoke_web_candidates_v3,images/review/eab17a03b21d0b16722b5f90.jpg,pass,YES,1,1,/home/admin1/jgzj/.runtime/yolo_loop/datasets/fire_smoke_web_candidates_v3/images/review/eab17a03b21d0b16722b5f90.jpg,.runtime/yolo_label_review/manual_annotations_v1/3d/3d036eb076700a6dfa16f15b17d6974a9b0ceb6ee5178267659f4f5c83357b8f.json,2026-07-27T04:29:46.783Z,2026-07-27T04:29:46.783Z
smoke,positive,loop:fire_smoke_web_candidates_v3,images/review/ebf5f096c0a0f8f14160b8f9.jpg,pass,YES,1,1,/home/admin1/jgzj/.runtime/yolo_loop/datasets/fire_smoke_web_candidates_v3/images/review/ebf5f096c0a0f8f14160b8f9.jpg,.runtime/yolo_label_review/manual_annotations_v1/80/80922e2df04de5a12566cd827e10650b85245effaa0c94ac113869fe96bb5500.json,2026-07-27T03:21:01.932Z,2026-07-27T03:21:01.932Z
smoke,positive,loop:fire_smoke_web_candidates_v3,images/review/ed61cb123fe4448735935c48.jpg,pass,YES,1,1,/home/admin1/jgzj/.runtime/yolo_loop/datasets/fire_smoke_web_candidates_v3/images/review/ed61cb123fe4448735935c48.jpg,.runtime/yolo_label_review/manual_annotations_v1/db/db2e13660ec7bead1537a961d90e7b317e66f5e84ac30fcd4b3e8c9dfffa9fdf.json,2026-07-27T03:02:17.901Z,2026-07-27T03:02:17.901Z
smoke,positive,loop:fire_smoke_web_candidates_v3,images/review/edf36680e834d6f69936d8e9.jpg,pass,YES,2,2,/home/admin1/jgzj/.runtime/yolo_loop/datasets/fire_smoke_web_candidates_v3/images/review/edf36680e834d6f69936d8e9.jpg,.runtime/yolo_label_review/manual_annotations_v1/57/57e399a8336b9b971ab0c5efaf0ef0c0e28825d32924b1c14beb5cbd6b20064d.json,2026-07-21T03:13:58.011Z,2026-07-21T03:13:58.011Z
smoke,positive,loop:fire_smoke_web_candidates_v3,images/review/ef29e6f777bb551a68fff0e1.jpg,pass,YES,1,2,/home/admin1/jgzj/.runtime/yolo_loop/datasets/fire_smoke_web_candidates_v3/images/review/ef29e6f777bb551a68fff0e1.jpg,.runtime/yolo_label_review/manual_annotations_v1/2e/2e760083db47968eab59958197212947303da93d1bf9ef4982b0106f42f1d699.json,2026-07-27T04:46:31.127Z,2026-07-27T04:46:31.127Z
smoke,positive,loop:fire_smoke_web_candidates_v3,images/review/ef58d2d10b85a7ab1ca3c48e.jpg,pass,YES,1,1,/home/admin1/jgzj/.runtime/yolo_loop/datasets/fire_smoke_web_candidates_v3/images/review/ef58d2d10b85a7ab1ca3c48e.jpg,.runtime/yolo_label_review/manual_annotations_v1/05/05059cd2e45f0d5f32eae9b22018cec8000151fb64ea9d647fff3691dd22046d.json,2026-07-21T02:12:44.595Z,2026-07-21T02:12:44.595Z
smoke,positive,loop:fire_smoke_web_candidates_v3,images/review/ef9085a17e1b7027fac9ac0b.jpg,pass,YES,1,1,/home/admin1/jgzj/.runtime/yolo_loop/datasets/fire_smoke_web_candidates_v3/images/review/ef9085a17e1b7027fac9ac0b.jpg,.runtime/yolo_label_review/manual_annotations_v1/9c/9c8dbfbca739782aea24c0e2113161f1bb417de7d82430c50fe3e6befedfb0ed.json,2026-07-21T03:15:03.380Z,2026-07-21T03:15:03.380Z
smoke,positive,loop:fire_smoke_web_candidates_v3,images/review/f1757efc2571313a193f284c.jpg,pass,YES,1,1,/home/admin1/jgzj/.runtime/yolo_loop/datasets/fire_smoke_web_candidates_v3/images/review/f1757efc2571313a193f284c.jpg,.runtime/yolo_label_review/manual_annotations_v1/27/27dfdd77f57f6b25cbed73f31435ff0be1024973adcb59ecf36d5ee12959cacb.json,2026-07-21T01:58:37.197Z,2026-07-21T01:58:37.197Z
smoke,positive,loop:fire_smoke_web_candidates_v3,images/review/f17a2c52dc978bbee6fd2f3e.jpg,pass,YES,1,2,/home/admin1/jgzj/.runtime/yolo_loop/datasets/fire_smoke_web_candidates_v3/images/review/f17a2c52dc978bbee6fd2f3e.jpg,.runtime/yolo_label_review/manual_annotations_v1/ca/caa162ea0c0bc6acf4f17721c7d1e98bfdb7b2d69d599be617260154d37212e7.json,2026-07-27T03:03:59.219Z,2026-07-27T03:03:59.219Z
smoke,positive,loop:fire_smoke_web_candidates_v3,images/review/f529c2960b063638067a726c.jpg,pass,YES,1,2,/home/admin1/jgzj/.runtime/yolo_loop/datasets/fire_smoke_web_candidates_v3/images/review/f529c2960b063638067a726c.jpg,.runtime/yolo_label_review/manual_annotations_v1/6d/6d829fd02771da917fa70ad6803792599457a6204447ffcafa5e5fa3c0253968.json,2026-07-27T04:27:55.967Z,2026-07-27T04:27:55.967Z
smoke,positive,loop:fire_smoke_web_candidates_v3,images/review/f5fb4468a379e93f2235bf34.jpg,pass,YES,1,1,/home/admin1/jgzj/.runtime/yolo_loop/datasets/fire_smoke_web_candidates_v3/images/review/f5fb4468a379e93f2235bf34.jpg,.runtime/yolo_label_review/manual_annotations_v1/47/4718f93471d9ebee09014ca4ca981e710e92dfb0225d10fb01339e033c95b5b4.json,2026-07-27T04:30:40.919Z,2026-07-27T04:30:40.919Z
smoke,positive,loop:fire_smoke_web_candidates_v3,images/review/f62ccc5485cdc6b41c350964.jpg,pass,YES,1,1,/home/admin1/jgzj/.runtime/yolo_loop/datasets/fire_smoke_web_candidates_v3/images/review/f62ccc5485cdc6b41c350964.jpg,.runtime/yolo_label_review/manual_annotations_v1/22/2205335b0885b36c39edbb614d4820dcd7c706bd95ea3d6e020694e29e73ee77.json,2026-07-21T02:32:02.726Z,2026-07-21T02:32:02.726Z
smoke,positive,loop:fire_smoke_web_candidates_v3,images/review/f6d1614b7bab3676241282ee.jpg,pass,YES,1,1,/home/admin1/jgzj/.runtime/yolo_loop/datasets/fire_smoke_web_candidates_v3/images/review/f6d1614b7bab3676241282ee.jpg,.runtime/yolo_label_review/manual_annotations_v1/ce/ce16681d496cd4b698728000fefbfb0e8d147bc009bdbcd0921f56a5fa064b5c.json,2026-07-21T02:29:56.518Z,2026-07-21T02:29:56.518Z
smoke,positive,loop:fire_smoke_web_candidates_v3,images/review/f6ef485412779df1936b3aaf.jpg,pass,YES,1,1,/home/admin1/jgzj/.runtime/yolo_loop/datasets/fire_smoke_web_candidates_v3/images/review/f6ef485412779df1936b3aaf.jpg,.runtime/yolo_label_review/manual_annotations_v1/56/5690da952f795f90b5e37893c8995ea6503be18c27ea93d98539e41f0488941f.json,2026-07-21T01:57:12.774Z,2026-07-21T01:57:12.774Z
smoke,positive,loop:fire_smoke_web_candidates_v3,images/review/f7f40f461fa397cbfab61bab.jpg,pass,YES,1,1,/home/admin1/jgzj/.runtime/yolo_loop/datasets/fire_smoke_web_candidates_v3/images/review/f7f40f461fa397cbfab61bab.jpg,.runtime/yolo_label_review/manual_annotations_v1/1e/1eb3bde949502269d188bce2d2ce90c93998c8124bdfeff8072d0795fc09b79a.json,2026-07-21T02:26:08.912Z,2026-07-21T02:26:08.912Z
smoke,positive,loop:fire_smoke_web_candidates_v3,images/review/f8f3f7794c5cfce3b33a85f4.jpg,pass,YES,1,1,/home/admin1/jgzj/.runtime/yolo_loop/datasets/fire_smoke_web_candidates_v3/images/review/f8f3f7794c5cfce3b33a85f4.jpg,.runtime/yolo_label_review/manual_annotations_v1/9e/9ef245ded62e1195e365d25e518d562d4da118050472b9473ed6e5f8ab2c6fe4.json,2026-07-27T04:44:38.050Z,2026-07-27T04:44:38.050Z
smoke,positive,loop:fire_smoke_web_candidates_v3,images/review/f92e8e2ec2d96eca11fec5f8.jpg,pass,YES,1,1,/home/admin1/jgzj/.runtime/yolo_loop/datasets/fire_smoke_web_candidates_v3/images/review/f92e8e2ec2d96eca11fec5f8.jpg,.runtime/yolo_label_review/manual_annotations_v1/df/dfda62fcff234e8ea6ded64b40a6646fa6b5c1414b47fdce76f3a201c6b8b1a3.json,2026-07-21T02:32:20.134Z,2026-07-21T02:32:20.134Z
smoke,positive,loop:fire_smoke_web_candidates_v3,images/review/faac7ebe3c0aeef47fb36c29.jpg,pass,YES,3,3,/home/admin1/jgzj/.runtime/yolo_loop/datasets/fire_smoke_web_candidates_v3/images/review/faac7ebe3c0aeef47fb36c29.jpg,.runtime/yolo_label_review/manual_annotations_v1/f5/f5620cf68b91ddbb35eb7bcc4bf9661c3c68fe2591f5f005d9dcdb81f62a0970.json,2026-07-21T03:03:37.667Z,2026-07-21T03:03:37.667Z
smoke,positive,loop:fire_smoke_web_candidates_v3,images/review/fae10af0ff172393c7053da5.jpg,pass,YES,1,1,/home/admin1/jgzj/.runtime/yolo_loop/datasets/fire_smoke_web_candidates_v3/images/review/fae10af0ff172393c7053da5.jpg,.runtime/yolo_label_review/manual_annotations_v1/2f/2f7d8b2347198d76f120a993d31cd9f65b0d4a237cb56472cb99bcde9ea9322a.json,2026-07-27T03:01:49.515Z,2026-07-27T03:01:49.515Z
smoke,positive,loop:fire_smoke_web_candidates_v3,images/review/fca1e5040af67300f89de559.jpg,pass,YES,1,1,/home/admin1/jgzj/.runtime/yolo_loop/datasets/fire_smoke_web_candidates_v3/images/review/fca1e5040af67300f89de559.jpg,.runtime/yolo_label_review/manual_annotations_v1/0e/0ef24b5802a2e93db0efc638235d184e18f3cc8215a229330c603b47875b4ac7.json,2026-07-21T02:08:42.813Z,2026-07-21T02:08:42.813Z
smoke,positive,loop:fire_smoke_web_candidates_v3,images/review/fe1f3fb6af10e742d219ed47.jpg,pass,YES,1,2,/home/admin1/jgzj/.runtime/yolo_loop/datasets/fire_smoke_web_candidates_v3/images/review/fe1f3fb6af10e742d219ed47.jpg,.runtime/yolo_label_review/manual_annotations_v1/0c/0c244629ea7aa1d3ee4744787716e92620ef52842ad419104ffdb0822be37d39.json,2026-07-27T02:34:08.304Z,2026-07-27T02:34:08.304Z
smoke,positive,loop:fire_smoke_web_candidates_v3,images/review/febcf34359192becdae3b585.jpg,pass,YES,1,1,/home/admin1/jgzj/.runtime/yolo_loop/datasets/fire_smoke_web_candidates_v3/images/review/febcf34359192becdae3b585.jpg,.runtime/yolo_label_review/manual_annotations_v1/29/298743b6169d7525b0f36de84e5bbeca5e9ff91cdd214f648f39da4ac25ffa52.json,2026-07-27T04:42:27.014Z,2026-07-27T04:42:27.014Z
